id,authorName,postDate,votes,content
3520191,,2026-09-02 23:41:57.577000,1,"<p>i suggest you go through ultra api. there are many track post processing tools. try to 
1) use some opensource cell instance segmentation to get instance labels
2) use it as input to ultrack
3) then use ultrack to link
4) use post processing tools to correct /TrackEdit</p>
<p>make some manual annotations to appreciate the problems of ultrack and what can be solved by post processing.
Do it a few rounds and i think you can discover improvement points and how to get more data</p>"
3518452,,2026-08-31 00:29:58.710000,5,"<p>did you move to something else (instance seg, a different backbone)? Trying to figure out if the jump is a detection-layer change or all in the linker/divisions. Thanks!</p>"
3519339,,2026-09-01 15:05:12.047000,0,"<p>Hello. I don’t really understand what’s going on here and how it works; I’d like to know whether you focus on PROXY_SCORE when submitting work for review? I’m just playing around with the parameters, and sometimes LB improves when PROXY_SCORE increases, and sometimes the opposite happens&nbsp;—&nbsp;it’s unclear what to go by. There was a moment when PROXY_SCORE was 0.943+.</p>"
3519474,,2026-09-01 19:25:05.637000,1,"<p>The local proxy is scored against sparse ground truth (only a fraction of cells/frames are annotated), while the LB is scored against dense labels. The key consequence: the proxy barely penalizes over-detection. So any change that adds volume — more candidate detections, looser linking, recall-oriented tweaks — can push PROXY_SCORE up while quietly adding false positives that the dense LB does punish. But a proxy gain does not guarantee an LB gain, so don't chase proxy peaks. </p>"
3520194,,2026-09-02 23:44:50.487000,1,"<p>Thanks for the reply. I checked the forum and competition webpage, but where is it mentioned that "" LB is scored against dense labels. "" I think all are using sparse labels like the downloaded train?</p>"
3518704,,2026-08-31 15:02:43.280000,0,
