threshold,frames,n_gt_sparse,n_pred,n_matched,precision_sparse,recall_sparse,f1_sparse,pred_per_frame,gt_per_frame
0.1,240,2067,38272,1860,0.0485994983277592,0.8998548621190131,0.09221844864771066,159.46666666666667,8.6125
0.15,240,2067,33372,1769,0.05300851012825123,0.8558297048863086,0.09983351674708654,139.05,8.6125
0.2,240,2067,28678,1682,0.05865123090871051,0.8137397194000967,0.10941616523011871,119.49166666666666,8.6125
0.25,240,2067,24029,1562,0.06500478588372384,0.7556845670053217,0.11971183323114654,100.12083333333334,8.6125
0.3,240,2067,18944,1396,0.07369087837837837,0.6753749395258829,0.13288277568892484,78.93333333333334,8.6125
0.4,240,2067,9133,811,0.08879886127230921,0.3923560716013546,0.14482142857142855,38.05416666666667,8.6125
0.5,240,2067,1337,113,0.08451757666417352,0.05466860183841316,0.06639247943595769,5.570833333333334,8.6125
0.6,240,2067,9,1,0.1111111111111111,0.0004837929366231253,0.0009633911368015414,0.0375,8.6125
0.7,240,2067,1,0,0.0,0.0,nan,0.004166666666666667,8.6125
0.8,240,2067,0,0,nan,0.0,nan,0.0,8.6125
