epoch,train_loss,val_loss,score,minutes
1.0,0.022144948769474048,0.04543608233022193,-0.04543608233022193,2.199280043443044
2.0,0.012330461980414216,0.04500306242456039,-0.04500306242456039,1.797789708773295
3.0,0.011799895174188859,0.0586809820185105,-0.0586809820185105,1.6032307982444762
4.0,0.011476309244785257,0.054760302106539406,-0.054760302106539406,1.6818153341611226
5.0,0.011178732419654995,0.05843058104316393,-0.05843058104316393,1.7075184384981792
6.0,0.010956794229600378,0.07076734925309817,-0.07076734925309817,1.7021010994911194
7.0,0.010716540088954693,0.06942991687295337,-0.06942991687295337,1.7090533256530762
8.0,0.010538000735372456,0.07875870478649934,-0.07875870478649934,1.6083988507588705
9.0,0.010394996499877658,0.09019877039827406,-0.09019877039827406,1.6235949993133545
10.0,0.010306250862462597,0.09939008004342516,-0.09939008004342516,1.6713743329048156
11.0,0.0101794430874351,0.09023228101432323,-0.09023228101432323,1.6278907219568888
12.0,0.010072855084037475,0.10158633425210913,-0.10158633425210913,1.5861198703447978
13.0,0.009995430018092078,0.10801545111462474,-0.10801545111462474,1.60587873061498
14.0,0.009904888230176677,0.12268245732411742,-0.12268245732411742,1.8341252565383912
15.0,0.009843050982584959,0.1304054162465036,-0.1304054162465036,1.6001989285151164
16.0,0.00979180989691543,0.12381667038425803,-0.12381667038425803,1.6204238176345824
17.0,0.009698035512858926,0.14095683597649136,-0.14095683597649136,1.598910963535309
18.0,0.009673149255864733,0.11870106154431899,-0.11870106154431899,1.5658764282862345
19.0,0.009604697806869742,0.1264887104431788,-0.1264887104431788,1.5755314310391744
20.0,0.009537512570229435,0.15781257580965757,-0.15781257580965757,1.6480535666147869
21.0,0.009480795307821166,0.16054556906844178,-0.16054556906844178,1.6197100281715393
22.0,0.009443138554841196,0.16354319375629225,-0.16354319375629225,1.60545045932134
23.0,0.009400563536113262,0.12068869266659021,-0.12068869266659021,1.5724095582962037
24.0,0.009326351105145321,0.14995809582372507,-0.14995809582372507,1.6040653586387634
25.0,0.009317113378930517,0.17633683451761803,-0.17633683451761803,1.5956055045127868
26.0,0.009332654561148956,0.16061155032366514,-0.16061155032366514,1.6725560506184896
27.0,0.009201890086809694,0.18847504816949368,-0.18847504816949368,1.612839146455129
28.0,0.00918319950043853,0.17748016181091467,-0.17748016181091467,1.6182700951894124
29.0,0.009137163178361784,0.20088904847701392,-0.20088904847701392,1.5978008349736532
30.0,0.009136736693452238,0.17748743140449127,-0.17748743140449127,1.6071515878041585
31.0,0.009068777690838754,0.19658119045197964,-0.19658119045197964,1.6376992543538411
32.0,0.009075103550761318,0.1696432363241911,-0.1696432363241911,1.6125047326087951
33.0,0.008987808219358526,0.20013849375148615,-0.20013849375148615,1.6522783557573955
34.0,0.008957635550728269,0.1943417660271128,-0.1943417660271128,1.589397406578064
35.0,0.00895503809101888,0.21161765512079,-0.21161765512079,1.5302351276079813
36.0,0.008927810653207219,0.13145604341601333,-0.13145604341601333,1.4999187032381693
37.0,0.008850890261840562,0.19700787713130316,-0.19700787713130316,1.516247602303823
38.0,0.008835806021559145,0.19037313355753818,-0.19037313355753818,1.5184496959050497
39.0,0.0087692281084454,0.20285820960998535,-0.20285820960998535,1.5398499766985576
40.0,0.008769130185854764,0.1964484785373012,-0.1964484785373012,1.6922998348871867
41.0,0.00876156319255798,0.2388933515176177,-0.2388933515176177,2.0643612861633303
42.0,0.008688180399313988,0.22109410477181277,-0.22109410477181277,1.6372458418210347
43.0,0.008678406889409851,0.20702730119228363,-0.20702730119228363,1.4978803873062134
44.0,0.00866590746781193,0.20552678126841784,-0.20552678126841784,1.5670984705289206
45.0,0.00858485622164743,0.23250144782165685,-0.23250144782165685,1.703779673576355
46.0,0.008548127070802415,0.21949914935976267,-0.21949914935976267,1.7364100853602091
47.0,0.00856745995655614,0.23234344646334648,-0.23234344646334648,1.6642953952153523
48.0,0.008536796796351654,0.22168340161442757,-0.22168340161442757,1.6887464483579
49.0,0.008487554277012309,0.2582693013052146,-0.2582693013052146,1.6705182671546936
50.0,0.008457368326547497,0.1771823257828752,-0.1771823257828752,1.630962069829305
51.0,0.00850215982719165,0.23609218808511892,-0.23609218808511892,1.611468462149302
52.0,0.008413961856743438,0.2448328360915184,-0.2448328360915184,1.5774800459543863
53.0,0.008379782522506258,0.2369566736742854,-0.2369566736742854,1.5745798150698345
54.0,0.008411781844024354,0.24154912618299326,-0.24154912618299326,1.6102802276611328
55.0,0.008317966440216394,0.23982407556225857,-0.23982407556225857,1.5792897860209147
56.0,0.00832240055273245,0.2436961435402433,-0.2436961435402433,1.5535651246706645
57.0,0.008299137335606254,0.20708928412447372,-0.20708928412447372,1.571077783902486
58.0,0.008282221222101283,0.25120556851228076,-0.25120556851228076,1.5837766647338867
59.0,0.00827398968924483,0.24409126366178194,-0.24409126366178194,1.572832735379537
60.0,0.00820643072297612,0.2335792218024532,-0.2335792218024532,1.5730135361353557
61.0,0.008241671439562295,0.2285647684087356,-0.2285647684087356,1.6102322498957315
62.0,0.0082547091926146,0.2318546405682961,-0.2318546405682961,1.6657524625460307
63.0,0.008164782786316046,0.24295274261385202,-0.24295274261385202,1.6287561496098837
64.0,0.008232806496183714,0.24722824587176243,-0.24722824587176243,1.6103421688079833
65.0,0.008176487951533164,0.23983218427747488,-0.23983218427747488,1.6149149815241495
66.0,0.008125648796841552,0.2412035378317038,-0.2412035378317038,1.6314224123954773
67.0,0.008174672817469466,0.24497915090372166,-0.24497915090372166,1.5899657090504964
68.0,0.008147830032661708,0.2143754797677199,-0.2143754797677199,1.5634538332621257
69.0,0.008091910252177686,0.2346881441771984,-0.2346881441771984,1.5659285982449849
70.0,0.008085467582589502,0.22759429334352413,-0.22759429334352413,1.5780136148134867
71.0,0.008079871372739272,0.23166307931145033,-0.23166307931145033,1.6024211128552754
72.0,0.008090619826091555,0.2367750620469451,-0.2367750620469451,1.6297890464464824
73.0,0.008094673437225792,0.22285566882540783,-0.22285566882540783,1.6332624594370524
74.0,0.008110495113771878,0.2222074413051208,-0.2222074413051208,1.6077131430308025
75.0,0.008036849653214082,0.22263090778142214,-0.22263090778142214,1.600659199555715
76.0,0.008039445553115476,0.23862087974945703,-0.23862087974945703,1.6179555932680765
77.0,0.008072718283893575,0.26189265089730424,-0.26189265089730424,1.617300283908844
78.0,0.008063757873133983,0.24549833871424198,-0.24549833871424198,1.6131973703702291
79.0,0.008019968957759792,0.25673154431084794,-0.25673154431084794,1.6320648670196534
80.0,0.00805375283688353,0.2131700525060296,-0.2131700525060296,1.649354879061381
81.0,0.007995128218894237,0.24325429803381363,-0.24325429803381363,1.6973885854085287
82.0,0.007996721129480598,0.24522758492579064,-0.24522758492579064,1.6159927487373351
83.0,0.0080278964558782,0.23904590588063002,-0.23904590588063002,1.606310764948527
84.0,0.008005056859031823,0.22450186405330896,-0.22450186405330896,1.6103434920310975
85.0,0.007986310415855097,0.26472426888843376,-0.26472426888843376,1.644710373878479
86.0,0.007974768207966443,0.18260132723177472,-0.18260132723177472,1.6458733121554057
87.0,0.008039774732383152,0.2377848650018374,-0.2377848650018374,1.6269728899002076
88.0,0.007979294029012037,0.2521940323834618,-0.2521940323834618,1.633980929851532
89.0,0.007928190318666197,0.2522411374375224,-0.2522411374375224,1.692346493403117
90.0,0.007997058515766266,0.21309581181655327,-0.21309581181655327,1.6155633886655172
91.0,0.007977118757333153,0.24571941699832678,-0.24571941699832678,1.6301794370015463
92.0,0.007952838775078842,0.2439502483854691,-0.2439502483854691,1.6214137593905131
93.0,0.007977488173301928,0.22589144203811884,-0.22589144203811884,1.6872915228207905
94.0,0.007981122798351403,0.21935627019653717,-0.21935627019653717,1.6583129644393921
95.0,0.007934406710167726,0.24959262336293855,-0.24959262336293855,1.6479573686917623
96.0,0.007937078293138142,0.2454581568017602,-0.2454581568017602,1.6220573703447978
97.0,0.00795686608631382,0.2239402448758483,-0.2239402448758483,1.6321401556332906
98.0,0.00795059304407521,0.24465301943322024,-0.24465301943322024,1.745660622914632
99.0,0.007902497338626097,0.2574176524455349,-0.2574176524455349,1.6709700147310893
100.0,0.007952509485688564,0.24764877340445915,-0.24764877340445915,1.6480822443962098
101.0,0.007953193501216939,0.18845208765317997,-0.18845208765317997,1.6834044019381205
102.0,0.007922994176624343,0.24808429647237062,-0.24808429647237062,1.6778916279474894
103.0,0.007960788070524178,0.23027324800690016,-0.23027324800690016,1.6602067470550537
104.0,0.007916695156988377,0.22860186360776424,-0.22860186360776424,1.6424569288889568
105.0,0.007927033875078836,0.23961633474876484,-0.23961633474876484,1.6366019288698832
106.0,0.007883373948405622,0.2610268338272969,-0.2610268338272969,1.614800222714742
107.0,0.007935853446110126,0.2509297952055931,-0.2509297952055931,1.6477216919263205
108.0,0.007890772398536068,0.251012419971327,-0.251012419971327,1.6677223722139993
109.0,0.007901585237689418,0.24941660619030395,-0.24941660619030395,1.6595331708590189
110.0,0.007920954891413383,0.22931957617402077,-0.22931957617402077,1.6228799978892008
111.0,0.007879816019553103,0.27762572777767974,-0.27762572777767974,1.6322480996449789
112.0,0.007898877170576656,0.2237955400099357,-0.2237955400099357,1.652545694510142
113.0,0.007896438484323455,0.24565610972543558,-0.24565610972543558,1.692806355158488
114.0,0.007891878784846028,0.24651217429588237,-0.24651217429588237,1.6648393511772155
115.0,0.007884223477811099,0.21104896379013857,-0.21104896379013857,1.6477000077565511
116.0,0.007891102891277967,0.25237696214268607,-0.25237696214268607,1.7108068863550823
117.0,0.007957247249480034,0.22434839544196924,-0.22434839544196924,1.7290681680043538
118.0,0.007888986531126959,0.2408892468859752,-0.2408892468859752,1.750338093439738
119.0,0.00784847424848022,0.2682896104330818,-0.2682896104330818,1.7177692333857217
120.0,0.007936793338582927,0.25177576175580424,-0.25177576175580424,1.7448719302813211
121.0,0.007871500201217059,0.25538204486171406,-0.25538204486171406,1.7226004004478455
122.0,0.007839743398771798,0.2618730974694093,-0.2618730974694093,1.7207947532335917
123.0,0.00793382858092947,0.24132398733248314,-0.24132398733248314,1.7064515074094138
124.0,0.007858042484086409,0.2581844438488285,-0.2581844438488285,1.7312318682670593
125.0,0.007829409627152633,0.2691860478371382,-0.2691860478371382,1.7245709458986918
126.0,0.007916801029382073,0.21275184893359742,-0.21275184893359742,1.7743490894635519
127.0,0.007880329715794892,0.2603302672505379,-0.2603302672505379,1.7760942022005717
128.0,0.007841672645808357,0.26159675419330597,-0.26159675419330597,1.7965872764587403
129.0,0.007818099712404457,0.2625669836997986,-0.2625669836997986,1.8242417097091674
130.0,0.00787592704013527,0.235259254463017,-0.235259254463017,1.8679600516955057
131.0,0.007892781421138384,0.252974865026772,-0.252974865026772,1.8809984803199769
132.0,0.007877074536785635,0.2519950211669008,-0.2519950211669008,1.8513277173042297
133.0,0.00789309008758062,0.2515453739712636,-0.2515453739712636,1.857469097773234
134.0,0.007821269293246488,0.25875674343357485,-0.25875674343357485,1.8804372350374858
135.0,0.007798585121473717,0.28001882197956246,-0.28001882197956246,1.8667412598927815
136.0,0.007907846415528675,0.2259175687407454,-0.2259175687407454,1.8701579173405964
137.0,0.007889714423957205,0.2387160286307335,-0.2387160286307335,1.8528741280237833
138.0,0.007841182484601935,0.25145422977705795,-0.25145422977705795,1.872452481587728
139.0,0.007841949431888491,0.2596500863631566,-0.2596500863631566,1.843462093671163
140.0,0.007825823998926123,0.2602404858916998,-0.2602404858916998,1.8564080119132995
141.0,0.007845705347020296,0.24822072746853033,-0.24822072746853033,1.8645734389623005
142.0,0.007910409048178678,0.23771644166360298,-0.23771644166360298,1.9151301304499309
143.0,0.007828946506682163,0.2588361880431573,-0.2588361880431573,1.9314668973286946
144.0,0.007829883669425422,0.1740033052240809,-0.1740033052240809,1.9120512127876281
145.0,0.0078834863510696,0.23143992573022842,-0.23143992573022842,1.9177592555681864
146.0,0.007861383805976476,0.2465194339553515,-0.2465194339553515,1.9262856602668763
147.0,0.007815002649917628,0.24795294801394144,-0.24795294801394144,1.9007680694262186
148.0,0.007786819745150923,0.2657539506132404,-0.2657539506132404,1.9078562657038372
149.0,0.007865298004256695,0.21259666606783867,-0.21259666606783867,1.8770971735318502
150.0,0.007887509480267679,0.238813281369706,-0.238813281369706,1.8470823923746744
151.0,0.007835123671988563,0.24095619035263857,-0.24095619035263857,1.8663149396578471
152.0,0.007826052481300189,0.25065266620367765,-0.25065266620367765,1.8607396403948466
153.0,0.007789823638279461,0.2595759794736902,-0.2595759794736902,1.835539170106252
154.0,0.007862355127177612,0.24435463237265745,-0.24435463237265745,1.839784065882365
155.0,0.007837995203255952,0.253396602657934,-0.253396602657934,1.8507625102996825
156.0,0.007855513553409878,0.2573168833429615,-0.2573168833429615,1.8623627265294393
157.0,0.007805323293264788,0.25165984376023215,-0.25165984376023215,1.8289490024248758
158.0,0.007854228219445291,0.24866744534422955,-0.24866744534422955,1.8055501619974772
159.0,0.007816959284969631,0.23871238995343447,-0.23871238995343447,1.80443647702535
160.0,0.007845224560655837,0.24417915722976127,-0.24417915722976127,1.8278767903645834
161.0,0.007820318581752462,0.25438690061370534,-0.25438690061370534,1.8576967398325601
162.0,0.007799741931612024,0.26504666606585187,-0.26504666606585187,1.8428810119628907
163.0,0.00787822254052436,0.223010305625697,-0.223010305625697,1.8311777671178182
164.0,0.007852300851310074,0.2341523931051294,-0.2341523931051294,1.8527661522229513
165.0,0.007813068128270642,0.25574244496723014,-0.25574244496723014,1.8826341907183328
166.0,0.007828614111047925,0.2602641802902023,-0.2602641802902023,1.8657845894495646
167.0,0.00782500566371406,0.26581459647665423,-0.26581459647665423,1.8562276721000672
168.0,0.00782177468126237,0.2719948533922434,-0.2719948533922434,2.0123546838760378
169.0,0.007849813434756823,0.2581632323563099,-0.2581632323563099,1.984681487083435
170.0,0.00779629813120197,0.26003431373586255,-0.26003431373586255,2.0082738717397053
171.0,0.007804907282850043,0.25795266932497424,-0.25795266932497424,1.984410079320272
172.0,0.007805345819891758,0.2600441826507449,-0.2600441826507449,1.8783121347427367
173.0,0.007818959893549684,0.26247000104437274,-0.26247000104437274,1.5406834602355957
174.0,0.007812744600914402,0.2554299949357907,-0.2554299949357907,1.8748782634735108
175.0,0.007850974109674056,0.2453712886199355,-0.2453712886199355,1.4914812803268434
176.0,0.007797343888464761,0.27065443837394315,-0.27065443837394315,1.6933488408724466
177.0,0.00782203400425764,0.2624598303809762,-0.2624598303809762,1.553252879778544
178.0,0.00782073327200697,0.2650550960873564,-0.2650550960873564,1.746501886844635
179.0,0.0077974114088270275,0.2639882763226827,-0.2639882763226827,1.5598570028940837
180.0,0.007785510130463638,0.2711609974503517,-0.2711609974503517,1.601159397761027
181.0,0.00787139432279284,0.24862642927716175,-0.24862642927716175,1.6164663195610047
182.0,0.007819942247986727,0.26239987059185904,-0.26239987059185904,1.5758696715037028
183.0,0.007830436239601113,0.21984106271217266,-0.21984106271217266,1.602847448984782
184.0,0.007829713268595672,0.2507634060457349,-0.2507634060457349,1.5651576399803162
185.0,0.0077981524914607974,0.2738986710707347,-0.2738986710707347,1.6178513566652934
186.0,0.007839527056890179,0.2589285019785166,-0.2589285019785166,1.5868586540222167
187.0,0.007786176202300651,0.26774385819832486,-0.26774385819832486,1.5919909000396728
188.0,0.007768782785713991,0.27722371990482014,-0.27722371990482014,1.5739189704259238
189.0,0.007755020007214232,0.27780050163467723,-0.27780050163467723,1.5939488569895426
190.0,0.007756768313245973,0.2885187541445096,-0.2885187541445096,1.5893762191136678
191.0,0.007899639047766189,0.2460861640671889,-0.2460861640671889,1.5681657830874125
192.0,0.00780839907547652,0.26265287833909196,-0.26265287833909196,1.5682589173316956
193.0,0.007790101345194303,0.23076058086007833,-0.23076058086007833,1.5734623551368714
194.0,0.007842388485457647,0.2561898212879896,-0.2561898212879896,1.5576021949450174
195.0,0.007787232778322471,0.2687706711391608,-0.2687706711391608,1.5732232014338174
196.0,0.007810464198858402,0.2267126189544797,-0.2267126189544797,1.5666134436925252
197.0,0.007815975031966495,0.2663821006814639,-0.2663821006814639,1.5413571874300638
198.0,0.007773184006182091,0.27441487306108076,-0.27441487306108076,1.5410462975502015
199.0,0.007760070302882357,0.2778945950170358,-0.2778945950170358,1.550611098607381
200.0,0.007847495014707951,0.2764802447830637,-0.2764802447830637,1.576159930229187
201.0,0.007816416871899672,0.25637888970474404,-0.25637888970474404,1.623401661713918
202.0,0.007781237197844815,0.2782545356700818,-0.2782545356700818,1.5897085229555765
203.0,0.007772339373692736,0.27951544740547735,-0.27951544740547735,1.587709633509318
204.0,0.0077576586671974845,0.2879526869704326,-0.2879526869704326,1.5753910938898723
205.0,0.007805220707506361,0.2883387816449006,-0.2883387816449006,1.5492950598398845
206.0,0.007837882979934497,0.25469640269875526,-0.25469640269875526,1.534088941415151
207.0,0.007807212120586973,0.2771025424202283,-0.2771025424202283,1.5756449898084004
208.0,0.007770515396259725,0.2849565527091424,-0.2849565527091424,1.5560805360476175
209.0,0.007755569721412685,0.28457513141135377,-0.28457513141135377,1.5556776960690817
210.0,0.007746970034015642,0.29211075603961945,-0.29211075603961945,1.5576256235440573
211.0,0.007747347944632155,0.28516729672749835,-0.28516729672749835,1.5676841537157695
212.0,0.007848209499849242,0.2388405092060566,-0.2388405092060566,1.5636332869529723
213.0,0.007814246055466618,0.2619866415237387,-0.2619866415237387,1.5810954451560975
214.0,0.007767738651186395,0.27685539859036606,-0.27685539859036606,1.596438729763031
215.0,0.007750763753187834,0.27856617234647274,-0.27856617234647274,1.5784667650858561
216.0,0.007745335058430797,0.28255146959175664,-0.28255146959175664,1.5495367685953776
217.0,0.007874082295152752,0.24669123720377684,-0.24669123720377684,1.5881682276725768
218.0,0.007779322411479043,0.269111478390793,-0.269111478390793,1.5872199694315592
219.0,0.007752092310797994,0.2765365084633231,-0.2765365084633231,1.613225781917572
220.0,0.0077452322018232095,0.28184686166544753,-0.28184686166544753,1.593224251270294
221.0,0.007738760976395612,0.28298450106134015,-0.28298450106134015,1.5701386372248332
222.0,0.007837664300307363,0.2249860471735398,-0.2249860471735398,1.5653757611910502
223.0,0.007816264901529401,0.25570906698703766,-0.25570906698703766,1.5688361803690591
224.0,0.007760088483861706,0.27835703392823535,-0.27835703392823535,1.5756344715754191
225.0,0.007759421020809158,0.28178992588073015,-0.28178992588073015,1.5740044474601746
226.0,0.007740988682689112,0.28541765672465164,-0.28541765672465164,1.5665538430213928
227.0,0.007859636126201483,0.21881814673542976,-0.21881814673542976,1.5888012607892354
228.0,0.007808418150284319,0.245682416173319,-0.245682416173319,1.576751979192098
229.0,0.007773613964148739,0.2664726817359527,-0.2664726817359527,1.5773735920588174
230.0,0.007750674745021807,0.26730618160218,-0.26730618160218,1.5966548919677734
231.0,0.007741286205117348,0.27368872333317995,-0.27368872333317995,1.5881173292795816
232.0,0.007743035167034061,0.27728149574249983,-0.27728149574249983,1.5749855796496073
233.0,0.0077397482538373455,0.28090842130283517,-0.28090842130283517,1.5718733588854472
234.0,0.007859859926791795,0.25301074360807735,-0.25301074360807735,1.5650262554486594
235.0,0.00780926318000163,0.26753007744749385,-0.26753007744749385,1.5466525634129842
236.0,0.007781846804973284,0.23415228134642044,-0.23415228134642044,1.5528221607208252
237.0,0.007790602275866781,0.23834196757525206,-0.23834196757525206,1.5346204916636148
238.0,0.007788940630423174,0.2765572831655542,-0.2765572831655542,1.52600945631663
239.0,0.007774332763211852,0.2833395032212138,-0.2833395032212138,1.5648752212524415
240.0,0.00781772710851746,0.26202118831376237,-0.26202118831376237,1.5396695017814637
241.0,0.007810024909050044,0.23655359664311013,-0.23655359664311013,1.5460687756538392
242.0,0.007779793830343044,0.26884868027021486,-0.26884868027021486,1.5693942507108052
243.0,0.00776047802604693,0.2837289286156495,-0.2837289286156495,1.535627003510793
244.0,0.0077424067917368,0.2913024580727021,-0.2913024580727021,1.5504668037096658
245.0,0.007738773695556111,0.29063830338418484,-0.29063830338418484,1.5288194139798483
246.0,0.007739050066578915,0.2699889938036601,-0.2699889938036601,1.562035079797109
247.0,0.007868974496346168,0.2852380921443303,-0.2852380921443303,1.546243170897166
248.0,0.007788509349412125,0.25797326024621725,-0.25797326024621725,1.5627240141232808
249.0,0.007779300024078504,0.28633290839691955,-0.28633290839691955,1.536887232462565
250.0,0.007756554956473452,0.2884795094529788,-0.2884795094529788,1.5293964425722757
251.0,0.007741475101038058,0.28965529675285023,-0.28965529675285023,1.5511155168215434
252.0,0.00773604439103741,0.29327423063417274,-0.29327423063417274,1.5637002468109131
253.0,0.007739021620075512,0.29405617838104564,-0.29405617838104564,1.569538958867391
254.0,0.0077422890594010954,0.2928888574242592,-0.2928888574242592,1.5807727297147116
255.0,0.007875836284166236,0.228359488149484,-0.228359488149484,1.5512389183044433
256.0,0.00783162955315322,0.2635096463685234,-0.2635096463685234,1.5807820518811544
257.0,0.007780917757872475,0.2740318290889263,-0.2740318290889263,1.571077553431193
258.0,0.007761950893427228,0.27263217729826766,-0.27263217729826766,1.5864721298217774
259.0,0.007783361978310806,0.2633620159079631,-0.2633620159079631,1.6118010481198628
260.0,0.007773484869258109,0.2836525117357572,-0.2836525117357572,1.5828043659528097
261.0,0.007750026314563395,0.2811731615414222,-0.2811731615414222,1.5879761497179667
262.0,0.007741224732845686,0.28870847386618453,-0.28870847386618453,1.5690036018689473
263.0,0.007827881276597025,0.2857614041616519,-0.2857614041616519,1.598183564345042
264.0,0.007813760819624656,0.28065991525848705,-0.28065991525848705,1.5878349900245667
265.0,0.007765805098618305,0.28324380827446777,-0.28324380827446777,1.6011973063151042
266.0,0.00775972529925901,0.29128813619414967,-0.29128813619414967,1.564823857943217
267.0,0.0077442978112853495,0.2920929516355197,-0.2920929516355197,1.5583242932955423
268.0,0.007742373392600482,0.2927170265465975,-0.2927170265465975,1.5774814208348593
269.0,0.00773358010023052,0.28968479732672375,-0.28968479732672375,1.5660500526428223
270.0,0.007832579344861326,0.24713223986327648,-0.24713223986327648,1.6559632778167725
271.0,0.007792703180179537,0.2702182823171218,-0.2702182823171218,1.5795339584350585
272.0,0.007769964252827219,0.2736074775457382,-0.2736074775457382,1.5474120179812114
273.0,0.007786305660333669,0.2704263875881831,-0.2704263875881831,1.605606214205424
274.0,0.007760994988997039,0.28831134426097077,-0.28831134426097077,1.6381678064664205
275.0,0.007742419335749923,0.2866364537427823,-0.2866364537427823,1.5928829709688823
276.0,0.007738407566222605,0.2866410631686449,-0.2866410631686449,1.5979945063591003
277.0,0.007738272906469836,0.29170523521800834,-0.29170523521800834,1.5750814914703368
278.0,0.007824189864992592,0.26585118596752483,-0.26585118596752483,1.5823786894480387
279.0,0.007817626581265096,0.2687843792761366,-0.2687843792761366,1.5898186882336935
280.0,0.007766435133489394,0.28063503094017506,-0.28063503094017506,1.5764321446418763
281.0,0.007745604294295599,0.2843434251844883,-0.2843434251844883,1.5633084019025167
282.0,0.0077384713473981495,0.28806240173677605,-0.28806240173677605,1.5866828401883444
283.0,0.007736422483618413,0.2879635598510504,-0.2879635598510504,1.5940110286076863
284.0,0.00780424738626902,0.2390746104841431,-0.2390746104841431,1.5716293970743815
285.0,0.007787934234255698,0.2720851994430025,-0.2720851994430025,1.5905397137006123
286.0,0.007750256994407758,0.27975186084707576,-0.27975186084707576,1.5582746068636577
287.0,0.0077414975962014285,0.28810353328784305,-0.28810353328784305,1.5719868659973144
288.0,0.007733898424293829,0.28876375531156856,-0.28876375531156856,1.5493956724802653
289.0,0.007757006463728979,0.22903994160393873,-0.22903994160393873,1.5522215366363525
290.0,0.00783975694857135,0.2598432144150138,-0.2598432144150138,1.5764406283696493
291.0,0.0077667110090915885,0.27811731211841106,-0.27811731211841106,1.5579183260599772
292.0,0.007743088723194937,0.28801197682817775,-0.28801197682817775,1.548560897509257
293.0,0.007735532266140269,0.2912023688356082,-0.2912023688356082,1.5260865211486816
294.0,0.007746490797757901,0.29130295167366665,-0.29130295167366665,1.5111211697260538
295.0,0.007780913729220629,0.2505087048436205,-0.2505087048436205,1.533525788784027
296.0,0.00780399974046468,0.26696913099537295,-0.26696913099537295,1.5519358197848
297.0,0.007754590145735959,0.28785530664026737,-0.28785530664026737,1.678541632493337
298.0,0.0077403224532719,0.2921742045631011,-0.2921742045631011,1.5555564761161804
299.0,0.0077325131847451834,0.2950960298379262,-0.2950960298379262,1.553392767906189
300.0,0.007733414394556553,0.2948256079107523,-0.2948256079107523,1.6050825119018555
301.0,0.007731002268826103,0.2990115011731784,-0.2990115011731784,1.5817919691403708
302.0,0.007862099064335748,0.2533981188510855,-0.2533981188510855,1.54590638478597
303.0,0.007781495778299113,0.28551854255298775,-0.28551854255298775,1.5359537243843078
304.0,0.007755695996640317,0.297939067085584,-0.297939067085584,1.572189215819041
305.0,0.007740155557487244,0.3017199983199437,-0.3017199983199437,1.5566229621569316
306.0,0.00773664872525973,0.2983074119935433,-0.2983074119935433,1.5559844255447388
307.0,0.007730584425132235,0.30069868452847004,-0.30069868452847004,1.5549684882164
308.0,0.007732552257817457,0.3039697054773569,-0.3039697054773569,1.5489495913187663
309.0,0.007823094069592756,0.2844183165580034,-0.2844183165580034,1.5705175081888834
310.0,0.007818740943073388,0.27636379562318325,-0.27636379562318325,1.594810458024343
311.0,0.0077587833535240815,0.2929092366248369,-0.2929092366248369,1.6066676378250122
312.0,0.007746251070817413,0.28694663134713966,-0.28694663134713966,1.5803212205568948
313.0,0.00779946446119858,0.251825583477815,-0.251825583477815,1.6039500753084819
314.0,0.007785304762823675,0.2593836147959034,-0.2593836147959034,1.5573710719744365
315.0,0.007756391147005808,0.2674723106125991,-0.2674723106125991,1.5374305884043376
316.0,0.007741303271498649,0.28032197058200836,-0.28032197058200836,1.5485874613126118
317.0,0.007734958276987445,0.2840580803652604,-0.2840580803652604,1.5670347174008687
318.0,0.007736326643918129,0.2862345886727174,-0.2862345886727174,1.6321565826733908
319.0,0.007733854655803576,0.291173592209816,-0.291173592209816,1.5695761640866597
320.0,0.007786959889271456,0.2664021064216892,-0.2664021064216892,1.5707925279935202
321.0,0.007808455332394203,0.2888883783792456,-0.2888883783792456,1.5834697882334392
322.0,0.007764997962350445,0.27391000743955374,-0.27391000743955374,1.5700366218884787
323.0,0.00776918800463816,0.281180069471399,-0.281180069471399,1.5839710593223573
324.0,0.007777740580275202,0.2811461500823498,-0.2811461500823498,1.598097531000773
325.0,0.007746445761022351,0.29065458849072456,-0.29065458849072456,1.5565112988154093
326.0,0.007736857763915281,0.2785366661846638,-0.2785366661846638,1.5473179380098978
327.0,0.007750166936668458,0.28482504685719806,-0.28482504685719806,1.5204370498657227
328.0,0.007859972919660478,0.28621269141634303,-0.28621269141634303,1.5211958527565002
329.0,0.007775114971655631,0.2719016584257285,-0.2719016584257285,1.5079270482063294
330.0,0.007750706812199038,0.28994534102578956,-0.28994534102578956,1.5031079610188802
331.0,0.007739387840391262,0.2928542879720529,-0.2928542879720529,1.5330424149831137
332.0,0.007735157340108459,0.2971502182384332,-0.2971502182384332,1.5638378779093425
333.0,0.007731660712837569,0.29915320811172325,-0.29915320811172325,1.5923045555750528
334.0,0.007734899130531352,0.3000892872611682,-0.3000892872611682,1.5550098776817323
335.0,0.007738232034728401,0.29945158213377,-0.29945158213377,1.5558369716008504
336.0,0.00784631118598931,0.28555816784501076,-0.28555816784501076,1.557268222173055
337.0,0.00777254821910934,0.2891780311862628,-0.2891780311862628,1.5897937893867493
338.0,0.00774892662056126,0.29668890809019405,-0.29668890809019405,1.6040628711382547
339.0,0.007737445300507888,0.3002825702230136,-0.3002825702230136,1.5849044958750407
340.0,0.007734640417536636,0.3016057573258877,-0.3016057573258877,1.603530971209208
341.0,0.007731366835205254,0.3026148813466231,-0.3026148813466231,1.5805686116218567
342.0,0.007730504519910224,0.3026960088560979,-0.3026960088560979,1.6031331340471904
343.0,0.0077406882286398995,0.305667029072841,-0.305667029072841,1.5998406648635863
344.0,0.007813962071825675,0.2765865462521712,-0.2765865462521712,1.5656400839487712
345.0,0.007756716941707759,0.2832923252135515,-0.2832923252135515,1.576932700475057
346.0,0.00773770477610162,0.29218326198558014,-0.29218326198558014,1.5796621918678284
347.0,0.007732491306530581,0.2985273152589798,-0.2985273152589798,1.5742199301719666
348.0,0.0077358469067336484,0.2990657525757949,-0.2990657525757949,1.604246481259664
349.0,0.007728334718964876,0.3032715202619632,-0.3032715202619632,1.614261551698049
350.0,0.007732979943063362,0.3038557010392348,-0.3038557010392348,1.6101514538129171
351.0,0.007737936924771733,0.3093010199566682,-0.3093010199566682,1.5911221027374267
352.0,0.007849207458003458,0.2846089092393716,-0.2846089092393716,1.6177230636278788
353.0,0.007779567743528861,0.2849072879180312,-0.2849072879180312,1.6394469141960144
354.0,0.007749126659840479,0.3022857929269473,-0.3022857929269473,1.6068655967712402
355.0,0.007736210119522487,0.30276401589314145,-0.30276401589314145,1.5802357514699301
356.0,0.007732022486035587,0.30465880408883095,-0.30465880408883095,1.5834508856137595
357.0,0.007729439767023029,0.30649660093088943,-0.30649660093088943,1.5641333262125652
358.0,0.007733269473737072,0.3027176217486461,-0.3027176217486461,1.559201435248057
359.0,0.007787250629982802,0.23697540070861578,-0.23697540070861578,1.5853366454442341
360.0,0.007798430331571547,0.28500978493442136,-0.28500978493442136,1.597330113252004
361.0,0.007748316919173089,0.297150897483031,-0.297150897483031,1.5981796463330586
362.0,0.007734328072606209,0.29809452158709365,-0.29809452158709365,1.6063779989878337
363.0,0.00772874699569903,0.2991491761058569,-0.2991491761058569,1.6143568992614745
364.0,0.007728989851563489,0.29965840590496856,-0.29965840590496856,1.5997620900472005
365.0,0.007732860951397048,0.30275564081966877,-0.30275564081966877,1.6169875383377075
366.0,0.007732037850105003,0.3088129876802365,-0.3088129876802365,1.6201324144999185
367.0,0.007812670725691426,0.2865606031070153,-0.2865606031070153,1.6150850375493369
368.0,0.007768384927043666,0.31315987805525464,-0.31315987805525464,1.5916456659634908
369.0,0.0077387694657994185,0.3175394597152869,-0.3175394597152869,1.605523975690206
370.0,0.007732051752165782,0.31852029139796895,-0.31852029139796895,1.591105306148529
371.0,0.007734174707742945,0.3164242325971524,-0.3164242325971524,1.5992389798164368
372.0,0.007729779383553578,0.31858911241094273,-0.31858911241094273,1.5993752559026082
373.0,0.007792012364318309,0.22708989214152098,-0.22708989214152098,1.6151512344678243
374.0,0.0077781742947335515,0.29934860828022164,-0.29934860828022164,1.614267877737681
375.0,0.007740136073652638,0.31893909225861233,-0.31893909225861233,1.5923313577969869
376.0,0.007731640372930833,0.31982089579105377,-0.31982089579105377,1.5995397845904031
377.0,0.007726996529297819,0.31643246424694854,-0.31643246424694854,1.599761168162028
378.0,0.007728187365746881,0.3146190873036782,-0.3146190873036782,1.5852583050727844
379.0,0.007729854654711629,0.317624656483531,-0.317624656483531,1.6156723618507385
380.0,0.007729766951236236,0.3178610373288393,-0.3178610373288393,1.592778201897939
381.0,0.007796748658497441,0.2761966623365879,-0.2761966623365879,1.5812020738919577
382.0,0.00778839133914795,0.30619512125849724,-0.30619512125849724,1.6200394908587137
383.0,0.007746769082816402,0.3137681297957897,-0.3137681297957897,1.592742955684662
384.0,0.007737432719525034,0.3177089324841897,-0.3177089324841897,1.5851485093434652
385.0,0.00773058654171486,0.31439846009016037,-0.31439846009016037,1.6040484189987183
386.0,0.007730402368611681,0.3170010428875685,-0.3170010428875685,1.6086695233980814
387.0,0.00772968120191263,0.3188915364444256,-0.3188915364444256,1.6152405500411988
388.0,0.007729899030187176,0.32000535167753696,-0.32000535167753696,1.6087769150733948
389.0,0.007788962254962498,0.29667642526328564,-0.29667642526328564,1.6143080314000449
390.0,0.007794588773305788,0.3028057279686133,-0.3028057279686133,1.6080586870511373
391.0,0.00774644884917474,0.3049324043095112,-0.3049324043095112,1.626574734846751
392.0,0.0077344095626759955,0.3077399302273989,-0.3077399302273989,1.62573588291804
393.0,0.007732997518368401,0.3106810823082924,-0.3106810823082924,1.6183353424072267
394.0,0.007726351111216957,0.31151037228604156,-0.31151037228604156,1.5951112985610962
395.0,0.007729296045228923,0.3112861855576436,-0.3112861855576436,1.607981805006663
396.0,0.007779499030302841,0.27502201683819294,-0.27502201683819294,1.5966466148694356
397.0,0.007769104896159423,0.3008276491115491,-0.3008276491115491,1.6204830686251321
398.0,0.00777679495054595,0.30475774469474953,-0.30475774469474953,1.5904492219289144
399.0,0.007768594347588667,0.30359775573015213,-0.30359775573015213,1.5675591627756755
400.0,0.007740224684066315,0.3080705584337314,-0.3080705584337314,1.5747283021608989
401.0,0.007732455164292693,0.31068455924590427,-0.31068455924590427,1.6052261432011923
402.0,0.0077313576309222245,0.3116113804280758,-0.3116113804280758,1.5959609508514405
403.0,0.007732423885016459,0.31187020738919574,-0.31187020738919574,1.6108756939570108
404.0,0.007727972671509141,0.31310040814181167,-0.31310040814181167,1.5950015823046366
405.0,0.007738824271196332,0.31648908493419486,-0.31648908493419486,1.5965936740239461
406.0,0.007743836026051425,0.3201004657894373,-0.3201004657894373,1.5852691451708476
407.0,0.007833742336023951,0.2649108994131287,-0.2649108994131287,1.6083113551139832
408.0,0.00775833607025692,0.29306625326474506,-0.29306625326474506,1.5871613343556723
409.0,0.00773899599926563,0.298998998478055,-0.298998998478055,1.6179564436276754
410.0,0.007732572493894311,0.3065457722793023,-0.3065457722793023,1.5846093734105429
411.0,0.007727464830119012,0.31081906395653885,-0.31081906395653885,1.5927383661270142
412.0,0.007729768548013961,0.3118355094144742,-0.3118355094144742,1.6311326026916504
413.0,0.007727297437996058,0.3127504251897335,-0.3127504251897335,1.5917181213696798
414.0,0.007731157539203671,0.3128863424062729,-0.3128863424062729,1.6161421298980714
415.0,0.007731310685001616,0.31574371332923573,-0.31574371332923573,1.59336017370224
416.0,0.007765739244778079,0.2738301536689202,-0.2738301536689202,1.594582458337148
417.0,0.007827305369213357,0.25975745047132176,-0.25975745047132176,1.6087104717890421
418.0,0.0077628368330355906,0.2802155114089449,-0.2802155114089449,1.6381199995676676
419.0,0.00774316338068168,0.2966398485004902,-0.2966398485004902,1.6473137418429056
420.0,0.007734242235446718,0.2996422350406647,-0.2996422350406647,1.6109936594963075
421.0,0.007733792415295669,0.3042469210922718,-0.3042469210922718,1.6326887687047322
422.0,0.0077291150136351554,0.3061782115449508,-0.3061782115449508,1.611084798971812
423.0,0.007725278370245989,0.3096517752856016,-0.3096517752856016,1.6315760930379233
424.0,0.007730254687123453,0.30944585986435413,-0.30944585986435413,1.6594205300013225
425.0,0.007759730795950016,0.289107463012139,-0.289107463012139,1.6014378348986307
426.0,0.007822330355715544,0.2728662835434079,-0.2728662835434079,1.6328283270200095
427.0,0.007752148129585039,0.2948875067134698,-0.2948875067134698,1.644529434045156
428.0,0.007738896079260755,0.29964907467365265,-0.29964907467365265,1.611302089691162
429.0,0.007733536498497349,0.30398344434797764,-0.30398344434797764,1.5984209656715394
430.0,0.007728256177689947,0.3073318724830945,-0.3073318724830945,1.5919642210006715
431.0,0.007785443420289084,0.2933389786630869,-0.2933389786630869,1.629624863465627
432.0,0.007770275579647975,0.3196862501402696,-0.3196862501402696,1.6077754656473795
433.0,0.007747607122108273,0.3125222399830818,-0.3125222399830818,1.6403513113657633
434.0,0.007734482475506091,0.316053935016195,-0.316053935016195,1.6038744449615479
435.0,0.00773025657756145,0.3146811289091905,-0.3146811289091905,1.5693705280621846
436.0,0.007727516344947707,0.3121886942535639,-0.3121886942535639,1.5790165702501933
437.0,0.007727572832729558,0.31392471740643185,-0.31392471740643185,1.6182515660921732
438.0,0.0077347569526823425,0.3147828585157792,-0.3147828585157792,1.596929959456126
439.0,0.007741325168067019,0.32968539868791896,-0.32968539868791896,1.5666115721066793
440.0,0.007817882779400443,0.23341515505065522,-0.23341515505065522,1.626686962445577
441.0,0.007769922216145976,0.2951758708804846,-0.2951758708804846,1.5801729679107666
442.0,0.0077419317342384995,0.30312207465370494,-0.30312207465370494,1.5746186931928
443.0,0.007731934076202362,0.304157009969155,-0.304157009969155,1.6230796058972676
444.0,0.007731460263482756,0.3063069960723321,-0.3063069960723321,1.6202959577242533
445.0,0.007730384729330655,0.3015522249042988,-0.3015522249042988,1.617880884806315
446.0,0.0077408263775748665,0.29551950097084045,-0.29551950097084045,1.6187877535820008
447.0,0.007828860996219723,0.24678797305872044,-0.24678797305872044,1.6932185451189676
448.0,0.007752902276954522,0.2791563623274366,-0.2791563623274366,1.6675213932991029
449.0,0.007735808552997942,0.28963716762761277,-0.28963716762761277,1.6565890272458395
450.0,0.007733960104749647,0.2971689651409785,-0.2971689651409785,1.6795066992441814
451.0,0.007728085217070304,0.299081290140748,-0.299081290140748,1.663923700650533
452.0,0.0077269221136875045,0.30174454053243,-0.30174454053243,1.667388419310252
453.0,0.0077286414767464475,0.30453342323501903,-0.30453342323501903,1.6286507606506349
454.0,0.007775651004431803,0.25665249302983284,-0.25665249302983284,1.620820665359497
455.0,0.007787278682929002,0.2949763002494971,-0.2949763002494971,1.6812435269355774
456.0,0.00775774373612073,0.3084996212273836,-0.3084996212273836,1.7392000555992126
457.0,0.00773631287728193,0.31541144226988155,-0.31541144226988155,1.656928249200185
458.0,0.007729363822806123,0.31656575202941895,-0.31656575202941895,1.6390572746594747
459.0,0.007730329088575148,0.3158780249456565,-0.3158780249456565,1.6797155181566874
460.0,0.007724838444741804,0.3161679655313492,-0.3161679655313492,1.6763556599617004
461.0,0.007726026516326972,0.31739990909894306,-0.31739990909894306,1.6507168650627135
462.0,0.00772558366549453,0.31724551568428677,-0.31724551568428677,1.6400052269299825
463.0,0.007732953070264377,0.31569281592965126,-0.31569281592965126,1.6513524492581686
464.0,0.007791281193243088,0.29799618323644,-0.29799618323644,1.678267236550649
465.0,0.007780523664477441,0.32024805682400864,-0.32024805682400864,1.6496088306109111
466.0,0.007742165760892267,0.3209691134591897,-0.3209691134591897,1.6404083053270975
467.0,0.007733604098829601,0.3234954575697581,-0.3234954575697581,1.6404011368751525
468.0,0.0077274713588161145,0.3219043364127477,-0.3219043364127477,1.6540093938509624
469.0,0.007731043930566106,0.32321894479294616,-0.32321894479294616,1.6361565152804056
470.0,0.007728327808771618,0.3217825684696436,-0.3217825684696436,1.6665637532869975
471.0,0.007728755394382788,0.3239531560490529,-0.3239531560490529,1.624718193213145
472.0,0.007731631024308536,0.3231562102834384,-0.3231562102834384,1.6227786739667256
473.0,0.007732937338201933,0.3225378170609474,-0.3225378170609474,1.6287992278734842
474.0,0.00773691465430012,0.32491063823302585,-0.32491063823302585,1.6179303208986917
475.0,0.007729596686486558,0.3224485075722138,-0.3224485075722138,1.6419060309727986
476.0,0.0077304859028978126,0.32462670654058456,-0.32462670654058456,1.6424973289171854
477.0,0.007729767023864714,0.3198328763246536,-0.3198328763246536,1.6541260520617167
478.0,0.007781978342881393,0.30236024347444374,-0.30236024347444374,1.6298722187678019
479.0,0.007759314433929535,0.29582419618964195,-0.29582419618964195,1.6316369454065958
480.0,0.007752827377591349,0.2917462307959795,-0.2917462307959795,1.6425113042195638
481.0,0.007740528376506608,0.29950852630039054,-0.29950852630039054,1.63486115137736
482.0,0.007729557655627948,0.3056424216677745,-0.3056424216677745,1.6249988714853922
483.0,0.007729751590706475,0.30745781399309635,-0.30745781399309635,1.5967012524604798
484.0,0.007727803673693776,0.3097929985572894,-0.3097929985572894,1.5910865505536398
485.0,0.007725988396208499,0.31235262627402943,-0.31235262627402943,1.599987014134725
486.0,0.007724409393057949,0.3132185582071543,-0.3132185582071543,1.6014311114947002
487.0,0.007756179309007502,0.31116107913355034,-0.31116107913355034,1.5970769961675009
488.0,0.007780442301704137,0.2897017778207858,-0.2897017778207858,1.6381484786669414
489.0,0.007741773073395781,0.2971282334377368,-0.2971282334377368,1.622079066435496
490.0,0.007737606687802687,0.300216235841314,-0.300216235841314,1.6007251421610513
491.0,0.007728123888981671,0.30650338158011436,-0.30650338158011436,1.596163312594096
492.0,0.007726886732606553,0.311701575294137,-0.311701575294137,1.610843833287557
493.0,0.0077275253285922375,0.31228598455588025,-0.31228598455588025,1.5976262172063191
494.0,0.007761039578949462,0.20552134327590466,-0.20552134327590466,1.6336900035540263
495.0,0.007769780595071597,0.3070369493216276,-0.3070369493216276,1.6519587198893229
496.0,0.007735154324322351,0.3161017807821433,-0.3161017807821433,1.6256981054941813
497.0,0.007728671915420155,0.316146199281017,-0.316146199281017,1.6458523869514465
498.0,0.007728214220978689,0.3165334810813268,-0.3165334810813268,1.6465658307075501
499.0,0.007725204407187128,0.3156508021056652,-0.3156508021056652,1.614051055908203
500.0,0.0077227268030820835,0.31674331178267795,-0.31674331178267795,1.6046498457590739
