t,gt_src,gt_dst,p_src,p_dst,ilp_ok,rel_ok,true_dist_um,chosen_dist_um,miss_dist_um,target_crowding_um
0,0,1,64,221,True,True,2.2980970388562794,2.2980970388562794,0.0,10.277402395547233
1,1,2,221,389,True,True,2.2980970388562794,2.2980970388562794,0.0,7.44668550430324
2,2,3,389,558,True,True,2.2980970388562794,2.2980970388562794,0.0,9.475296829123613
3,3,4,558,734,False,False,6.894291116568838,5.859020822628983,11.604821196382131,8.75089281159357
3,3,5,558,743,True,True,5.859020822628983,5.859020822628983,0.0,9.884489111734608
4,4,7,734,921,True,True,2.2980970388562794,2.2980970388562794,0.0,7.267220926874317
4,5,8,743,935,True,True,2.2980970388562794,2.2980970388562794,0.0,9.334914300624297
4,6,9,832,1022,True,True,0.0,0.0,0.0,6.894291116568838
5,7,10,921,1109,True,True,2.8145825622994254,2.8145825622994254,0.0,8.75089281159357
5,8,11,935,1122,True,True,2.2980970388562794,2.2980970388562794,0.0,8.125
5,9,12,1022,1204,True,True,2.2980970388562794,2.2980970388562794,0.0,8.285906709588275
6,10,13,1109,1298,True,True,2.2980970388562794,2.2980970388562794,0.0,8.900491559458949
6,11,14,1122,1320,True,True,2.2980970388562794,2.2980970388562794,0.0,7.083210783253595
6,12,15,1204,1408,True,True,2.2980970388562794,2.2980970388562794,0.0,8.125
7,13,16,1298,1497,True,True,0.0,0.0,0.0,8.900491559458949
7,14,17,1320,1515,True,True,2.2980970388562794,2.2980970388562794,0.0,7.083210783253595
7,15,18,1408,1609,True,True,1.625,1.625,0.0,8.125
8,16,19,1497,1702,True,True,0.0,0.0,0.0,8.285906709588275
8,17,20,1515,1715,True,True,1.625,1.625,0.0,7.44668550430324
8,18,21,1609,1795,True,True,3.9804208320226646,3.9804208320226646,0.0,7.621925609713073
9,19,22,1702,1898,True,True,5.3895152843275245,5.3895152843275245,0.0,9.475296829123613
9,20,23,1715,1920,True,True,2.8145825622994254,2.8145825622994254,0.0,5.859020822628983
9,21,24,1795,2003,True,True,2.2980970388562794,2.2980970388562794,0.0,6.894291116568838
10,22,25,1898,2097,True,False,9.613629647536875,2.2980970388562794,10.900831390311474,8.900491559458949
10,24,26,2003,2196,True,False,8.285906709588275,3.9804208320226646,11.718041645257966,6.700046641628698
11,25,27,2097,2301,True,True,3.6336104634371584,3.6336104634371584,0.0,10.900831390311474
11,26,28,2196,2397,True,True,3.9804208320226646,3.9804208320226646,0.0,7.44668550430324
12,27,29,2301,2500,True,True,3.6336104634371584,3.6336104634371584,0.0,8.285906709588275
12,28,30,2397,2607,True,True,3.6336104634371584,3.6336104634371584,0.0,8.285906709588275
13,29,31,2500,2723,True,True,5.859020822628983,5.859020822628983,0.0,9.613629647536875
13,30,33,2607,2824,True,False,9.334914300624297,7.267220926874317,14.259317129512198,7.267220926874317
14,31,34,2723,2953,True,True,3.9804208320226646,3.9804208320226646,0.0,9.334914300624297
14,32,35,2751,2982,True,True,2.2980970388562794,2.2980970388562794,0.0,9.884489111734608
14,33,36,2824,3055,True,True,5.138701197773616,5.138701197773616,0.0,7.621925609713073
15,34,37,2953,3187,True,True,3.9804208320226646,3.9804208320226646,0.0,8.285906709588275
15,35,38,2982,3210,True,True,2.2980970388562794,2.2980970388562794,0.0,8.285906709588275
15,36,39,3055,3287,True,True,2.8145825622994254,2.8145825622994254,0.0,6.080193253507654
16,37,40,3187,3425,True,True,3.25,3.25,0.0,9.613629647536875
16,38,41,3210,3451,True,True,2.2980970388562794,2.2980970388562794,0.0,8.125
16,39,42,3287,3520,False,False,6.700046641628698,nan,nan,8.75089281159357
17,40,43,3425,3680,True,True,2.2980970388562794,2.2980970388562794,0.0,8.285906709588275
17,41,44,3451,3696,True,True,1.625,1.625,0.0,6.5
17,42,45,3520,3767,True,True,1.625,1.625,0.0,8.900491559458949
18,43,46,3680,3927,True,True,2.2980970388562794,2.2980970388562794,0.0,8.443747686898277
18,44,47,3696,3939,True,True,1.625,1.625,0.0,5.138701197773616
18,45,48,3767,4029,False,False,5.629165124598851,0.0,5.629165124598851,5.629165124598851
19,46,49,3927,4177,True,True,1.625,1.625,0.0,7.960841664045329
19,47,50,3939,4198,True,True,3.6336104634371584,3.6336104634371584,0.0,7.44668550430324
19,48,51,4029,4279,True,True,2.2980970388562794,2.2980970388562794,0.0,7.267220926874317
20,49,52,4177,4434,True,True,1.625,1.625,0.0,7.960841664045329
20,50,53,4198,4449,True,True,0.0,0.0,0.0,7.44668550430324
20,51,54,4279,4525,True,True,1.625,1.625,0.0,6.700046641628698
21,52,55,4434,4689,True,True,3.9804208320226646,3.9804208320226646,0.0,7.44668550430324
21,53,56,4449,4710,True,True,3.6336104634371584,3.6336104634371584,0.0,8.285906709588275
21,54,57,4525,4781,True,True,2.2980970388562794,2.2980970388562794,0.0,7.267220926874317
22,55,58,4689,4956,True,True,3.6336104634371584,3.6336104634371584,0.0,7.267220926874317
22,56,59,4710,4972,True,True,2.2980970388562794,2.2980970388562794,0.0,8.125
22,57,60,4781,5034,True,True,2.2980970388562794,2.2980970388562794,0.0,8.443747686898277
23,58,61,4956,5211,True,True,1.625,1.625,0.0,6.894291116568838
23,59,62,4972,5233,True,True,2.8145825622994254,2.8145825622994254,0.0,8.125
23,60,63,5034,5292,True,True,2.8145825622994254,2.8145825622994254,0.0,6.700046641628698
24,61,64,5211,5476,True,True,1.625,1.625,0.0,7.267220926874317
24,62,65,5233,5501,True,True,2.2980970388562794,2.2980970388562794,0.0,7.960841664045329
24,63,66,5292,5557,True,True,2.2980970388562794,2.2980970388562794,0.0,5.138701197773616
25,64,67,5476,5746,True,True,2.2980970388562794,2.2980970388562794,0.0,7.267220926874317
25,65,68,5501,5764,True,True,3.6336104634371584,3.6336104634371584,0.0,8.75089281159357
25,66,69,5557,5828,True,True,3.25,3.25,0.0,8.75089281159357
26,67,70,5746,6017,True,True,0.0,0.0,0.0,6.894291116568838
26,68,71,5764,6033,True,True,1.625,1.625,0.0,8.900491559458949
26,69,72,5828,6091,True,True,2.2980970388562794,2.2980970388562794,0.0,5.3895152843275245
27,70,73,6017,6274,True,True,3.6336104634371584,3.6336104634371584,0.0,7.621925609713073
27,71,74,6033,6307,True,True,6.080193253507654,6.080193253507654,0.0,6.700046641628698
27,72,75,6091,6359,True,True,2.8145825622994254,2.8145825622994254,0.0,7.44668550430324
28,73,76,6274,6536,True,True,2.2980970388562794,2.2980970388562794,0.0,7.267220926874317
28,74,77,6307,6571,True,True,2.2980970388562794,2.2980970388562794,0.0,6.894291116568838
28,75,78,6359,6620,True,True,3.6336104634371584,3.6336104634371584,0.0,8.900491559458949
29,76,79,6536,6801,True,True,6.5,6.5,0.0,7.267220926874317
29,77,80,6571,6836,True,True,4.875,4.875,0.0,7.44668550430324
29,78,81,6620,6891,True,True,5.138701197773616,5.138701197773616,0.0,8.443747686898277
30,79,82,6801,7069,True,True,6.080193253507654,6.080193253507654,0.0,7.960841664045329
30,80,83,6836,7099,True,True,6.080193253507654,6.080193253507654,0.0,10.277402395547233
30,81,84,6891,7154,True,False,8.285906709588275,5.859020822628983,12.481861840286488,7.44668550430324
31,82,85,7069,7338,True,True,0.0,0.0,0.0,6.894291116568838
31,83,86,7099,7371,True,True,1.625,1.625,0.0,10.017172754824587
31,84,87,7154,7422,True,True,0.0,0.0,0.0,6.700046641628698
32,85,88,7338,7606,True,True,2.2980970388562794,2.2980970388562794,0.0,7.083210783253595
32,86,89,7371,7640,True,True,5.138701197773616,5.138701197773616,0.0,9.884489111734608
32,87,90,7422,7688,True,True,3.6336104634371584,3.6336104634371584,0.0,5.3895152843275245
33,88,91,7606,7879,True,True,0.0,0.0,0.0,8.285906709588275
33,89,92,7640,7914,True,True,1.625,1.625,0.0,8.443747686898277
33,90,93,7688,7966,True,True,3.6336104634371584,3.6336104634371584,0.0,7.44668550430324
34,91,94,7879,8151,True,True,3.9804208320226646,3.9804208320226646,0.0,8.285906709588275
34,92,95,7914,8187,True,True,3.25,3.25,0.0,7.44668550430324
34,93,96,7966,8244,True,True,1.625,1.625,0.0,8.900491559458949
35,94,97,8151,8448,True,True,3.6336104634371584,3.6336104634371584,0.0,6.700046641628698
35,95,98,8187,8469,True,True,1.625,1.625,0.0,8.900491559458949
35,96,99,8244,8521,True,True,4.875,4.875,0.0,8.900491559458949
36,97,100,8448,8728,True,True,4.596194077712559,4.596194077712559,0.0,6.894291116568838
36,98,101,8469,8753,True,True,4.596194077712559,4.596194077712559,0.0,9.475296829123613
36,99,102,8521,8809,True,True,4.875,4.875,0.0,8.75089281159357
37,100,103,8728,9008,True,True,3.25,3.25,0.0,8.285906709588275
37,101,104,8753,9028,True,True,3.6336104634371584,3.6336104634371584,0.0,7.083210783253595
37,102,105,8809,9065,False,False,11.830178570080843,8.285906709588275,14.259317129512198,10.405076885828379
38,103,106,9008,9285,True,True,3.9804208320226646,3.9804208320226646,0.0,7.44668550430324
38,104,107,9028,9305,True,True,2.8145825622994254,2.8145825622994254,0.0,4.875
38,105,108,9065,9362,False,False,7.267220926874317,3.9804208320226646,8.900491559458949,8.900491559458949
39,106,109,9285,9558,True,True,3.6336104634371584,3.6336104634371584,0.0,7.267220926874317
39,107,110,9305,9570,False,False,8.285906709588275,nan,nan,10.017172754824587
39,108,111,9362,9638,True,True,5.138701197773616,5.138701197773616,0.0,7.44668550430324
40,109,112,9558,9830,True,True,4.875,4.875,0.0,7.960841664045329
40,110,113,9570,9855,True,True,1.625,1.625,0.0,8.285906709588275
40,111,114,9638,9912,True,True,2.2980970388562794,2.2980970388562794,0.0,8.75089281159357
41,112,115,9830,10108,True,True,2.8145825622994254,2.8145825622994254,0.0,7.083210783253595
41,113,116,9855,10135,True,True,1.625,1.625,0.0,8.125
41,114,117,9912,10190,True,True,2.8145825622994254,2.8145825622994254,0.0,8.900491559458949
42,115,118,10108,10377,True,True,1.625,1.625,0.0,6.894291116568838
42,116,119,10135,10404,True,True,1.625,1.625,0.0,8.125
42,117,120,10190,10458,True,True,1.625,1.625,0.0,5.859020822628983
43,118,121,10377,10643,True,True,6.700046641628698,6.700046641628698,0.0,6.080193253507654
43,119,122,10404,10667,True,True,4.875,4.875,0.0,9.475296829123613
43,120,123,10458,10717,True,True,5.138701197773616,5.138701197773616,0.0,5.859020822628983
44,121,124,10643,10893,True,True,6.700046641628698,6.700046641628698,0.0,7.083210783253595
44,122,125,10667,10919,True,False,8.285906709588275,5.138701197773616,13.201562407533435,8.285906709588275
45,124,127,10893,11068,True,True,5.138701197773616,5.138701197773616,0.0,7.267220926874317
45,125,128,10919,11090,True,False,8.285906709588275,2.2980970388562794,10.017172754824587,10.017172754824587
46,127,130,11068,11217,True,False,6.700046641628698,6.080193253507654,8.75089281159357,8.75089281159357
47,130,133,11217,11337,True,True,3.9804208320226646,3.9804208320226646,0.0,7.621925609713073
48,133,136,11337,11570,True,False,7.960841664045329,3.9804208320226646,8.285906709588275,8.285906709588275
48,134,137,11363,11588,False,True,5.859020822628983,5.859020822628983,0.0,7.267220926874317
48,135,138,11411,11638,True,False,8.443747686898277,3.9804208320226646,9.884489111734608,6.080193253507654
49,136,139,11570,11819,True,True,6.080193253507654,6.080193253507654,0.0,8.285906709588275
49,137,140,11588,11848,True,True,3.9804208320226646,3.9804208320226646,0.0,6.700046641628698
49,138,141,11638,11892,True,True,3.9804208320226646,3.9804208320226646,0.0,7.083210783253595
50,139,142,11819,12086,True,True,2.8145825622994254,2.8145825622994254,0.0,7.083210783253595
50,140,143,11848,12111,True,True,3.6336104634371584,3.6336104634371584,0.0,8.285906709588275
50,141,144,11892,12157,True,True,3.6336104634371584,3.6336104634371584,0.0,8.285906709588275
51,143,146,12111,12375,True,True,5.3895152843275245,5.3895152843275245,0.0,7.960841664045329
51,144,147,12157,12423,True,True,5.859020822628983,5.859020822628983,0.0,6.080193253507654
52,146,149,12375,12639,True,True,2.2980970388562794,2.2980970388562794,0.0,8.285906709588275
52,147,150,12423,12690,True,False,4.875,9.192388155425117,10.405076885828379,8.443747686898277
53,149,152,12639,12905,True,True,2.2980970388562794,2.2980970388562794,0.0,9.334914300624297
53,150,153,12690,12954,True,True,3.6336104634371584,3.6336104634371584,0.0,6.894291116568838
54,151,154,12878,13126,False,False,5.3895152843275245,1.625,6.080193253507654,6.080193253507654
54,152,155,12905,13165,True,True,2.8145825622994254,2.8145825622994254,0.0,6.080193253507654
54,153,156,12954,13219,True,True,2.8145825622994254,2.8145825622994254,0.0,8.285906709588275
55,154,157,13126,13389,True,True,2.2980970388562794,2.2980970388562794,0.0,7.44668550430324
55,155,158,13165,13428,True,True,2.8145825622994254,2.8145825622994254,0.0,6.894291116568838
55,156,159,13219,13483,True,True,1.625,1.625,0.0,7.083210783253595
56,157,160,13389,13657,True,True,1.625,1.625,0.0,8.125
56,158,161,13428,13692,True,True,1.625,1.625,0.0,6.894291116568838
56,159,162,13483,13745,True,True,2.2980970388562794,2.2980970388562794,0.0,8.125
57,160,163,13657,13918,True,True,1.625,1.625,0.0,8.125
57,161,164,13692,13948,True,True,1.625,1.625,0.0,6.894291116568838
57,162,165,13745,13996,True,True,3.9804208320226646,3.9804208320226646,0.0,8.900491559458949
58,163,166,13918,14185,True,True,2.8145825622994254,2.8145825622994254,0.0,7.267220926874317
58,164,167,13948,14217,True,True,3.6336104634371584,3.6336104634371584,0.0,8.285906709588275
58,165,168,13996,14259,True,True,3.25,3.25,0.0,9.613629647536875
59,166,169,14185,14446,True,True,0.0,0.0,0.0,7.267220926874317
59,167,170,14217,14475,True,True,2.2980970388562794,2.2980970388562794,0.0,7.44668550430324
59,168,171,14259,14521,True,True,1.625,1.625,0.0,9.334914300624297
60,169,172,14446,14708,True,True,2.2980970388562794,2.2980970388562794,0.0,5.859020822628983
60,170,173,14475,14744,True,True,2.2980970388562794,2.2980970388562794,0.0,5.859020822628983
60,171,174,14521,14779,True,True,3.6336104634371584,3.6336104634371584,0.0,8.285906709588275
61,172,175,14708,14978,True,True,1.625,1.625,0.0,8.125
61,173,176,14744,15007,True,True,3.6336104634371584,3.6336104634371584,0.0,6.894291116568838
61,174,177,14779,15049,True,True,2.2980970388562794,2.2980970388562794,0.0,7.083210783253595
62,175,178,14978,15233,True,True,2.2980970388562794,2.2980970388562794,0.0,7.621925609713073
62,176,179,15007,15257,True,True,2.8145825622994254,2.8145825622994254,0.0,10.900831390311474
62,177,180,15049,15310,True,True,2.2980970388562794,2.2980970388562794,0.0,7.267220926874317
63,178,181,15233,15492,True,True,2.8145825622994254,2.8145825622994254,0.0,8.443747686898277
63,179,182,15257,15513,True,True,2.2980970388562794,2.2980970388562794,0.0,10.900831390311474
63,180,183,15310,15566,True,True,2.8145825622994254,2.8145825622994254,0.0,10.900831390311474
64,181,184,15492,15741,True,True,2.2980970388562794,2.2980970388562794,0.0,8.75089281159357
64,182,185,15513,15757,True,True,2.2980970388562794,2.2980970388562794,0.0,9.613629647536875
64,183,186,15566,15804,True,True,2.2980970388562794,2.2980970388562794,0.0,9.192388155425117
65,184,187,15741,15984,True,True,0.0,0.0,0.0,8.285906709588275
65,185,188,15757,15999,True,True,1.625,1.625,0.0,8.900491559458949
65,186,189,15804,16043,True,True,1.625,1.625,0.0,10.405076885828379
66,187,190,15984,16229,True,True,3.6336104634371584,3.6336104634371584,0.0,8.125
66,188,191,15999,16242,True,True,3.9804208320226646,3.9804208320226646,0.0,8.125
66,189,192,16043,16286,True,True,3.6336104634371584,3.6336104634371584,0.0,8.75089281159357
67,190,193,16229,16473,True,True,2.2980970388562794,2.2980970388562794,0.0,8.125
67,191,194,16242,16489,True,True,2.8145825622994254,2.8145825622994254,0.0,10.65583760199075
67,192,195,16286,16541,True,True,3.6336104634371584,3.6336104634371584,0.0,8.900491559458949
68,193,196,16473,16714,True,True,2.2980970388562794,2.2980970388562794,0.0,8.285906709588275
68,194,197,16489,16732,True,True,3.9804208320226646,3.9804208320226646,0.0,11.02128622257856
68,195,198,16541,16781,True,True,3.6336104634371584,3.6336104634371584,0.0,6.700046641628698
69,196,199,16714,16943,True,True,2.8145825622994254,2.8145825622994254,0.0,7.960841664045329
69,197,200,16732,16968,True,True,1.625,1.625,0.0,11.490485194281398
69,198,201,16781,17012,True,True,1.625,1.625,0.0,8.285906709588275
70,199,202,16943,17165,True,True,1.625,1.625,0.0,7.44668550430324
70,200,203,16968,17194,True,True,2.2980970388562794,2.2980970388562794,0.0,9.75
70,201,204,17012,17229,True,True,2.2980970388562794,2.2980970388562794,0.0,8.443747686898277
71,202,205,17165,17396,True,True,6.700046641628698,6.700046641628698,0.0,8.75089281159357
71,203,206,17194,17414,True,True,1.625,1.625,0.0,10.405076885828379
71,204,207,17229,17446,True,True,0.0,0.0,0.0,7.44668550430324
72,205,208,17396,17621,True,True,3.25,3.25,0.0,5.138701197773616
72,206,209,17414,17629,True,True,2.8145825622994254,2.8145825622994254,0.0,5.138701197773616
72,207,210,17446,17661,True,True,2.2980970388562794,2.2980970388562794,0.0,9.475296829123613
73,208,211,17621,17829,True,True,1.625,1.625,0.0,8.75089281159357
73,209,212,17629,17845,True,True,2.2980970388562794,2.2980970388562794,0.0,8.75089281159357
73,210,213,17661,17877,True,True,0.0,0.0,0.0,9.334914300624297
74,211,214,17829,18044,True,True,3.6336104634371584,3.6336104634371584,0.0,8.285906709588275
74,212,215,17845,18061,True,True,4.875,4.875,0.0,8.443747686898277
74,213,216,17877,18099,True,True,2.2980970388562794,2.2980970388562794,0.0,8.443747686898277
75,214,217,18044,18269,True,True,0.0,0.0,0.0,3.6336104634371584
75,215,218,18061,18288,True,True,2.8145825622994254,2.8145825622994254,0.0,6.700046641628698
75,216,219,18099,18317,True,True,3.25,3.25,0.0,8.443747686898277
76,217,220,18269,18494,False,False,4.875,nan,nan,7.267220926874317
76,218,221,18288,18506,True,True,3.6336104634371584,3.6336104634371584,0.0,7.267220926874317
76,219,222,18317,18541,True,True,6.894291116568838,6.894291116568838,0.0,12.481861840286488
77,220,223,18494,18717,True,True,3.6336104634371584,3.6336104634371584,0.0,8.75089281159357
77,221,224,18506,18730,True,True,1.625,1.625,0.0,9.475296829123613
77,222,225,18541,18762,True,True,2.8145825622994254,2.8145825622994254,0.0,10.017172754824587
78,223,226,18717,18943,True,True,3.6336104634371584,3.6336104634371584,0.0,7.44668550430324
78,224,227,18730,18955,True,True,3.9804208320226646,3.9804208320226646,0.0,7.44668550430324
78,225,228,18762,18984,True,True,3.6336104634371584,3.6336104634371584,0.0,11.375
79,226,229,18943,19144,False,False,8.285906709588275,2.2980970388562794,9.75,6.894291116568838
79,227,230,18955,19167,True,True,3.25,3.25,0.0,5.3895152843275245
79,228,231,18984,19196,True,True,2.2980970388562794,2.2980970388562794,0.0,10.531203634912773
80,229,232,19144,19356,True,True,2.8145825622994254,2.8145825622994254,0.0,4.875
80,230,233,19167,19376,True,True,2.2980970388562794,2.2980970388562794,0.0,6.700046641628698
80,231,234,19196,19404,True,True,1.625,1.625,0.0,5.629165124598851
81,232,235,19356,19567,True,True,1.625,1.625,0.0,8.285906709588275
81,233,236,19376,19589,True,True,2.2980970388562794,2.2980970388562794,0.0,8.125
81,234,237,19404,19610,True,True,2.2980970388562794,2.2980970388562794,0.0,6.700046641628698
82,235,238,19567,19774,True,True,3.9804208320226646,3.9804208320226646,0.0,7.083210783253595
82,236,239,19589,19794,True,True,2.2980970388562794,2.2980970388562794,0.0,8.125
82,237,240,19610,19818,True,True,1.625,1.625,0.0,6.080193253507654
83,238,241,19774,19976,True,True,2.8145825622994254,2.8145825622994254,0.0,6.080193253507654
83,239,242,19794,19997,True,True,1.625,1.625,0.0,9.613629647536875
83,240,243,19818,20017,True,True,3.6336104634371584,3.6336104634371584,0.0,6.894291116568838
84,241,244,19976,20176,True,True,3.9804208320226646,3.9804208320226646,0.0,6.700046641628698
84,242,245,19997,20194,True,True,1.625,1.625,0.0,9.884489111734608
84,243,246,20017,20229,False,False,8.125,2.2980970388562794,6.700046641628698,6.700046641628698
85,244,247,20176,20371,True,True,2.2980970388562794,2.2980970388562794,0.0,7.083210783253595
85,245,248,20194,20394,True,True,4.596194077712559,4.596194077712559,0.0,6.894291116568838
85,246,249,20229,20419,False,False,3.9804208320226646,nan,nan,9.613629647536875
86,247,250,20371,20574,True,True,1.625,1.625,0.0,7.960841664045329
86,248,251,20394,20598,True,True,1.625,1.625,0.0,5.138701197773616
86,249,252,20419,20616,True,True,3.9804208320226646,3.9804208320226646,0.0,8.443747686898277
87,250,253,20574,20775,True,True,1.625,1.625,0.0,7.960841664045329
87,251,254,20598,20800,True,True,1.625,1.625,0.0,6.700046641628698
87,252,255,20616,20814,True,True,1.625,1.625,0.0,11.830178570080843
88,253,256,20775,20976,True,True,1.625,1.625,0.0,7.44668550430324
88,254,257,20800,20997,True,True,2.2980970388562794,2.2980970388562794,0.0,6.700046641628698
88,255,258,20814,21015,True,True,0.0,0.0,0.0,12.481861840286488
89,256,259,20976,21168,True,True,2.2980970388562794,2.2980970388562794,0.0,9.334914300624297
89,257,260,20997,21188,True,True,1.625,1.625,0.0,5.138701197773616
89,258,261,21015,21205,True,True,2.2980970388562794,2.2980970388562794,0.0,11.02128622257856
90,259,262,21168,21360,True,True,2.8145825622994254,2.8145825622994254,0.0,9.475296829123613
90,260,263,21188,21380,True,True,1.625,1.625,0.0,5.138701197773616
91,262,264,21360,21545,True,True,2.2980970388562794,2.2980970388562794,0.0,9.613629647536875
91,263,265,21380,21565,True,True,2.8145825622994254,2.8145825622994254,0.0,5.138701197773616
92,264,266,21545,21728,True,True,2.2980970388562794,2.2980970388562794,0.0,10.017172754824587
92,265,267,21565,21749,True,True,2.8145825622994254,2.8145825622994254,0.0,5.138701197773616
93,266,268,21728,21910,True,True,0.0,0.0,0.0,8.75089281159357
93,267,269,21749,21933,True,True,2.2980970388562794,2.2980970388562794,0.0,7.44668550430324
94,268,270,21910,22089,True,True,3.6336104634371584,3.6336104634371584,0.0,9.613629647536875
94,269,271,21933,22112,True,True,2.2980970388562794,2.2980970388562794,0.0,6.700046641628698
95,270,272,22089,22256,True,True,2.2980970388562794,2.2980970388562794,0.0,10.277402395547233
95,271,273,22112,22268,False,False,6.5,nan,nan,10.65583760199075
96,272,274,22256,22418,True,True,2.8145825622994254,2.8145825622994254,0.0,8.900491559458949
96,273,275,22268,22431,True,True,1.625,1.625,0.0,10.531203634912773
97,274,276,22418,22571,True,True,2.8145825622994254,2.8145825622994254,0.0,9.475296829123613
97,275,277,22431,22580,True,True,2.2980970388562794,2.2980970388562794,0.0,9.475296829123613
98,276,278,22571,22715,True,True,2.8145825622994254,2.8145825622994254,0.0,8.900491559458949
98,277,279,22580,22725,True,True,3.25,3.25,0.0,9.334914300624297
