film,fold,gt,blocked,d_thief,d_true,d_pc,d_pq,d_cq,n_orphans
44b6_12dfb391,44b6,608,daughter held by a WRONG parent,5.138701197773616,5.3895152843275245,,,,
44b6_267148e4,44b6,3,PROPOSED,,,5.859020822628983,6.894291116568838,11.604821196382131,15.0
44b6_2a2eff9f,44b6,12,daughter held by a WRONG parent,1.625,11.258330249197702,,,,
44b6_341df25f,44b6,12,PROPOSED,,,3.9804208320226646,7.267220926874317,11.02128622257856,5.0
6bba_062c8d37,6bba,827,PROPOSED,,,3.9804208320226646,5.629165124598851,9.475296829123613,2.0
6bba_07e24132,6bba,300,daughter held by a WRONG parent,2.8145825622994254,11.02128622257856,,,,
6bba_07e24132,6bba,324,GATE: diverge 1.9,,,5.3895152843275245,5.138701197773616,8.75089281159357,39.0
6bba_085bf656,6bba,1189,daughter not detected,,,,,,
6bba_09961292,6bba,626,daughter not detected,,,,,,
6bba_09961292,6bba,1022,PROPOSED,,,3.9804208320226646,2.8145825622994254,5.859020822628983,10.0
6bba_09961292,6bba,1143,daughter held by a WRONG parent,3.6336104634371584,6.700046641628698,,,,
6bba_09961292,6bba,1945,daughter not detected,,,,,,
