label,score,adjJ,J,mult,ratio,below_nest,orphan_pct,44b6_score,6bba_score
baseline,0.8104743678635461,0.8104743678635461,0.8336950643038259,0.9704069185826254,1.2458243592279394,23,9.33343204894379,0.8198113021331926,0.80876658791712
prune isolated,0.8230377403680367,0.8230377403680367,0.8428509938681475,0.9747904059765184,1.2045017886793181,29,6.891479919095245,0.8322452786378569,0.8213550080170088
prune + minlen6,0.8447763203527608,0.8447763203527608,0.8532000713903266,0.9888307965586436,1.0703780348783494,60,4.340600704210697,0.8509364832266086,0.8436489740247588
gap8,0.8104743678635461,0.8104743678635461,0.8336950643038259,0.9704069185826254,1.2458243592279394,23,9.33343204894379,0.8198113021331926,0.80876658791712
gap8 + prune + minlen6,0.8447763203527608,0.8447763203527608,0.8532000713903266,0.9888307965586436,1.0703780348783494,60,4.340600704210697,0.8509364832266086,0.8436489740247588
gap10 + prune + minlen6,0.8447763203527608,0.8447763203527608,0.8532000713903266,0.9888307965586436,1.0703780348783494,60,4.340600704210697,0.8509364832266086,0.8436489740247588
gap12 + prune + minlen6,0.8447763203527608,0.8447763203527608,0.8532000713903266,0.9888307965586436,1.0703780348783494,60,4.340600704210697,0.8509364832266086,0.8436489740247588
gap10 + prune + minlen4,0.8379664231532251,0.8379664231532251,0.8519341961330283,0.9821020842932486,1.1352873572736635,35,5.18915267611359,0.8459487719131028,0.8365080152963958
gap10 + prune + minlen8,0.8453925701254752,0.8453925701254752,0.8484618088181499,0.9953437154019008,1.0077549480508317,90,3.776849667230906,0.8529939941338703,0.8439995724833004
