film,fold,thief_dist,thief_prob,true_dist,wrong,pass_
44b6_12dfb391,44b6,9.334914207458496,0.025511404499411583,6.080193253507654,True,relaxed
44b6_267148e4,44b6,4.596194267272949,0.4710121154785156,9.613629647536875,True,tight
44b6_2a2eff9f,44b6,1.625,0.9258756041526794,10.405076885828379,True,tight
44b6_587a1e22,44b6,5.13870096206665,0.9634711742401123,10.900831390311474,True,tight
44b6_5f15d135,44b6,3.9804208278656006,0.5285804271697998,8.125,True,tight
44b6_74d0c52e,44b6,1.625,0.6587262749671936,12.268480957314969,True,tight
44b6_a21120c2,44b6,8.900491714477539,0.014859084039926529,6.080193253507654,True,relaxed
44b6_aaf8b0ea,44b6,1.625,0.9561048746109009,10.779030568655049,True,tight
44b6_c50204e0,44b6,8.750892639160156,0.07565926760435104,5.859020822628983,True,relaxed
44b6_c8e2a523,44b6,1.625,0.72719407081604,10.900831390311474,True,tight
44b6_d5e7d891,44b6,9.613629341125488,0.03161270543932915,6.700046641628698,True,relaxed
44b6_d754aa59,44b6,7.446685314178467,0.06324616074562073,6.700046641628698,True,relaxed
44b6_deabac95,44b6,3.25,0.6980845928192139,8.75089281159357,True,tight
44b6_e28840c6,44b6,9.334914207458496,0.018455559387803078,4.875,True,relaxed
44b6_e28840c6,44b6,1.625,0.7933314442634583,6.894291116568838,True,tight
44b6_eb2880fc,44b6,2.2980971336364746,0.7849071621894836,12.691655723348314,True,tight
6bba_05db0fb1,6bba,1.625,0.7032083868980408,6.894291116568838,True,tight
6bba_05db0fb1,6bba,1.625,0.9497408866882324,10.900831390311474,True,tight
6bba_05db0fb1,6bba,0.0,0.8655690550804138,6.080193253507654,True,tight
6bba_062c8d37,6bba,9.613629341125488,0.010412929579615593,7.621925609713073,True,relaxed
6bba_07e24132,6bba,1.625,0.534129798412323,8.285906709588275,True,tight
6bba_07e24132,6bba,2.814582586288452,0.7334164381027222,5.138701197773616,True,tight
6bba_09961292,6bba,2.2980971336364746,0.65057772397995,7.267220926874317,True,tight
6bba_09961292,6bba,1.625,0.734930157661438,6.080193253507654,True,tight
6bba_12665c0e,6bba,2.814582586288452,0.6259689927101135,12.160386507015309,True,tight
6bba_12665c0e,6bba,5.389515399932861,0.4867168068885803,8.125,True,tight
6bba_1d0d8384,6bba,2.2980971336364746,0.757363498210907,8.443747686898277,True,tight
6bba_207c6aaf,6bba,3.633610486984253,0.5618674755096436,7.960841664045329,True,tight
6bba_20852818,6bba,8.285906791687012,0.2128138542175293,9.334914300624297,True,relaxed
6bba_20852818,6bba,5.13870096206665,0.2820221185684204,4.875,True,tight
6bba_20852818,6bba,1.625,0.5007439255714417,8.75089281159357,True,tight
6bba_2312ac41,6bba,3.633610486984253,0.6233702301979065,15.33021933959198,True,tight
6bba_2819ca14,6bba,7.267220973968506,0.6317668557167053,11.718041645257966,True,relaxed
6bba_3abfe10a,6bba,1.625,0.758354902267456,9.884489111734608,True,tight
6bba_3c5691b6,6bba,4.596194267272949,0.3301104009151459,10.531203634912773,True,tight
6bba_3c5691b6,6bba,4.596194267272949,0.44359612464904785,11.375,True,tight
6bba_3db54e20,6bba,5.13870096206665,0.5875294208526611,13.201562407533435,True,tight
6bba_48816121,6bba,3.25,0.6239407062530518,3.6336104634371584,True,tight
6bba_48816121,6bba,2.2980971336364746,0.7829667329788208,17.04314378276496,True,tight
6bba_48816121,6bba,2.814582586288452,0.7252023816108704,7.267220926874317,True,tight
6bba_4f99ce20,6bba,3.9804208278656006,0.22897997498512268,3.9804208320226646,True,tight
6bba_4ffd3da3,6bba,2.814582586288452,0.7686368823051453,11.490485194281398,True,tight
6bba_4ffd3da3,6bba,3.9804208278656006,0.853234589099884,15.754959536603069,True,tight
6bba_57b7cc1e,6bba,6.700046539306641,0.37284767627716064,10.900831390311474,True,relaxed
6bba_57b7cc1e,6bba,6.700046539306641,0.3502180576324463,6.080193253507654,True,relaxed
6bba_57b7cc1e,6bba,5.13870096206665,0.18626132607460022,4.875,True,tight
6bba_6321a359,6bba,3.25,0.6142631769180298,14.804454566109486,True,tight
6bba_67ebd073,6bba,2.814582586288452,0.554684042930603,9.475296829123613,True,tight
6bba_705ec2c9,6bba,2.2980971336364746,0.5291925668716431,8.443747686898277,True,tight
6bba_74686d6a,6bba,4.875,0.8984211087226868,9.334914300624297,True,tight
6bba_74686d6a,6bba,6.700046539306641,0.024083057418465614,11.02128622257856,True,relaxed
6bba_786893ac,6bba,4.596194267272949,0.13917040824890137,4.596194077712559,True,tight
6bba_78a7bd97,6bba,6.700046539306641,0.1081189215183258,6.700046641628698,True,relaxed
6bba_7af54fde,6bba,1.625,0.8511921763420105,11.375,True,tight
6bba_7af54fde,6bba,1.625,0.8974750638008118,10.277402395547233,True,tight
6bba_7d3058ae,6bba,1.625,0.7969451546669006,10.900831390311474,True,tight
6bba_7f87b3d8,6bba,6.080193042755127,0.08456877619028091,8.75089281159357,True,relaxed
6bba_80d12824,6bba,6.894290924072266,0.053071681410074234,10.900831390311474,True,relaxed
6bba_87289e13,6bba,3.25,0.2419392466545105,11.02128622257856,True,tight
6bba_8b7818bf,6bba,4.875,0.007087509147822857,5.138701197773616,True,tight
6bba_8b7818bf,6bba,5.389515399932861,0.25944045186042786,4.875,True,tight
6bba_969618f6,6bba,1.625,0.5737427473068237,6.700046641628698,True,tight
6bba_969618f6,6bba,4.875,0.44714346528053284,14.351611407782752,True,tight
6bba_9a41d029,6bba,4.596194267272949,0.5299949049949646,6.700046641628698,True,tight
6bba_9a41d029,6bba,4.875,0.42061448097229004,6.894291116568838,True,tight
6bba_ab78413d,6bba,2.814582586288452,0.582797110080719,6.894291116568838,True,tight
6bba_ab78413d,6bba,1.625,0.7160917520523071,9.475296829123613,True,tight
6bba_afb141ff,6bba,2.2980971336364746,0.9045478701591492,12.481861840286488,True,tight
6bba_b204cac7,6bba,1.625,0.5422177314758301,6.700046641628698,True,tight
6bba_b329af44,6bba,2.2980971336364746,0.8737652897834778,7.083210783253595,True,tight
6bba_bb9f20c3,6bba,2.814582586288452,0.6540846824645996,7.960841664045329,True,tight
6bba_c328f2fd,6bba,5.13870096206665,0.24270856380462646,13.101168840985142,True,tight
6bba_c328f2fd,6bba,3.633610486984253,0.2932465970516205,6.080193253507654,True,tight
6bba_c328f2fd,6bba,7.6219258308410645,0.061489466577768326,11.941262496067994,True,relaxed
6bba_d2b9fc0c,6bba,5.859020709991455,0.39710086584091187,10.277402395547233,True,tight
6bba_d2b9fc0c,6bba,2.2980971336364746,0.8557626008987427,8.900491559458949,True,tight
6bba_d3da753b,6bba,4.875,0.13468416035175323,10.017172754824587,True,tight
6bba_df673a83,6bba,2.2980971336364746,0.47715288400650024,8.125,True,tight
6bba_ebdf3b34,6bba,8.285906791687012,0.10952483862638474,5.3895152843275245,True,relaxed
6bba_ebdf3b34,6bba,5.13870096206665,0.6294259428977966,13.101168840985142,True,tight
6bba_ef7b4f7e,6bba,1.625,0.5695813894271851,5.859020822628983,True,tight
6bba_f8ffd5e7,6bba,4.875,0.3874725103378296,9.75,True,tight
6bba_fc5f39dc,6bba,9.613629341125488,0.10427702963352203,9.475296829123613,True,relaxed
6bba_fc5f39dc,6bba,7.0832109451293945,0.47104254364967346,8.75089281159357,True,relaxed
