film,embryo,dc_split,t,P,Q,z,y,x,score,img,label,true,credited,charged_fp
44b6_12dfb391,44b6,train,2,545,935,31,152,24,0.3465048670768738,1.2454878091812134,parent_unmatched,0,0,0
44b6_12dfb391,44b6,train,7,2728,3146,52,56,172,0.4014784097671509,1.2067266702651978,parent_unmatched,0,0,0
44b6_12dfb391,44b6,train,10,3792,4182,30,144,48,0.42330482602119446,1.2840172052383423,parent_unmatched,0,0,0
44b6_12dfb391,44b6,train,14,5401,5793,28,148,92,0.36565396189689636,0.9410932064056396,parent_unmatched,0,0,0
44b6_12dfb391,44b6,train,17,6775,7193,44,56,92,0.35184210538864136,0.9447045922279358,parent_unmatched,0,0,0
44b6_12dfb391,44b6,train,19,7545,7963,38,204,96,0.41472628712654114,0.9645119905471802,parent_unmatched,0,0,0
44b6_12dfb391,44b6,train,20,8059,8453,47,28,136,0.22203734517097473,0.9181564450263977,parent_unmatched,0,0,0
44b6_12dfb391,44b6,train,20,7955,8386,39,244,176,0.38476938009262085,1.0449765920639038,parent_unmatched,0,0,0
44b6_12dfb391,44b6,train,21,8212,8624,22,212,116,0.34988221526145935,0.856590211391449,parent_unmatched,0,0,0
44b6_12dfb391,44b6,train,22,8723,9116,29,44,104,0.35061872005462646,0.9333395957946777,parent_unmatched,0,0,0
44b6_12dfb391,44b6,train,26,10590,11021,45,136,108,0.3352055847644806,0.847064733505249,parent_unmatched,0,0,0
44b6_12dfb391,44b6,train,26,10676,11100,59,20,216,0.46060651540756226,1.7823691368103027,parent_unmatched,0,0,0
44b6_12dfb391,44b6,train,27,10893,11330,34,116,56,0.464336633682251,1.3354946374893188,parent_unmatched,0,0,0
44b6_12dfb391,44b6,train,30,12171,12583,30,164,240,0.2808116674423218,0.5151975154876709,parent_unmatched,0,0,0
44b6_12dfb391,44b6,train,39,16442,16906,60,104,240,0.3454532325267792,1.2096693515777588,parent_unmatched,0,0,0
44b6_12dfb391,44b6,train,39,16207,16643,30,236,212,0.29321739077568054,0.5454294681549072,parent_unmatched,0,0,0
44b6_12dfb391,44b6,train,41,17134,17612,34,4,0,0.3272097110748291,0.8743454217910767,parent_unmatched,0,0,0
44b6_12dfb391,44b6,train,42,17796,18266,51,140,136,0.3788778781890869,1.494140863418579,parent_unmatched,0,0,0
44b6_12dfb391,44b6,train,43,18216,18665,43,212,116,0.3415850102901459,1.1860154867172241,parent_unmatched,0,0,0
44b6_12dfb391,44b6,train,52,22348,22806,46,196,140,0.38888728618621826,1.0991965532302856,parent_unmatched,0,0,0
44b6_12dfb391,44b6,train,54,23232,23706,45,8,168,0.2532089948654175,0.8280172944068909,parent_unmatched,0,0,0
44b6_12dfb391,44b6,train,55,23524,23991,29,240,132,0.288261353969574,0.5418020486831665,parent_unmatched,0,0,0
44b6_12dfb391,44b6,train,56,24270,24744,58,12,244,0.24777066707611084,1.2709569931030273,parent_unmatched,0,0,0
44b6_12dfb391,44b6,train,59,25553,26042,42,56,52,0.3646239936351776,0.9680206179618835,parent_unmatched,0,0,0
44b6_12dfb391,44b6,train,60,25983,26418,35,184,36,0.15576310455799103,0.7498851418495178,parent_unmatched,0,0,0
44b6_12dfb391,44b6,train,61,26423,26886,37,216,140,0.2115141749382019,0.44335857033729553,parent_unmatched,0,0,0
44b6_12dfb391,44b6,train,63,27491,27936,48,204,244,0.24337391555309296,0.65809166431427,parent_unmatched,0,0,0
44b6_12dfb391,44b6,train,66,28691,29155,37,172,0,0.11596345156431198,0.8523648381233215,parent_unmatched,0,0,0
44b6_12dfb391,44b6,train,68,29739,30181,45,180,92,0.4545794725418091,1.4705063104629517,parent_unmatched,0,0,0
44b6_12dfb391,44b6,train,70,30579,31067,38,84,12,0.30861425399780273,0.7599648237228394,parent_unmatched,0,0,0
44b6_12dfb391,44b6,train,72,31411,31904,21,168,88,0.36627158522605896,0.6699865460395813,parent_unmatched,0,0,0
44b6_12dfb391,44b6,train,73,32180,32649,46,180,248,0.2486933022737503,0.7794545888900757,parent_unmatched,0,0,0
44b6_12dfb391,44b6,train,74,32616,33099,45,52,72,0.30339980125427246,0.9645916223526001,parent_unmatched,0,0,0
44b6_12dfb391,44b6,train,74,32658,33089,44,104,64,0.33211076259613037,0.940152645111084,parent_unmatched,0,0,0
44b6_12dfb391,44b6,train,75,33012,33489,36,252,56,0.25308266282081604,0.8194378018379211,parent_unmatched,0,0,0
44b6_12dfb391,44b6,train,77,34125,34610,41,252,240,0.25310924649238586,0.8625226020812988,parent_unmatched,0,0,0
44b6_12dfb391,44b6,train,79,35107,35637,39,40,192,0.3652665615081787,0.848625123500824,parent_unmatched,0,0,0
44b6_12dfb391,44b6,train,84,37762,38222,62,152,208,0.3227578401565552,1.179329752922058,parent_unmatched,0,0,0
44b6_12dfb391,44b6,train,85,37797,38269,13,204,64,0.2273426502943039,0.43802744150161743,parent_unmatched,0,0,0
44b6_12dfb391,44b6,train,87,39057,39556,50,84,88,0.20656491816043854,0.7827831506729126,parent_unmatched,0,0,0
44b6_12dfb391,44b6,train,87,39077,39562,50,196,100,0.2679641544818878,1.273115873336792,parent_unmatched,0,0,0
44b6_12dfb391,44b6,train,88,39533,40013,46,128,64,0.319711834192276,1.142092227935791,parent_unmatched,0,0,0
44b6_12dfb391,44b6,train,91,40932,41476,42,84,172,0.2648877799510956,0.6459614634513855,parent_unmatched,0,0,0
44b6_12dfb391,44b6,train,92,41540,42057,49,80,60,0.17352910339832306,0.8051029443740845,parent_unmatched,0,0,0
44b6_267148e4,44b6,train,1,138,306,62,52,240,0.20044644176959991,0.9997641444206238,parent_unmatched,0,0,0
44b6_267148e4,44b6,train,4,558,734,34,88,40,0.28175055980682373,0.8201418519020081,TRUE,1,1,0
44b6_267148e4,44b6,train,9,1569,1776,54,60,44,0.1844455450773239,0.9987862706184387,parent_unmatched,0,0,0
44b6_267148e4,44b6,train,9,1575,1792,58,72,92,0.2672446072101593,0.7709589004516602,parent_unmatched,0,0,0
44b6_267148e4,44b6,train,10,1794,2018,62,24,248,0.06304997205734253,0.7862406969070435,parent_unmatched,0,0,0
44b6_267148e4,44b6,train,10,1729,1936,40,56,248,0.19848290085792542,0.9356020092964172,parent_unmatched,0,0,0
44b6_267148e4,44b6,train,11,1964,2164,46,68,208,0.32352378964424133,1.2328726053237915,parent_unmatched,0,0,0
44b6_267148e4,44b6,train,12,2205,2434,62,64,204,0.20522673428058624,1.1034128665924072,parent_unmatched,0,0,0
44b6_267148e4,44b6,train,12,2154,2374,48,80,40,0.24099881947040558,0.990922212600708,parent_unmatched,0,0,0
44b6_267148e4,44b6,train,13,2409,2645,62,52,152,0.3124556839466095,1.423223614692688,parent_unmatched,0,0,0
44b6_267148e4,44b6,train,14,2584,2820,50,80,0,0.15340282022953033,0.9826959371566772,parent_unmatched,0,0,0
44b6_267148e4,44b6,train,15,2782,3010,39,48,60,0.24748006463050842,0.7904132008552551,parent_unmatched,0,0,0
44b6_267148e4,44b6,train,17,3313,3568,59,52,228,0.20838205516338348,1.269990086555481,parent_unmatched,0,0,0
44b6_267148e4,44b6,train,18,3465,3718,34,64,80,0.22120237350463867,0.8265531659126282,parent_unmatched,0,0,0
44b6_267148e4,44b6,train,21,4345,4576,60,68,132,0.10733335465192795,1.0928778648376465,parent_unmatched,0,0,0
44b6_267148e4,44b6,train,21,4232,4461,32,84,152,0.3318422734737396,0.9714946150779724,parent_unmatched,0,0,0
44b6_267148e4,44b6,train,22,4495,4742,38,76,24,0.14481136202812195,0.9419331550598145,parent_unmatched,0,0,0
44b6_267148e4,44b6,train,24,5065,5326,53,76,204,0.10161583870649338,1.0247843265533447,parent_unmatched,0,0,0
44b6_267148e4,44b6,train,24,4973,5245,33,112,252,0.16485218703746796,0.8204612135887146,parent_unmatched,0,0,0
44b6_267148e4,44b6,train,26,5624,5903,61,72,232,0.101309634745121,1.0351157188415527,parent_unmatched,0,0,0
44b6_267148e4,44b6,train,26,5403,5661,3,144,72,0.35601428151130676,0.9686045050621033,parent_unmatched,0,0,0
44b6_267148e4,44b6,train,27,5687,5960,10,132,180,0.3871712386608124,1.1685781478881836,parent_unmatched,0,0,0
44b6_267148e4,44b6,train,31,6735,6997,4,156,244,0.2400829792022705,0.876510500907898,parent_unmatched,0,0,0
44b6_267148e4,44b6,train,31,6807,7090,27,104,216,0.2762678265571594,0.9461262226104736,parent_unmatched,0,0,0
44b6_267148e4,44b6,train,33,7475,7733,52,84,0,0.03052324429154396,0.8112642168998718,parent_unmatched,0,0,0
44b6_267148e4,44b6,train,34,7519,7793,0,168,228,0.19556300342082977,0.6805893182754517,parent_unmatched,0,0,0
44b6_267148e4,44b6,train,34,7781,8047,60,108,4,0.13210763037204742,0.8703567385673523,parent_unmatched,0,0,0
44b6_267148e4,44b6,train,37,8551,8845,49,80,200,0.04817185923457146,0.9386526346206665,parent_unmatched,0,0,0
44b6_267148e4,44b6,train,37,8431,8697,14,144,0,0.24227452278137207,1.0029916763305664,parent_unmatched,0,0,0
44b6_267148e4,44b6,train,38,8880,9146,53,104,152,0.19485461711883545,1.383934736251831,parent_unmatched,0,0,0
44b6_267148e4,44b6,train,38,8875,9165,58,72,148,0.04714245721697807,1.0457698106765747,parent_unmatched,0,0,0
44b6_267148e4,44b6,train,40,9270,9546,15,156,252,0.1479954719543457,0.7664031386375427,parent_unmatched,0,0,0
44b6_267148e4,44b6,train,40,9418,9705,53,104,156,0.10210109502077103,1.3148910999298096,parent_unmatched,0,0,0
44b6_267148e4,44b6,train,44,10373,10646,16,116,108,0.3365808129310608,1.0617395639419556,parent_unmatched,0,0,0
44b6_267148e4,44b6,train,45,10724,10944,33,124,64,0.11850745230913162,0.35300013422966003,parent_unmatched,0,0,0
44b6_267148e4,44b6,train,47,11085,11243,24,100,100,0.31814953684806824,0.9606491923332214,parent_unmatched,0,0,0
44b6_267148e4,44b6,train,48,11278,11492,59,112,164,0.05117650702595711,0.762766420841217,parent_unmatched,0,0,0
44b6_267148e4,44b6,train,49,11490,11735,60,96,36,0.03283245116472244,0.8688664436340332,parent_unmatched,0,0,0
44b6_267148e4,44b6,train,49,11442,11692,48,72,108,0.3198856711387634,0.9366045594215393,parent_unmatched,0,0,0
44b6_267148e4,44b6,train,50,11724,11987,58,84,4,0.14665819704532623,0.942660391330719,parent_unmatched,0,0,0
44b6_267148e4,44b6,train,50,11672,11947,46,148,0,0.05874377489089966,0.6116225719451904,parent_unmatched,0,0,0
44b6_267148e4,44b6,train,51,11974,12233,54,124,0,0.08357921242713928,1.100447416305542,parent_unmatched,0,0,0
44b6_267148e4,44b6,train,51,11847,12134,26,160,176,0.12840302288532257,0.7250708341598511,parent_unmatched,0,0,0
44b6_267148e4,44b6,train,52,12259,12542,62,136,56,0.1295623481273651,0.9903964400291443,parent_unmatched,0,0,0
44b6_267148e4,44b6,train,52,12271,12509,58,92,184,0.13325494527816772,1.085423231124878,parent_unmatched,0,0,0
44b6_267148e4,44b6,train,54,12641,12919,23,148,112,0.346012681722641,0.8992785215377808,parent_unmatched,0,0,0
44b6_267148e4,44b6,train,54,12815,13072,62,140,196,0.021436214447021484,0.6601004600524902,parent_unmatched,0,0,0
44b6_267148e4,44b6,train,56,13329,13595,61,100,116,0.10458474606275558,0.9349947571754456,parent_unmatched,0,0,0
44b6_267148e4,44b6,train,57,13553,13822,52,108,164,0.08175677061080933,1.0452234745025635,parent_unmatched,0,0,0
44b6_267148e4,44b6,train,57,13435,13709,21,180,120,0.27034610509872437,0.6357341408729553,parent_unmatched,0,0,0
44b6_267148e4,44b6,train,60,14384,14651,62,108,4,0.27462121844291687,0.829582154750824,parent_unmatched,0,0,0
44b6_267148e4,44b6,train,61,14581,14850,47,144,184,0.04857384413480759,1.0741684436798096,parent_unmatched,0,0,0
44b6_267148e4,44b6,train,66,15844,16076,38,160,160,0.11539581418037415,0.8763493895530701,parent_unmatched,0,0,0
44b6_267148e4,44b6,train,67,16144,16382,55,128,136,0.13569249212741852,0.8616817593574524,parent_unmatched,0,0,0
44b6_267148e4,44b6,train,69,16529,16768,26,160,196,0.22545836865901947,0.912985622882843,parent_unmatched,0,0,0
44b6_267148e4,44b6,train,69,16601,16851,50,152,0,0.15075980126857758,0.8625492453575134,parent_unmatched,0,0,0
44b6_267148e4,44b6,train,71,17077,17290,48,168,168,0.0521450936794281,0.9622432589530945,parent_unmatched,0,0,0
44b6_267148e4,44b6,train,72,17254,17480,39,188,12,0.279897004365921,0.9217410087585449,parent_unmatched,0,0,0
44b6_267148e4,44b6,train,73,17384,17599,7,216,32,0.23574429750442505,0.6239324808120728,parent_unmatched,0,0,0
44b6_267148e4,44b6,train,74,17743,17969,55,176,164,0.04124833270907402,1.034471035003662,parent_unmatched,0,0,0
44b6_267148e4,44b6,train,76,18037,18264,10,208,200,0.2533993422985077,1.0771946907043457,parent_unmatched,0,0,0
44b6_267148e4,44b6,train,77,18358,18577,39,172,52,0.3041946291923523,1.0371397733688354,parent_unmatched,0,0,0
44b6_267148e4,44b6,train,77,18343,18568,37,172,192,0.2743421792984009,1.0352821350097656,parent_unmatched,0,0,0
44b6_267148e4,44b6,train,78,18497,18711,11,204,168,0.3409331738948822,0.7620248794555664,parent_unmatched,0,0,0
44b6_267148e4,44b6,train,79,18792,19014,38,172,0,0.05419936403632164,0.7269011735916138,parent_unmatched,0,0,0
44b6_267148e4,44b6,train,81,19164,19372,16,224,24,0.160086527466774,0.48810845613479614,parent_unmatched,0,0,0
44b6_267148e4,44b6,train,83,19718,19926,60,172,88,0.16835641860961914,1.2260125875473022,parent_unmatched,0,0,0
44b6_267148e4,44b6,train,89,20807,20999,19,208,180,0.1572861522436142,0.8364909887313843,parent_unmatched,0,0,0
44b6_267148e4,44b6,train,94,21734,21908,12,220,228,0.10004289448261261,0.6997720003128052,parent_unmatched,0,0,0
44b6_2a2eff9f,44b6,train,1,147,585,22,160,112,0.19049054384231567,0.38780269026756287,parent_unmatched,0,0,0
44b6_2a2eff9f,44b6,train,2,560,1008,18,204,124,0.3756304681301117,1.2872918844223022,parent_unmatched,0,0,0
44b6_2a2eff9f,44b6,train,2,521,970,13,132,164,0.3192114233970642,0.8530590534210205,parent_unmatched,0,0,0
44b6_2a2eff9f,44b6,train,4,1382,1828,3,124,116,0.2661692500114441,0.6940874457359314,parent_unmatched,0,0,0
44b6_2a2eff9f,44b6,train,5,1980,2464,20,200,136,0.2932639420032501,1.3079596757888794,parent_unmatched,0,0,0
44b6_2a2eff9f,44b6,train,6,2754,3244,61,240,160,0.2199402153491974,0.891602635383606,parent_unmatched,0,0,0
44b6_2a2eff9f,44b6,train,6,2300,2808,3,32,240,0.11633335053920746,0.5984510183334351,parent_unmatched,0,0,0
44b6_2a2eff9f,44b6,train,11,5166,5660,62,248,244,0.03449172526597977,0.5446935892105103,parent_unmatched,0,0,0
44b6_2a2eff9f,44b6,train,13,5849,6295,21,176,128,0.40329843759536743,1.3591862916946411,parent_unmatched,0,0,0
44b6_2a2eff9f,44b6,train,14,6536,6977,60,116,168,0.24824054539203644,0.665779173374176,parent_unmatched,0,0,0
44b6_2a2eff9f,44b6,train,14,6566,7002,63,144,56,0.21170829236507416,0.8288072347640991,parent_matched_not_divider,0,1,1
44b6_2a2eff9f,44b6,train,14,6295,6720,19,172,120,0.30857518315315247,1.082978367805481,parent_unmatched,0,0,0
44b6_2a2eff9f,44b6,train,15,6607,7037,2,188,172,0.30150699615478516,1.2841229438781738,parent_unmatched,0,0,0
44b6_2a2eff9f,44b6,train,16,7100,7537,13,124,88,0.3151591122150421,0.8384994864463806,parent_unmatched,0,0,0
44b6_2a2eff9f,44b6,train,16,7153,7586,20,180,108,0.37637898325920105,1.1812611818313599,parent_unmatched,0,0,0
44b6_2a2eff9f,44b6,train,16,7246,7662,32,140,192,0.3950166404247284,0.9220934510231018,parent_unmatched,0,0,0
44b6_2a2eff9f,44b6,train,18,7907,8316,4,108,152,0.26019737124443054,0.49476680159568787,parent_unmatched,0,0,0
44b6_2a2eff9f,44b6,train,19,8499,8933,31,220,220,0.2460421472787857,1.1016263961791992,parent_unmatched,0,0,0
44b6_2a2eff9f,44b6,train,19,8383,8821,15,76,144,0.2823379337787628,0.6632524132728577,parent_unmatched,0,0,0
44b6_2a2eff9f,44b6,train,20,8794,9240,12,180,156,0.26156920194625854,0.7422909140586853,parent_unmatched,0,0,0
44b6_2a2eff9f,44b6,train,21,9421,9845,39,188,100,0.291016161441803,0.7885900139808655,parent_unmatched,0,0,0
44b6_2a2eff9f,44b6,train,22,9926,10348,54,84,152,0.10391516238451004,1.1825963258743286,parent_unmatched,0,0,0
44b6_2a2eff9f,44b6,train,22,9738,10168,24,100,248,0.23670053482055664,0.742243230342865,parent_unmatched,0,0,0
44b6_2a2eff9f,44b6,train,22,9919,10337,51,188,88,0.22080421447753906,0.8659058213233948,parent_unmatched,0,0,0
44b6_2a2eff9f,44b6,train,23,10400,10829,62,216,156,0.16512742638587952,1.1186367273330688,parent_unmatched,0,0,0
44b6_2a2eff9f,44b6,train,24,10489,10896,6,36,20,0.1325514316558838,0.8195075392723083,parent_unmatched,0,0,0
44b6_2a2eff9f,44b6,train,25,11247,11657,62,240,212,0.08454982936382294,0.7864111661911011,parent_unmatched,0,0,0
44b6_2a2eff9f,44b6,train,25,10901,11303,4,108,68,0.3055005967617035,0.7910696864128113,parent_unmatched,0,0,0
44b6_2a2eff9f,44b6,train,27,11933,12333,42,180,100,0.3042859733104706,0.7251129150390625,parent_unmatched,0,0,0
44b6_2a2eff9f,44b6,train,28,12361,12777,48,148,44,0.20428955554962158,0.7204836010932922,parent_unmatched,0,0,0
44b6_2a2eff9f,44b6,train,28,12092,12510,4,36,20,0.1513645201921463,0.7041070461273193,parent_unmatched,0,0,0
44b6_2a2eff9f,44b6,train,29,12700,13094,32,164,88,0.3520297408103943,0.7089728713035583,parent_unmatched,0,0,0
44b6_2a2eff9f,44b6,train,31,13650,14047,55,160,44,0.24057547748088837,0.9532195329666138,parent_unmatched,0,0,0
44b6_2a2eff9f,44b6,train,32,13916,14331,33,160,132,0.2417127788066864,0.4749602973461151,parent_unmatched,0,0,0
44b6_2a2eff9f,44b6,train,34,14597,15004,12,104,80,0.27190473675727844,0.6128215789794922,parent_unmatched,0,0,0
44b6_2a2eff9f,44b6,train,34,14795,15192,43,64,92,0.19413603842258453,0.8816312551498413,parent_unmatched,0,0,0
44b6_2a2eff9f,44b6,train,34,14890,15322,63,176,76,0.10503075271844864,1.0038560628890991,parent_unmatched,0,0,0
44b6_2a2eff9f,44b6,train,35,15129,15505,27,168,224,0.26051729917526245,1.001274824142456,parent_unmatched,0,0,0
44b6_2a2eff9f,44b6,train,37,15784,16175,7,140,152,0.32028302550315857,0.4755818545818329,parent_unmatched,0,0,0
44b6_2a2eff9f,44b6,train,40,17244,17626,57,216,160,0.17724847793579102,1.3050516843795776,parent_unmatched,0,0,0
44b6_2a2eff9f,44b6,train,41,17594,17995,53,148,240,0.12395840138196945,0.3818061649799347,parent_unmatched,0,0,0
44b6_2a2eff9f,44b6,train,44,18765,19178,63,92,128,0.15808025002479553,0.863538384437561,parent_unmatched,0,0,0
44b6_2a2eff9f,44b6,train,45,19139,19521,57,104,116,0.27495965361595154,0.8861074447631836,parent_unmatched,0,0,0
44b6_2a2eff9f,44b6,train,46,19552,19920,61,192,128,0.20843832194805145,0.8036748170852661,parent_unmatched,0,0,0
44b6_2a2eff9f,44b6,train,47,19915,20307,62,232,192,0.1911686509847641,1.1881848573684692,parent_unmatched,0,0,0
44b6_2a2eff9f,44b6,train,47,19648,20040,16,100,148,0.31737250089645386,0.5565783381462097,parent_unmatched,0,0,0
44b6_2a2eff9f,44b6,train,47,19632,19992,7,184,244,0.1011720821261406,0.9940037131309509,parent_unmatched,0,0,0
44b6_2a2eff9f,44b6,train,52,21494,21856,17,96,112,0.2070803940296173,0.27921926975250244,parent_unmatched,0,0,0
44b6_2a2eff9f,44b6,train,52,21609,21981,38,220,248,0.1264052838087082,1.1901443004608154,parent_unmatched,0,0,0
44b6_2a2eff9f,44b6,train,53,21912,22282,29,104,144,0.3012444078922272,0.5846651792526245,parent_unmatched,0,0,0
44b6_2a2eff9f,44b6,train,53,21860,22214,16,200,216,0.08447589725255966,1.0644088983535767,parent_unmatched,0,0,0
44b6_2a2eff9f,44b6,train,53,22029,22365,43,40,168,0.0738850086927414,0.432944655418396,parent_unmatched,0,0,0
44b6_2a2eff9f,44b6,train,58,23917,24313,63,140,68,0.18290697038173676,0.4057631194591522,parent_unmatched,0,0,0
44b6_2a2eff9f,44b6,train,59,23983,24369,5,188,224,0.1834372729063034,1.0853400230407715,parent_unmatched,0,0,0
44b6_2a2eff9f,44b6,train,60,24513,24904,30,224,212,0.11777735501527786,1.4709148406982422,parent_unmatched,0,0,0
44b6_2a2eff9f,44b6,train,60,24619,24997,47,120,76,0.3088390529155731,0.5930837392807007,parent_unmatched,0,0,0
44b6_2a2eff9f,44b6,train,60,24562,24947,38,188,136,0.23465058207511902,1.136234164237976,parent_unmatched,0,0,0
44b6_2a2eff9f,44b6,train,61,24966,25362,41,212,224,0.0249131228774786,1.2340153455734253,parent_unmatched,0,0,0
44b6_2a2eff9f,44b6,train,61,25094,25492,63,60,124,0.1085839718580246,0.6609598398208618,parent_matched_not_divider,0,0,1
44b6_2a2eff9f,44b6,train,63,25657,26076,23,148,112,0.11941034346818924,0.21372760832309723,parent_unmatched,0,0,0
44b6_2a2eff9f,44b6,train,63,25772,26197,42,148,84,0.20601895451545715,0.48329517245292664,parent_unmatched,0,0,0
44b6_2a2eff9f,44b6,train,64,26310,26731,62,164,32,0.04641209915280342,0.24174553155899048,parent_unmatched,0,0,0
44b6_2a2eff9f,44b6,train,64,26315,26737,62,228,144,0.07115701586008072,0.8177133202552795,parent_unmatched,0,0,0
44b6_2a2eff9f,44b6,train,66,27071,27498,49,240,216,0.13747359812259674,1.7895599603652954,parent_unmatched,0,0,0
44b6_2a2eff9f,44b6,train,66,27044,27448,42,124,60,0.3061612546443939,0.5106921195983887,parent_unmatched,0,0,0
44b6_2a2eff9f,44b6,train,67,27203,27627,5,4,0,0.026443952694535255,0.6630023121833801,parent_unmatched,0,0,0
44b6_2a2eff9f,44b6,train,70,28476,28873,18,200,204,0.09189748764038086,1.4040857553482056,parent_unmatched,0,0,0
44b6_2a2eff9f,44b6,train,70,28750,29164,62,244,224,0.14551995694637299,1.0045706033706665,parent_unmatched,0,0,0
44b6_2a2eff9f,44b6,train,70,28749,29162,62,236,140,0.06604763865470886,0.6814259886741638,parent_unmatched,0,0,0
44b6_2a2eff9f,44b6,train,71,29177,29551,62,168,44,0.21490977704524994,0.5065768957138062,parent_unmatched,0,0,0
44b6_2a2eff9f,44b6,train,72,29401,29801,38,124,108,0.28801918029785156,0.40507546067237854,parent_unmatched,0,0,0
44b6_2a2eff9f,44b6,train,73,29741,30127,25,204,224,0.03434620797634125,1.1890568733215332,parent_unmatched,0,0,0
44b6_2a2eff9f,44b6,train,74,30083,30469,18,176,160,0.24988409876823425,1.0257043838500977,parent_unmatched,0,0,0
44b6_2a2eff9f,44b6,train,77,31459,31859,54,228,176,0.11193181574344635,1.3552424907684326,parent_unmatched,0,0,0
44b6_2a2eff9f,44b6,train,77,31414,31798,43,168,76,0.25495943427085876,0.634390115737915,parent_unmatched,0,0,0
44b6_2a2eff9f,44b6,train,78,31760,32175,37,168,104,0.2783799171447754,0.8184694647789001,parent_unmatched,0,0,0
44b6_2a2eff9f,44b6,train,78,31739,32149,33,192,168,0.22930781543254852,0.9501022100448608,parent_unmatched,0,0,0
44b6_2a2eff9f,44b6,train,86,35196,35617,63,140,68,0.09768496453762054,0.44602400064468384,parent_unmatched,0,0,0
44b6_2a2eff9f,44b6,train,87,35282,35719,14,96,56,0.21452967822551727,0.48734137415885925,parent_unmatched,0,0,0
44b6_2a2eff9f,44b6,train,87,35575,35998,58,192,128,0.12882451713085175,1.0582481622695923,parent_unmatched,0,0,0
44b6_2a2eff9f,44b6,train,88,35870,36285,39,164,88,0.29113200306892395,0.6343390345573425,parent_unmatched,0,0,0
44b6_2a2eff9f,44b6,train,90,36533,36936,10,80,32,0.11409540474414825,0.42439454793930054,parent_unmatched,0,0,0
44b6_2a2eff9f,44b6,train,90,36730,37163,46,192,176,0.11868515610694885,0.9291569590568542,parent_unmatched,0,0,0
44b6_2a2eff9f,44b6,train,92,37652,38063,57,180,128,0.19700582325458527,0.7628155946731567,parent_unmatched,0,0,0
44b6_2a2eff9f,44b6,train,93,38093,38540,62,212,172,0.04891170561313629,1.0431596040725708,parent_unmatched,0,0,0
44b6_2a2eff9f,44b6,train,93,37855,38274,23,164,136,0.25380638241767883,0.5876769423484802,parent_unmatched,0,0,0
44b6_2a2eff9f,44b6,train,94,38287,38741,28,72,140,0.2992058992385864,0.8559134602546692,parent_unmatched,0,0,0
44b6_341df25f,44b6,train,1,68,160,55,84,92,0.40159961581230164,0.8494058847427368,parent_unmatched,0,0,0
44b6_341df25f,44b6,train,3,228,325,37,244,148,0.38402822613716125,0.8246833682060242,parent_unmatched,0,0,0
44b6_341df25f,44b6,train,5,417,514,30,236,148,0.5246596336364746,1.2258440256118774,TRUE,1,1,0
44b6_341df25f,44b6,train,10,915,1015,36,40,116,0.35692235827445984,1.2121118307113647,parent_unmatched,0,0,0
44b6_341df25f,44b6,train,15,1413,1509,42,128,116,0.45047467947006226,1.10517418384552,parent_unmatched,0,0,0
44b6_341df25f,44b6,train,23,2170,2262,14,188,144,0.4238046109676361,0.9396177530288696,parent_unmatched,0,0,0
44b6_341df25f,44b6,train,25,2344,2431,4,60,136,0.4117254614830017,1.2518664598464966,parent_unmatched,0,0,0
44b6_341df25f,44b6,train,46,4170,4251,4,44,124,0.30364274978637695,1.7832874059677124,parent_unmatched,0,0,0
44b6_341df25f,44b6,train,52,4723,4816,56,208,104,0.38988998532295227,1.0653280019760132,parent_unmatched,0,0,0
44b6_341df25f,44b6,train,62,5536,5613,32,220,128,0.4305359125137329,0.8140333890914917,parent_unmatched,0,0,0
44b6_341df25f,44b6,train,71,6280,6367,47,56,84,0.4758944809436798,1.8030093908309937,parent_unmatched,0,0,0
44b6_341df25f,44b6,train,80,6960,7040,4,180,136,0.45174282789230347,0.8297926783561707,parent_unmatched,0,0,0
6bba_062c8d37,6bba,val,5,290,360,34,84,56,0.4733687937259674,0.9625654220581055,parent_unmatched,0,0,0
6bba_062c8d37,6bba,val,17,1033,1090,1,228,28,0.1938742697238922,0.7196613550186157,parent_unmatched,0,0,0
6bba_062c8d37,6bba,val,32,1930,1986,8,132,68,0.34508877992630005,0.9524682760238647,parent_unmatched,0,0,0
6bba_062c8d37,6bba,val,33,1979,2030,1,152,180,0.22545769810676575,0.339607298374176,parent_unmatched,0,0,0
6bba_062c8d37,6bba,val,35,2123,2182,30,44,152,0.572216808795929,3.1482818126678467,parent_unmatched,0,0,0
6bba_062c8d37,6bba,val,58,3438,3495,3,164,96,0.4746367335319519,1.7613786458969116,parent_unmatched,0,0,0
6bba_062c8d37,6bba,val,75,4489,4549,13,80,232,0.4945560395717621,2.0867879390716553,parent_unmatched,0,0,0
6bba_062c8d37,6bba,val,85,5083,5146,2,172,68,0.21811191737651825,0.4330577254295349,parent_unmatched,0,0,0
6bba_062c8d37,6bba,val,90,5409,5468,20,60,148,0.5880650281906128,2.2513465881347656,TRUE,1,1,0
6bba_07e24132,6bba,val,2,330,610,2,140,164,0.06157116964459419,0.13911530375480652,parent_unmatched,0,0,0
6bba_07e24132,6bba,val,2,431,743,27,84,40,0.1334296017885208,0.28530552983283997,parent_unmatched,0,0,0
6bba_07e24132,6bba,val,15,4807,5153,3,116,44,0.05913320928812027,0.385383278131485,parent_unmatched,0,0,0
6bba_07e24132,6bba,val,18,5867,6201,16,12,8,0.09874945133924484,1.2932273149490356,parent_unmatched,0,0,0
6bba_07e24132,6bba,val,21,6865,7173,17,68,68,0.23243224620819092,0.5688843727111816,parent_unmatched,0,0,0
6bba_07e24132,6bba,val,21,6993,7318,47,12,28,0.2304796725511551,0.6446825265884399,parent_unmatched,0,0,0
6bba_07e24132,6bba,val,22,7317,7616,46,180,88,0.18231609463691711,0.22249220311641693,parent_unmatched,0,0,0
6bba_07e24132,6bba,val,22,7118,7398,1,204,104,0.0770873948931694,0.5951945185661316,parent_unmatched,0,0,0
6bba_07e24132,6bba,val,30,9753,10052,39,84,20,0.3369412422180176,1.1072814464569092,parent_unmatched,0,0,0
6bba_07e24132,6bba,val,32,10336,10627,33,120,56,0.3020799160003662,0.8031846880912781,parent_unmatched,0,0,0
6bba_07e24132,6bba,val,33,10507,10812,9,208,40,0.05608143284916878,0.36621981859207153,parent_unmatched,0,0,0
6bba_07e24132,6bba,val,34,10835,11141,15,136,16,0.11851948499679565,0.7505166530609131,parent_unmatched,0,0,0
6bba_07e24132,6bba,val,38,12130,12426,31,60,28,0.24577608704566956,0.9288042187690735,parent_unmatched,0,0,0
6bba_07e24132,6bba,val,39,12471,12793,44,56,80,0.2267899364233017,0.6189922094345093,parent_unmatched,0,0,0
6bba_07e24132,6bba,val,47,14697,14954,36,200,112,0.3237619698047638,0.5362317562103271,parent_unmatched,0,0,0
6bba_07e24132,6bba,val,50,15430,15704,25,240,120,0.1377561390399933,0.37303173542022705,parent_unmatched,0,0,0
6bba_07e24132,6bba,val,51,15730,16021,32,40,36,0.1806890219449997,0.9689068794250488,parent_unmatched,0,0,0
6bba_07e24132,6bba,val,56,17101,17418,16,144,48,0.045809462666511536,0.7267134189605713,parent_unmatched,0,0,0
6bba_07e24132,6bba,val,66,20011,20281,21,160,80,0.1547158807516098,0.6077321767807007,parent_unmatched,0,0,0
6bba_07e24132,6bba,val,76,22711,23010,4,8,192,0.04991169273853302,0.2465573251247406,parent_unmatched,0,0,0
6bba_07e24132,6bba,val,76,22903,23200,46,44,96,0.1958296298980713,0.8876831531524658,parent_unmatched,0,0,0
6bba_07e24132,6bba,val,77,23227,23529,57,28,140,0.176759272813797,0.7363206744194031,parent_unmatched,0,0,0
6bba_07e24132,6bba,val,77,23141,23446,35,96,128,0.3618168830871582,0.7694963812828064,parent_unmatched,0,0,0
6bba_07e24132,6bba,val,82,24629,24944,29,0,12,0.07107775658369064,0.7848262786865234,parent_unmatched,0,0,0
6bba_07e24132,6bba,val,84,25202,25494,18,144,92,0.17338807880878448,0.7361854910850525,parent_unmatched,0,0,0
6bba_07e24132,6bba,val,91,27158,27440,4,156,156,0.23359985649585724,1.0460660457611084,parent_unmatched,0,0,0
6bba_07e24132,6bba,val,94,28138,28398,32,76,128,0.3274359703063965,0.7116163969039917,parent_unmatched,0,0,0
6bba_085bf656,6bba,val,2,202,324,49,144,116,0.3720543384552002,0.8079937100410461,parent_unmatched,0,0,0
6bba_085bf656,6bba,val,7,777,900,32,252,228,0.1827927529811859,0.7537672519683838,parent_unmatched,0,0,0
6bba_085bf656,6bba,val,11,1207,1324,10,116,232,0.300534725189209,1.1154260635375977,parent_unmatched,0,0,0
6bba_085bf656,6bba,val,23,2626,2723,56,112,64,0.39653104543685913,0.9453153610229492,parent_unmatched,0,0,0
6bba_085bf656,6bba,val,44,4542,4626,15,108,192,0.21681134402751923,1.1234331130981445,parent_unmatched,0,0,0
6bba_085bf656,6bba,val,53,5339,5418,45,236,180,0.4853686988353729,0.9522150754928589,parent_unmatched,0,0,0
6bba_09961292,6bba,val,1,302,619,28,96,16,0.32458868622779846,0.4792729616165161,parent_unmatched,0,0,0
6bba_09961292,6bba,val,4,1090,1433,6,48,24,0.4428628087043762,1.2996206283569336,parent_unmatched,0,0,0
6bba_09961292,6bba,val,5,1523,1867,12,164,88,0.41134363412857056,1.1798402070999146,parent_unmatched,0,0,0
6bba_09961292,6bba,val,9,2866,3165,8,248,192,0.3494454324245453,1.0823357105255127,parent_unmatched,0,0,0
6bba_09961292,6bba,val,9,2831,3123,6,84,116,0.37984567880630493,0.8165931701660156,parent_unmatched,0,0,0
6bba_09961292,6bba,val,14,4623,4954,23,192,84,0.32345741987228394,0.6279953122138977,parent_unmatched,0,0,0
6bba_09961292,6bba,val,22,7144,7438,15,188,104,0.36901867389678955,0.8844266533851624,parent_unmatched,0,0,0
6bba_09961292,6bba,val,22,7185,7508,27,236,44,0.29776862263679504,0.8048515319824219,parent_unmatched,0,0,0
6bba_09961292,6bba,val,23,7468,7759,17,132,56,0.4348841905593872,0.8340357542037964,parent_unmatched,0,0,0
6bba_09961292,6bba,val,25,8130,8430,31,228,24,0.4295445382595062,0.8441999554634094,parent_unmatched,0,0,0
6bba_09961292,6bba,val,28,8948,9249,14,36,36,0.4031865894794464,0.9000654816627502,parent_unmatched,0,0,0
6bba_09961292,6bba,val,30,9534,9862,15,4,60,0.2622850239276886,0.5702455639839172,parent_unmatched,0,0,0
6bba_09961292,6bba,val,39,12093,12362,2,224,32,0.2622124254703522,1.2505145072937012,parent_unmatched,0,0,0
6bba_09961292,6bba,val,39,12254,12492,20,112,8,0.4534381628036499,1.2467082738876343,parent_unmatched,0,0,0
6bba_09961292,6bba,val,40,12354,12555,1,148,56,0.09885510802268982,0.8207535147666931,parent_unmatched,0,0,0
6bba_09961292,6bba,val,40,12465,12687,11,204,160,0.4382200837135315,0.9418870806694031,parent_unmatched,0,0,0
6bba_09961292,6bba,val,45,13732,13993,3,220,132,0.36553120613098145,1.347617506980896,TRUE,1,1,0
6bba_09961292,6bba,val,46,14031,14293,4,88,68,0.3379853367805481,1.0348361730575562,parent_unmatched,0,0,0
6bba_09961292,6bba,val,46,14110,14415,16,20,12,0.2884370684623718,0.8963353037834167,parent_unmatched,0,0,0
6bba_09961292,6bba,val,47,14434,14727,17,204,108,0.5393632054328918,1.5345629453659058,parent_unmatched,0,0,0
6bba_09961292,6bba,val,55,16746,17043,13,68,28,0.4366127848625183,0.9597532153129578,parent_unmatched,0,0,0
6bba_09961292,6bba,val,56,17052,17352,14,68,0,0.15769529342651367,0.6917065382003784,parent_unmatched,0,0,0
6bba_09961292,6bba,val,66,20065,20349,8,140,120,0.3626454770565033,0.7215034365653992,parent_unmatched,0,0,0
6bba_09961292,6bba,val,68,20685,20994,13,244,152,0.4281768500804901,1.1150048971176147,parent_unmatched,0,0,0
6bba_09961292,6bba,val,72,21947,22241,27,160,68,0.34001395106315613,0.40814900398254395,parent_unmatched,0,0,0
6bba_09961292,6bba,val,73,22176,22483,15,168,88,0.3157954514026642,0.5984014272689819,parent_unmatched,0,0,0
6bba_09961292,6bba,val,86,26007,26305,21,240,48,0.4179527759552002,1.1680357456207275,parent_matched_not_divider,0,0,0
6bba_09961292,6bba,val,87,26114,26435,3,172,180,0.22136764228343964,0.8225893378257751,parent_unmatched,0,0,0
6bba_09961292,6bba,val,93,27910,28185,8,164,8,0.4446869194507599,1.2347873449325562,parent_unmatched,0,0,0
6bba_09961292,6bba,val,93,27875,28109,1,188,112,0.32170143723487854,0.9874940514564514,parent_unmatched,0,0,0
6bba_09961292,6bba,val,94,28210,28443,11,64,16,0.4022117555141449,1.0003083944320679,parent_unmatched,0,0,0
6bba_09961292,6bba,val,94,28091,28347,2,52,128,0.4681999683380127,1.14100182056427,parent_unmatched,0,0,0
6bba_09961292,6bba,val,96,28773,29037,15,20,36,0.2661795914173126,1.0106844902038574,parent_unmatched,0,0,0
