variant,threshold,forks,adj,divJ,dtp,dfp,dfn,proxy,J,mult,d_proxy_vs_noveto
raw ILP only,,0,0.9335753161568413,0.0,0,0,12,0.9335753161568413,0.9318755256518082,1.0017924868498902,
veto OFF (0.00),0.0,287,0.9339289695499826,0.35714285714285715,5,2,7,0.9696432552642683,0.9322347402051454,1.0018010954433898,0.0
veto >= 0.05,0.05,272,0.9339289695499826,0.35714285714285715,5,2,7,0.9696432552642683,0.9322347402051454,1.0018010954433898,0.0
veto >= 0.10,0.1,251,0.9339289695499826,0.35714285714285715,5,2,7,0.9696432552642683,0.9322347402051454,1.0018010954433898,0.0
veto >= 0.15,0.15,215,0.9340860379942393,0.38461538461538464,5,1,7,0.9725475764557777,0.9323915237134208,1.001796791870538,0.002904321191509407
veto >= 0.20,0.2,184,0.9340860379942393,0.38461538461538464,5,1,7,0.9725475764557777,0.9323915237134208,1.001796791870538,0.002904321191509407
veto >= 0.25,0.25,141,0.9342431592790155,0.3333333333333333,4,0,8,0.9675764926123488,0.9325483599663583,1.0017924868498902,-0.002066762651919518
veto >= 0.30,0.3,105,0.934078203201854,0.25,3,0,9,0.959078203201854,0.9323801513877208,1.0017924868498902,-0.010565052062414315
veto >= 0.40,0.4,35,0.9339093664830731,0.16666666666666666,2,0,10,0.9505760331497398,0.9322119428090833,1.0017924868498902,-0.019067222114528493
veto >= 0.50,0.5,4,0.9339093664830731,0.16666666666666666,2,0,10,0.9505760331497398,0.9322119428090833,1.0017924868498902,-0.019067222114528493
