variant,threshold,forks,adj_J_edge,div_jaccard,div_tp,div_fp,div_fn,score,J_edge,multiplier,d_score
no_fork,,0,0.8252211972501028,0.0,0,0,88,0.8252211972501028,0.8319206673590405,0.9904838704347974,
fork (no veto),,2334,0.8250459578616142,0.1292517006802721,19,59,69,0.8379711279296413,0.8317444388693761,0.9904795273205943,0.012749930679538557
veto>=0.00,0.0,2334,0.8250459578616142,0.1292517006802721,19,59,69,0.8379711279296413,0.8317444388693761,0.9904795273205943,0.012749930679538557
veto>=0.05,0.05,2075,0.8250968759835181,0.13286713286713286,19,55,69,0.8383835892702314,0.8317944600562023,0.9904802768370198,0.013162392020128588
veto>=0.10,0.1,1784,0.8251244795055142,0.13380281690140844,19,54,69,0.838504761195655,0.8318222876451106,0.9904815276116077,0.01328356394555219
veto>=0.15,0.15,1496,0.825285862786966,0.13970588235294118,19,48,69,0.8392564510222601,0.8319836701914067,0.9904841521383171,0.014035253772157308
veto>=0.20,0.2,1203,0.8252757860635851,0.14393939393939395,19,44,69,0.8396697254575245,0.8319724248711599,0.9904862850327711,0.014448528207421707
veto>=0.25,0.25,871,0.8253144006786666,0.14285714285714285,18,38,70,0.8396001149643808,0.8320112461090471,0.9904860037191578,0.014378917714278017
veto>=0.30,0.3,548,0.8252988015684504,0.09401709401709402,11,29,77,0.8347005109701597,0.8319997321637819,0.990486894976874,0.009479313720056948
veto>=0.40,0.4,190,0.8253779758920088,0.041666666666666664,4,8,84,0.8295446425586754,0.8320771781730479,0.9904851039689794,0.004323445308572649
veto>=0.50,0.5,18,0.8251935516488549,0.0,0,1,88,0.8251935516488549,0.831892797319933,0.9904840765520365,-2.7645601247905383e-05
veto>=0.70,0.7,0,0.8252211972501028,0.0,0,0,88,0.8252211972501028,0.8319206673590405,0.9904838704347974,0.0
