threshold,survive,true,precision,recall_pool,recall_gt_divisions,gt_divisions_hit,precision_44b6,precision_6bba,survive_44b6,survive_6bba
0.0,2334,13,0.005569837189374464,1.0,0.14772727272727273,13,0.0037243947858473,0.007142857142857143,1074,1260
0.05,2075,13,0.006265060240963855,1.0,0.14772727272727273,13,0.0039447731755424065,0.008482563619227144,1014,1061
0.1,1784,13,0.0072869955156950675,1.0,0.14772727272727273,13,0.0044444444444444444,0.010180995475113122,900,884
0.15,1496,13,0.008689839572192513,1.0,0.14772727272727273,13,0.005221932114882507,0.012328767123287671,766,730
0.2,1203,13,0.010806317539484621,1.0,0.14772727272727273,13,0.0065040650406504065,0.015306122448979591,615,588
0.25,871,13,0.014925373134328358,1.0,0.14772727272727273,13,0.008888888888888889,0.021377672209026127,450,421
0.3,548,9,0.016423357664233577,0.6923076923076923,0.10227272727272728,9,0.003484320557491289,0.03065134099616858,287,261
0.4,190,4,0.021052631578947368,0.3076923076923077,0.045454545454545456,4,0.010752688172043012,0.030927835051546393,93,97
0.5,18,0,0.0,0.0,0.0,0,0.0,0.0,9,9
0.7,0,0,,0.0,0.0,0,,,0,0
