film,embryo,parent_id,t_parent,n_children,dt_a,dt_b,sister_sep_um,sister_dz_um,sister_dy_um,sister_dx_um,sister_cheb_vox,sister_cheb_vox_rounded,pd_a_um,pd_b_um,grandparent,parent_matched,a_matched,b_matched,both_matched,both_matched_k5,a_nearest_det_um,a_nearest_is_sisters,b_nearest_det_um,b_nearest_is_sisters
44b6_12dfb391,44b6,172000000050,66,2,1,1,9.484001743067111,0.0,9.34375,1.625,5.75,5,4.875,4.755034338729848,1,1,1,1,1,1,2.03125,0,1.8168052317185792,0
44b6_267148e4,44b6,16000000001,3,2,1,1,11.504839335036365,3.25,1.21875,10.96875,6.75,7,7.094851236107774,5.525597394173774,1,1,1,1,1,1,2.03125,0,0.9084026158592896,0
44b6_2a2eff9f,44b6,160000000048,11,2,1,1,8.75089281159357,6.5,3.25,4.875,4.0,4,8.384905522723557,0.5745242597140698,0,1,1,1,1,1,2.569350598886808,0,2.569350598886808,0
44b6_341df25f,44b6,79000000000,4,2,1,1,11.619034087436011,3.25,10.96875,2.03125,6.75,7,7.141223306444072,4.5420130792964475,1,1,1,1,1,1,1.86167137607581,0,1.21875,0
44b6_587a1e22,44b6,21000000052,19,2,1,1,14.65318464745804,9.75,4.0625,10.15625,6.25,6,9.917826437783633,6.2541392543258905,1,1,1,1,1,1,1.86167137607581,0,2.368824207280903,0
44b6_5f15d135,44b6,125000000011,36,2,1,1,10.570309612896871,0.0,10.5625,0.40625,6.5,6,5.540511314400504,5.525597394173774,1,1,1,1,1,1,2.0714766773970688,0,1.86167137607581,0
44b6_706092f0,44b6,446000000015,49,2,1,1,4.667457150312148,3.25,3.25,0.8125,2.0,2,4.394265616971737,0.40625,1,1,0,1,0,0,4.667457150312148,1,0.0,0
44b6_74d0c52e,44b6,296000000021,58,2,1,1,11.583469161373893,6.5,5.6875,7.71875,4.75,5,12.335558991184794,0.9084026158592896,1,1,1,1,1,1,1.1490485194281397,0,2.03125,0
44b6_7a302da0,44b6,263000000019,90,2,1,1,9.766912415139188,1.625,4.46875,8.53125,5.25,5,6.20113711850496,3.832554834897995,1,1,1,1,1,1,2.2980970388562794,0,1.284675299443404,0
44b6_996155de,44b6,438000000002,19,2,1,1,8.946728190377755,0.0,6.90625,5.6875,4.25,4,4.631962664465248,4.5420130792964475,1,1,1,1,1,1,0.5745242597140698,0,2.03125,0
44b6_9be80b04,44b6,476000000008,77,2,1,1,8.375058302035873,0.0,5.28125,6.5,4.0,4,4.908737426772795,4.0827619710803615,1,1,1,1,1,1,0.5745242597140698,0,1.86167137607581,0
44b6_a21120c2,44b6,68000000011,52,2,1,1,6.613270867165506,0.0,4.875,4.46875,3.0,3,4.182599744775969,2.9575446425202108,1,1,1,1,1,1,1.4647552056572457,0,2.0714766773970688,0
44b6_a21120c2,44b6,76000000019,60,2,1,1,9.020213845164648,1.625,2.4375,8.53125,5.25,5,6.749131888620936,4.162823748671087,1,1,1,1,1,1,1.8168052317185792,0,1.21875,0
44b6_aaf8b0ea,44b6,390000000000,61,2,1,1,2.8726212985703494,0.0,2.03125,2.03125,1.25,1,3.8540258983302125,1.8168052317185792,1,1,1,1,1,1,3.494694639736067,1,0.8125,0
44b6_c50204e0,44b6,171000000043,28,2,1,1,9.834271229989541,4.875,0.40625,8.53125,5.25,5,5.87308811976289,4.0010984819796676,1,1,1,1,1,1,1.4647552056572457,0,6.761347521944128,0
44b6_c50204e0,44b6,208000000033,65,2,1,1,6.2541392543258905,1.625,2.03125,5.6875,3.5,3,4.0010984819796676,2.632800908728193,1,1,1,1,1,1,1.86167137607581,0,3.494694639736067,0
44b6_c8e2a523,44b6,128000000004,72,2,1,1,4.487177913232324,1.625,3.65625,2.03125,2.25,3,5.465534769123694,2.6012692214570947,1,1,1,1,1,1,3.447145558284419,1,2.0714766773970688,0
44b6_d2f34f90,44b6,275000000002,51,2,1,1,8.482749038489821,6.5,4.875,2.4375,4.0,4,6.214430032191206,2.368824207280903,1,1,1,1,1,1,1.284675299443404,0,0.5745242597140698,0
44b6_d2f34f90,44b6,286000000004,62,2,1,1,7.187296192762616,4.875,0.0,5.28125,3.25,3,6.147678042358757,1.8168052317185792,1,1,1,1,1,1,1.625,0,0.40625,0
44b6_d5e7d891,44b6,173000000010,12,2,1,1,10.123697832931404,6.5,5.6875,5.28125,4.0,4,8.492471390149042,2.2980970388562794,1,1,1,1,1,1,1.9902104160113323,0,3.2752922102462856,0
44b6_d5e7d891,44b6,208000000033,47,2,1,1,6.2541392543258905,1.625,2.03125,5.6875,3.5,4,4.0010984819796676,2.632800908728193,1,1,1,1,1,1,3.300390601883359,0,3.832554834897995,0
44b6_d754aa59,44b6,69000000054,63,2,1,1,12.112791856648904,9.75,5.28125,4.875,6.0,6,6.319766856854769,5.816614806956019,1,1,1,1,1,1,0.8125,0,0.9084026158592896,0
44b6_deabac95,44b6,120000000018,28,2,1,1,12.140011647955697,6.5,5.6875,8.53125,5.25,5,6.761347521944128,6.345827861674157,1,1,1,1,1,1,2.03125,0,0.8125,0
44b6_e28840c6,44b6,381000000009,23,2,1,1,7.289895618251334,4.875,5.28125,1.21875,3.25,3,4.596194077712559,2.8726212985703494,1,1,1,1,1,1,2.632800908728193,0,1.9902104160113323,0
44b6_e28840c6,44b6,419000000009,61,2,1,1,7.198768340834423,4.875,4.46875,2.84375,3.0,3,6.214430032191206,1.625,1,1,1,1,1,1,3.2752922102462856,0,5.525597394173774,0
44b6_eb2880fc,44b6,160000000048,72,2,1,1,10.017172754824587,8.125,3.25,4.875,5.0,5,9.699085813879574,0.5745242597140698,1,1,1,1,1,1,2.333728575156074,0,1.21875,0
6bba_05db0fb1,6bba,25000381,24,2,1,1,12.48847124601326,4.875,9.75,6.09375,6.0,6,6.953879874753374,5.745242597140699,1,1,1,1,1,1,0.9084026158592896,0,1.1490485194281397,0
6bba_05db0fb1,6bba,53001011,52,2,1,1,8.52157189138248,1.625,4.0625,7.3125,4.5,5,6.358818311015027,2.6012692214570947,1,1,1,1,1,1,6.563169608695177,0,5.28125,0
6bba_05db0fb1,6bba,63001217,62,2,1,1,9.352577351992338,8.125,1.21875,4.46875,5.0,5,7.368707591056928,2.03125,1,1,1,1,1,1,1.8168052317185792,0,1.284675299443404,0
6bba_062c8d37,6bba,90001276,89,2,1,1,9.084026158592895,6.5,4.0625,4.875,4.0,4,5.92902355472636,3.5648292823780494,1,1,1,1,1,1,2.0714766773970688,0,1.7235727791422095,0
6bba_07e24132,6bba,36000309,35,2,1,1,8.492471390149042,3.25,7.3125,2.84375,4.5,5,4.908737426772795,4.0010984819796676,1,1,1,1,1,1,5.450415695155737,0,4.241374519244911,0
6bba_07e24132,6bba,66000550,65,2,1,1,7.66510966979599,1.625,5.6875,4.875,3.5,4,6.423376497217021,3.300390601883359,1,1,1,1,1,1,0.9084026158592896,0,3.374565944310468,0
6bba_085bf656,6bba,19000327,18,2,1,1,9.334914300624297,6.5,1.625,6.5,4.0,4,9.065839901796192,3.494694639736067,1,1,0,1,0,0,5.58501412822743,1,4.394265616971737,0
6bba_09961292,6bba,25000920,24,2,1,1,11.619034087436011,4.875,2.84375,10.15625,6.25,6,6.410516871711672,5.92902355472636,1,1,1,1,1,1,3.350023320814349,0,5.170718337426629,0
6bba_09961292,6bba,45001493,44,2,1,1,5.658407737606049,3.25,1.21875,4.46875,2.75,3,4.487177913232324,1.625,1,1,1,1,1,1,0.9084026158592896,0,3.832554834897995,0
6bba_09961292,6bba,53001680,52,2,1,1,7.887948184572462,0.0,6.5,4.46875,4.0,4,4.487177913232324,4.0827619710803615,1,1,1,1,1,1,1.6750116604071745,0,1.625,0
6bba_09961292,6bba,49001609,48,2,1,1,5.025034981221523,1.625,1.625,4.46875,2.75,3,3.300390601883359,2.03125,1,1,1,1,1,1,2.6012692214570947,0,2.2980970388562794,0
6bba_0e7c0d07,6bba,58000343,57,2,1,1,13.012689119663161,3.25,12.59375,0.40625,7.75,8,11.830178570080843,5.041429918683786,1,1,1,1,1,1,5.3895152843275245,0,2.632800908728193,0
6bba_12665c0e,6bba,40000830,39,2,1,1,13.006346107285474,4.875,6.5,10.15625,6.25,7,7.175805703891376,6.039340428598143,1,1,1,1,1,1,1.4647552056572457,0,0.5745242597140698,0
6bba_12665c0e,6bba,98001485,97,2,1,1,13.263922520318037,9.75,8.53125,2.84375,6.0,6,8.608283165794443,4.89189779763437,1,1,1,1,1,1,2.2980970388562794,0,2.368824207280903,0
6bba_12665c0e,6bba,21000472,20,2,1,1,14.357360100746238,4.875,13.0,3.65625,8.0,8,8.335553089777546,6.550584420492571,1,1,1,1,1,1,2.2980970388562794,0,1.6750116604071745,0
6bba_1d0d8384,6bba,15000455,14,2,1,1,5.296851954227152,0.0,5.28125,0.40625,3.25,3,3.6336104634371584,2.632800908728193,1,1,1,1,1,1,4.0827619710803615,1,1.21875,0
6bba_207c6aaf,6bba,42000280,41,2,1,1,13.96105772541966,6.5,2.03125,12.1875,7.5,7,8.453514893965705,5.887121803139459,1,1,1,1,1,1,3.2752922102462856,0,3.447145558284419,0
6bba_20852818,6bba,40000487,39,2,1,1,9.41413705883338,6.5,6.5,2.03125,4.0,4,5.773897351442957,4.0827619710803615,1,1,1,1,1,1,1.7235727791422095,0,1.6750116604071745,0
6bba_20852818,6bba,42000516,41,2,1,1,4.958913218891817,3.25,3.65625,0.8125,2.25,2,4.1429533547941375,1.21875,1,1,1,1,1,1,2.0714766773970688,0,0.9084026158592896,0
6bba_20852818,6bba,83001034,82,2,1,1,16.695837102778047,16.25,3.25,2.03125,10.0,10,8.64654239060331,8.225935547097363,1,1,1,1,1,1,2.0714766773970688,0,2.9575446425202108,0
6bba_2312ac41,6bba,11000190,10,2,1,1,16.05073134042496,14.625,4.46875,4.875,9.0,9,8.325647497342175,8.295859754268994,1,1,1,1,1,1,3.494694639736067,0,3.374565944310468,0
6bba_2312ac41,6bba,20000316,19,2,1,1,6.080193253507654,1.625,3.25,4.875,3.0,3,4.0010984819796676,2.6012692214570947,1,1,1,1,1,1,1.86167137607581,0,3.5648292823780494,0
6bba_268e1230,6bba,25000170,24,2,1,1,11.554938405828912,1.625,10.96875,3.25,6.75,7,10.41300456460574,2.0714766773970688,1,1,1,1,1,1,1.86167137607581,0,1.1490485194281397,0
6bba_2819ca14,6bba,62000719,61,2,1,1,12.30206569290296,3.25,9.34375,7.3125,5.75,6,9.690574109024707,4.021669817998489,1,1,1,1,1,1,2.03125,0,1.7235727791422095,0
6bba_32db13fc,6bba,6000204,5,2,1,1,13.907759749506749,1.625,0.0,13.8125,8.5,9,7.589376312484445,6.613270867165506,1,1,1,0,0,0,3.7454399357752353,0,7.323776028286228,0
6bba_337b1b3a,6bba,39000297,38,2,1,1,11.554938405828912,0.0,11.375,2.03125,7.0,7,8.09447390585083,3.6787502123683256,1,1,1,1,1,1,2.0714766773970688,0,1.86167137607581,0
6bba_337b1b3a,6bba,59000663,58,2,1,1,11.633229613912038,4.875,9.75,4.0625,6.0,6,7.3125,4.4502457797294745,1,1,1,1,1,1,1.625,0,1.8168052317185792,0
6bba_3abfe10a,6bba,82001296,81,2,1,1,11.975764915549236,11.375,0.8125,3.65625,7.0,7,6.9181882111576005,5.154734625807618,1,1,1,1,1,1,2.1877232028983924,0,3.9804208320226646,0
6bba_3c5691b6,6bba,7000054,6,2,1,1,10.285428482202382,1.625,8.125,6.09375,5.0,5,7.413366833800955,2.9295104113144914,1,1,1,1,1,1,3.494694639736067,0,0.9084026158592896,0
6bba_3c5691b6,6bba,23000172,22,2,1,1,15.091517692067951,11.375,8.125,5.6875,7.0,7,13.528795966844203,2.6012692214570947,1,1,1,1,1,1,1.21875,0,2.471122277933652,0
6bba_3db54e20,6bba,83000724,82,2,1,1,13.257699708565585,13.0,1.625,2.03125,8.0,8,8.205847762419188,5.090297909995052,1,1,1,1,1,1,3.494694639736067,0,6.662995408410545,0
6bba_3fda6b25,6bba,29000542,28,2,1,1,12.48847124601326,8.125,6.90625,6.5,5.0,5,8.453514893965705,5.296851954227152,1,1,1,1,1,1,3.350023320814349,0,1.86167137607581,0
6bba_474be664,6bba,64000351,63,2,1,1,10.546863425919575,8.125,6.09375,2.84375,5.0,5,6.3066959703556345,4.241374519244911,1,1,1,1,1,1,2.03125,0,6.613270867165506,0
6bba_48816121,6bba,6000026,5,2,1,1,7.048174076489598,4.875,2.4375,4.46875,3.0,3,4.0625,3.5648292823780494,1,1,1,1,1,1,0.8125,0,1.4647552056572457,0
6bba_48816121,6bba,12000059,11,2,1,1,14.031806781826067,13.0,4.875,2.03125,8.0,8,7.048174076489598,6.989389279472134,1,1,1,1,1,1,2.2980970388562794,0,2.6012692214570947,0
6bba_48816121,6bba,17000095,16,2,1,1,20.300308841554603,19.5,4.875,2.84375,12.0,12,11.788252229444364,8.53125,1,1,1,1,1,1,3.72334275215162,0,3.917733121653388,0
6bba_48816121,6bba,58000508,57,2,1,1,14.832298214117056,11.375,6.09375,7.3125,7.0,7,8.215897794063652,7.129658564756099,1,1,1,1,1,1,5.154734625807618,0,1.1490485194281397,0
6bba_48816121,6bba,61000553,60,2,1,1,5.525597394173774,1.625,5.28125,0.0,3.25,3,4.375446405796785,1.21875,1,1,0,1,0,0,3.471001521535247,1,2.8726212985703494,0
6bba_4f99ce20,6bba,31000364,30,2,1,1,13.03169963253067,1.625,9.34375,8.9375,5.75,6,11.753199364960164,2.632800908728193,1,1,1,1,1,1,3.494694639736067,0,5.025034981221523,0
6bba_4f99ce20,6bba,95001258,94,2,1,1,3.72334275215162,1.625,0.8125,3.25,2.0,2,2.84375,1.86167137607581,1,1,1,1,1,1,3.447145558284419,0,2.9295104113144914,0
6bba_4ffd3da3,6bba,46000256,45,2,1,1,15.864569654185392,9.75,7.3125,10.15625,6.25,6,9.492698674507688,6.858289350304491,1,1,1,1,1,1,3.2752922102462856,0,2.0714766773970688,0
6bba_4ffd3da3,6bba,55000321,54,2,1,1,15.506834430743755,13.0,6.90625,4.875,8.0,8,9.352577351992338,6.461801823988415,1,1,1,1,1,1,3.6787502123683256,0,3.5648292823780494,0
6bba_4ffd3da3,6bba,94000737,93,2,1,1,16.421748631768786,11.375,10.15625,6.09375,7.0,7,12.929987251057133,4.755034338729848,1,1,1,1,1,1,4.021669817998489,0,3.72334275215162,0
6bba_55b7eebe,6bba,49000351,48,2,1,1,13.012689119663161,3.25,12.59375,0.40625,7.75,8,8.053592463149597,5.28125,1,1,1,1,1,1,1.7235727791422095,0,2.569350598886808,0
6bba_57b7cc1e,6bba,13000378,12,2,1,1,10.908398785454262,9.75,4.875,0.40625,6.0,6,5.87308811976289,5.138701197773616,1,1,1,1,1,1,3.494694639736067,0,1.21875,0
6bba_57b7cc1e,6bba,78002270,77,2,1,1,8.325647497342175,6.5,4.0625,3.25,4.0,4,6.512682938889317,1.86167137607581,1,1,1,1,1,1,1.6750116604071745,0,5.025034981221523,0
6bba_57b7cc1e,6bba,24000720,23,2,1,1,11.892790949247363,8.125,8.53125,1.625,5.25,5,7.66510966979599,5.025034981221523,1,1,1,1,1,1,1.86167137607581,0,1.9902104160113323,0
6bba_5c039895,6bba,59000855,58,2,1,1,14.125587653704889,8.125,11.375,2.03125,7.0,7,9.27282867104208,5.202538442914189,1,1,1,1,1,1,0.40625,0,2.4375,0
6bba_5c039895,6bba,53000762,52,2,1,1,12.328867610713484,3.25,1.625,11.78125,7.25,7,7.129658564756099,6.858289350304491,1,1,1,1,1,1,2.0714766773970688,0,0.9084026158592896,0
6bba_5c039895,6bba,11000170,10,2,1,1,8.617863895711048,4.875,3.65625,6.09375,3.75,4,4.772356925566235,4.4502457797294745,1,1,1,1,1,1,1.9902104160113323,0,2.0714766773970688,0
6bba_5c824876,6bba,3000057,2,2,1,1,11.554938405828912,3.25,9.75,5.28125,6.0,6,8.255975582116266,4.908737426772795,1,1,1,1,1,1,4.487177913232324,0,1.21875,0
6bba_61ecbe65,6bba,35000328,34,2,1,1,6.563169608695177,1.625,2.84375,5.6875,3.5,4,7.929683651476899,2.2980970388562794,1,1,1,1,1,1,2.03125,0,2.0714766773970688,0
6bba_6321a359,6bba,9000094,8,2,1,1,10.878097619184157,1.625,10.5625,2.03125,6.5,7,11.774243606278919,5.525597394173774,1,1,1,1,1,1,2.7252078475778685,0,2.4375,0
6bba_67ebd073,6bba,87000772,86,2,1,1,9.228226061925445,3.25,5.6875,6.5,4.0,4,6.3066959703556345,3.0671202393287422,1,1,1,1,1,1,1.86167137607581,0,2.1877232028983924,0
6bba_6ca87370,6bba,67000540,66,2,1,1,10.41300456460574,6.5,8.125,0.40625,5.0,5,6.9181882111576005,3.832554834897995,1,1,1,1,1,1,3.494694639736067,0,3.374565944310468,0
6bba_705ec2c9,6bba,43000460,42,2,1,1,12.619932460694868,0.0,0.8125,12.59375,7.75,8,8.384905522723557,5.87308811976289,1,1,1,1,1,1,0.5745242597140698,0,1.6750116604071745,0
6bba_74686d6a,6bba,9000037,8,2,1,1,12.955490209270353,3.25,11.375,5.28125,7.0,6,6.625736987309412,6.512682938889317,1,1,1,1,1,1,2.4375,0,1.86167137607581,0
6bba_74686d6a,6bba,25000128,24,2,1,1,17.14452012488247,3.25,16.65625,2.4375,10.25,10,9.165417765301264,8.75089281159357,1,1,1,1,1,1,2.03125,0,2.632800908728193,0
6bba_784a78c9,6bba,26000566,25,2,1,1,10.341436674853258,6.5,5.6875,5.6875,4.0,4,7.501887783251626,3.832554834897995,1,1,1,1,1,1,3.6336104634371584,0,1.9902104160113323,0
6bba_786893ac,6bba,64002179,63,2,1,1,6.397631397634597,1.625,2.4375,5.6875,3.5,3,4.487177913232324,3.494694639736067,1,1,1,1,1,1,1.8168052317185792,0,1.8168052317185792,0
6bba_786893ac,6bba,18000797,17,2,1,1,10.309469251615235,3.25,0.8125,9.75,6.0,6,7.278567102287373,3.2752922102462856,1,1,1,1,1,1,2.6012692214570947,0,1.6750116604071745,0
6bba_786893ac,6bba,2000105,1,2,1,1,6.080193253507654,3.25,4.875,1.625,3.0,3,5.296851954227152,1.284675299443404,1,1,1,1,1,1,3.0671202393287422,0,1.6750116604071745,0
6bba_78a7bd97,6bba,65000803,64,2,1,1,6.358818311015027,1.625,0.8125,6.09375,3.75,4,6.5253412267099105,5.154734625807618,0,1,1,1,1,1,1.8168052317185792,0,3.832554834897995,0
6bba_78a7bd97,6bba,57000619,56,2,1,1,12.619932460694868,8.125,2.4375,9.34375,5.75,6,6.90625,6.214430032191206,1,0,1,1,1,1,0.40625,0,2.4375,0
6bba_7af54fde,6bba,53000865,52,2,1,1,12.90443389159323,11.375,3.65625,4.875,7.0,7,7.10647262184271,5.87308811976289,1,1,1,1,1,1,3.2752922102462856,0,3.300390601883359,0
6bba_7af54fde,6bba,56000905,55,2,1,1,12.1875,1.625,11.375,4.0625,7.0,7,7.001185725468223,5.28125,1,1,1,1,1,1,3.65625,0,1.86167137607581,0
6bba_7d3058ae,6bba,33000475,32,2,1,1,11.668642875780371,8.125,3.25,7.71875,5.0,5,7.501887783251626,5.202538442914189,1,1,1,1,1,1,2.333728575156074,0,2.0714766773970688,0
6bba_7d3058ae,6bba,84001401,83,2,1,1,12.547799234327906,6.5,5.28125,9.34375,5.75,5,6.625736987309412,6.550584420492571,1,1,1,1,1,1,0.40625,0,1.86167137607581,0
6bba_7f87b3d8,6bba,28000723,27,2,1,1,9.084026158592895,4.875,4.0625,6.5,4.0,4,7.3125,1.9902104160113323,1,1,1,1,1,1,2.632800908728193,0,1.7235727791422095,0
6bba_7f87b3d8,6bba,38000925,37,2,1,1,13.313600306641325,3.25,12.59375,2.84375,7.75,8,8.482749038489821,7.643548137154629,1,1,1,1,1,1,4.942244555867304,0,5.170718337426629,0
6bba_7f87b3d8,6bba,73001556,72,2,1,1,5.970631248033997,1.625,0.8125,5.6875,3.5,3,3.2752922102462856,2.9575446425202108,0,1,1,0,0,0,4.0625,0,2.4375,1
6bba_80d12824,6bba,60000533,59,2,1,1,11.78125,4.875,4.46875,9.75,6.0,6,8.67512607977544,5.701990469344894,1,1,1,1,1,1,1.7235727791422095,0,1.4647552056572457,0
6bba_87289e13,6bba,78001026,77,2,1,1,13.381606137250492,3.25,12.1875,4.46875,7.5,7,9.967623368938053,9.825876630738858,1,1,1,1,1,1,1.1490485194281397,0,2.03125,0
6bba_8b7818bf,6bba,4000023,3,2,1,1,13.412403890615582,0.0,0.40625,13.40625,8.25,9,8.722557412393455,5.154734625807618,1,1,1,1,1,1,1.284675299443404,0,1.8168052317185792,0
6bba_8b7818bf,6bba,34000238,33,2,1,1,9.138367776851618,8.125,2.03125,3.65625,5.0,5,5.984436194204096,3.374565944310468,1,1,1,1,1,0,2.03125,0,5.343384490423649,0
6bba_907271db,6bba,97001173,96,2,1,1,13.164004543640965,3.25,12.59375,2.03125,7.75,7,9.690574109024707,5.6438053707139835,1,1,1,1,1,1,3.447145558284419,0,3.494694639736067,0
6bba_969618f6,6bba,57000466,56,2,1,1,15.17875262496889,14.625,0.0,4.0625,9.0,9,9.065839901796192,7.198768340834423,1,1,1,1,1,1,2.333728575156074,0,2.333728575156074,0
6bba_969618f6,6bba,72000614,71,2,1,1,14.454738085658972,11.375,7.71875,4.46875,7.0,7,12.846752994434041,1.7235727791422095,1,1,1,1,1,1,1.7235727791422095,0,1.8168052317185792,0
6bba_969618f6,6bba,40000345,39,2,1,1,7.233075612248222,0.0,5.6875,4.46875,3.5,3,6.613270867165506,1.284675299443404,1,1,1,1,1,1,1.7235727791422095,0,2.6012692214570947,0
6bba_9a41d029,6bba,50000865,49,2,1,1,7.845990715805111,0.0,7.3125,2.84375,4.5,4,7.4908798715504705,2.6012692214570947,1,1,1,1,1,1,0.9084026158592896,0,2.4375,0
6bba_9a41d029,6bba,53000912,52,2,1,1,12.724123557734734,1.625,12.59375,0.8125,7.75,8,6.749131888620936,6.3066959703556345,0,1,1,1,1,1,1.6750116604071745,0,2.0714766773970688,0
6bba_9e23430b,6bba,90001032,89,2,1,1,8.75089281159357,4.875,3.25,6.5,4.0,4,5.92902355472636,2.9575446425202108,1,1,1,1,1,1,2.333728575156074,0,2.333728575156074,0
6bba_ab78413d,6bba,68001291,67,2,1,1,7.187296192762616,4.875,4.875,2.03125,3.0,3,8.617863895711048,1.6750116604071745,1,1,1,1,1,1,6.214430032191206,0,1.6750116604071745,0
6bba_ab78413d,6bba,78001460,77,2,1,1,7.632744530147724,1.625,6.5,3.65625,4.0,4,6.039340428598143,2.569350598886808,1,1,1,1,1,1,4.772356925566235,0,3.832554834897995,1
6bba_aeee7805,6bba,14000155,13,2,1,1,7.621925609713073,3.25,4.875,4.875,3.0,3,6.700046641628698,2.8145825622994254,1,1,1,1,1,0,4.021669817998489,0,1.7235727791422095,0
6bba_afb141ff,6bba,48000452,47,2,1,1,11.809234006170763,4.875,2.03125,10.5625,6.5,6,7.643548137154629,4.318496736423452,1,1,1,1,1,1,2.1877232028983924,0,2.0714766773970688,0
6bba_afb141ff,6bba,33000277,32,2,1,1,6.600781203766718,3.25,0.8125,5.6875,3.5,4,6.358818311015027,1.6750116604071745,1,1,1,1,1,1,2.4375,0,0.8125,0
6bba_afb141ff,6bba,49000478,48,2,1,1,7.845990715805111,6.5,3.65625,2.4375,4.0,4,6.662995408410545,2.9295104113144914,0,1,1,1,1,1,5.701990469344894,0,2.368824207280903,0
6bba_afb141ff,6bba,29000239,28,2,1,1,10.531203634912773,6.5,1.625,8.125,5.0,6,9.334914300624297,1.625,1,1,1,1,1,1,1.9902104160113323,0,1.9902104160113323,0
6bba_b204cac7,6bba,74000810,73,2,1,1,9.825876630738858,4.875,8.53125,0.0,5.25,5,5.658407737606049,4.5420130792964475,1,1,1,1,1,1,1.625,0,1.6750116604071745,0
6bba_b204cac7,6bba,95001023,94,2,1,1,13.86616413477426,0.0,13.8125,1.21875,8.5,9,10.847711812290184,7.175805703891376,1,1,1,1,1,1,1.6750116604071745,0,1.7235727791422095,0
6bba_b329af44,6bba,83001755,82,2,1,1,7.708051796660425,3.25,5.6875,4.0625,3.5,3,5.202538442914189,2.9295104113144914,1,1,1,1,1,1,2.0714766773970688,0,0.5745242597140698,0
6bba_bb9f20c3,6bba,32000835,31,2,1,1,11.447314777929364,4.875,10.15625,2.03125,6.25,6,7.3125,4.908737426772795,1,1,1,1,1,1,0.40625,0,2.1877232028983924,0
6bba_bb9f20c3,6bba,47001238,46,2,1,1,8.135149910265945,3.25,6.5,3.65625,4.0,4,5.745242597140699,2.7252078475778685,1,1,1,1,1,1,1.625,0,0.40625,0
6bba_bb9f20c3,6bba,86002188,85,2,1,1,6.809990937035085,1.625,6.5,1.21875,4.0,4,4.823951472859154,2.0714766773970688,1,1,1,1,1,1,1.8168052317185792,0,4.614113030962723,0
6bba_c328f2fd,6bba,67000304,66,2,1,1,17.125256613040868,6.5,14.625,6.09375,9.0,10,13.381606137250492,4.182599744775969,1,1,1,1,1,1,2.1877232028983924,0,1.9902104160113323,0
6bba_c328f2fd,6bba,29000074,28,2,1,1,14.921048733668153,11.375,8.9375,3.65625,7.0,7,12.32217259658377,11.206905307108649,1,1,1,1,1,1,1.9902104160113323,0,0.40625,0
6bba_cdcfe533,6bba,29000464,28,2,1,1,9.449133971560569,3.25,8.53125,2.4375,5.25,5,9.352577351992338,3.917733121653388,1,1,1,1,1,1,1.7235727791422095,0,2.1877232028983924,0
6bba_cdcfe533,6bba,49000935,48,2,1,1,11.316815475212097,6.5,8.9375,2.4375,5.5,5,10.694487847134148,3.0671202393287422,1,1,1,1,1,1,1.86167137607581,0,2.03125,0
6bba_cdcfe533,6bba,53001039,52,2,1,1,7.814374775053984,3.25,6.09375,3.65625,3.75,3,5.701990469344894,2.6012692214570947,1,1,1,1,1,1,1.1490485194281397,0,2.0714766773970688,0
6bba_cdcfe533,6bba,87002049,86,2,1,1,9.901171805650076,4.875,8.53125,1.21875,5.25,5,5.2183757350827085,5.025034981221523,1,1,1,1,1,1,1.86167137607581,0,2.03125,0
6bba_d1acb6ff,6bba,68000881,67,2,1,1,9.449133971560569,0.0,4.0625,8.53125,5.25,5,7.66510966979599,4.162823748671087,1,1,1,1,1,1,5.2183757350827085,0,1.7235727791422095,0
6bba_d2b9fc0c,6bba,73000666,72,2,1,1,11.051194788347548,0.0,10.5625,3.25,6.5,7,8.99272709610383,2.0714766773970688,1,1,1,1,1,1,2.6012692214570947,0,2.1877232028983924,0
6bba_d2b9fc0c,6bba,79000759,78,2,1,1,12.639533713709538,3.25,12.1875,0.8125,7.5,7,8.443747686898277,5.008586377412294,1,1,1,1,1,1,1.284675299443404,0,2.0714766773970688,0
6bba_d3da753b,6bba,64000722,63,2,1,1,10.309469251615235,3.25,7.3125,6.5,4.5,4,10.050069962443047,3.040096626753827,1,1,1,1,1,1,2.03125,0,0.40625,0
6bba_debd7bfa,6bba,38000863,37,2,1,1,7.3125,3.25,0.8125,6.5,4.0,4,5.984436194204096,1.6750116604071745,1,1,1,1,1,1,0.5745242597140698,0,2.0714766773970688,0
6bba_debd7bfa,6bba,13000353,12,2,1,1,6.9181882111576005,0.0,6.90625,0.40625,4.25,4,5.745242597140699,5.170718337426629,1,1,1,1,1,1,1.8168052317185792,0,2.0714766773970688,0
6bba_debd7bfa,6bba,27000673,26,2,1,1,13.61998187407017,11.375,5.6875,4.875,7.0,7,8.30580087198098,5.420051026051323,1,1,1,1,1,1,3.447145558284419,0,3.350023320814349,0
6bba_debd7bfa,6bba,37000853,36,2,1,1,11.74617623952578,6.5,9.75,0.8125,6.0,6,10.663578858080433,5.701990469344894,1,1,1,1,1,1,1.7235727791422095,0,5.170718337426629,0
6bba_df673a83,6bba,47000322,46,2,1,1,8.125,6.5,4.875,0.0,4.0,4,5.202538442914189,3.72334275215162,1,1,1,1,1,0,3.494694639736067,0,0.5745242597140698,0
6bba_df673a83,6bba,49000345,48,2,1,1,10.671314498458004,1.625,10.15625,2.84375,6.25,7,8.384905522723557,7.621925609713073,1,1,1,1,1,1,5.343384490423649,0,3.5648292823780494,0
6bba_df673a83,6bba,52000372,51,2,1,1,14.125587653704889,13.0,3.25,4.46875,8.0,8,7.198768340834423,7.001185725468223,1,1,1,1,1,1,1.7235727791422095,0,2.6012692214570947,0
6bba_df673a83,6bba,56000404,55,2,1,1,5.296851954227152,3.25,3.65625,2.03125,2.25,2,3.494694639736067,3.447145558284419,1,1,1,0,0,0,1.21875,0,4.958913218891817,1
6bba_e16ffc58,6bba,27000395,26,2,1,1,11.955075412769256,1.625,1.21875,11.78125,7.25,8,8.443747686898277,4.631962664465248,1,1,1,1,1,1,2.1877232028983924,0,0.9084026158592896,0
6bba_ebdf3b34,6bba,14000412,13,2,1,1,12.48847124601326,1.625,9.34375,8.125,5.75,6,9.21032453961314,6.20113711850496,1,1,1,1,1,1,1.625,0,1.21875,0
6bba_ebdf3b34,6bba,85001151,84,2,1,1,7.468815376282908,4.875,2.03125,5.28125,3.25,3,4.614113030962723,2.9575446425202108,1,1,1,1,1,1,2.03125,0,1.4647552056572457,0
6bba_ef7b4f7e,6bba,15000245,14,2,1,1,10.476210028559947,6.5,1.21875,8.125,5.0,5,6.214430032191206,4.755034338729848,1,1,1,1,1,1,1.4647552056572457,0,5.041429918683786,0
6bba_ef7b4f7e,6bba,90001375,89,2,1,1,11.633229613912038,9.75,4.875,4.0625,6.0,6,8.043339635996977,3.72334275215162,1,1,1,1,1,1,1.8168052317185792,0,1.625,0
6bba_f20478e9,6bba,24000334,23,2,1,1,10.188698165737367,6.5,2.84375,7.3125,4.5,5,7.048174076489598,3.300390601883359,1,1,1,1,1,1,5.296851954227152,0,2.6012692214570947,0
6bba_f8ffd5e7,6bba,11000111,10,2,1,1,11.468920298463146,11.375,1.21875,0.8125,7.0,7,8.414378040740742,4.021669817998489,1,1,1,1,1,1,0.5745242597140698,0,1.21875,0
6bba_f8ffd5e7,6bba,64000650,63,2,1,1,11.753199364960164,9.75,6.09375,2.4375,6.0,6,10.405076885828379,4.0827619710803615,1,1,1,1,1,1,1.1490485194281397,0,0.40625,0
6bba_fc5f39dc,6bba,25000064,24,2,1,1,14.49464475461541,8.125,10.96875,4.875,6.75,7,7.887948184572462,6.749131888620936,1,1,1,1,1,1,1.8168052317185792,0,2.03125,0
6bba_fc5f39dc,6bba,55000245,54,2,1,1,13.400093283257396,9.75,6.5,6.5,6.0,6,8.002196963959335,5.6875,1,1,1,1,1,1,2.03125,0,2.6012692214570947,0
6bba_fe670320,6bba,1000014,0,2,1,1,12.481861840286488,1.625,4.875,11.375,7.0,7,6.90625,6.809990937035085,0,1,1,1,1,1,2.8145825622994254,0,2.2980970388562794,0
6bba_fe670320,6bba,67000712,66,2,1,1,13.698518681320984,3.25,2.84375,13.0,8.0,8,8.215897794063652,7.129658564756099,1,1,1,1,1,1,1.8168052317185792,0,1.4647552056572457,0
