film,embryo,est_nodes,suprathreshold_voxels,n_k1,ratio_k1,n_k3,ratio_k3,n_k5,ratio_k5,n_k7,ratio_k7
44b6_0113de3b,44b6,25755.0,389479,389479,15.122461657930499,27172,1.0550184430207727,26341,1.0227528635216463,22907,0.889419530188313
44b6_0b24845f,44b6,32795.0,836791,836791,25.515810336941605,44136,1.3458149108095747,36965,1.1271535295014483,28487,0.8686385119682879
44b6_0c582fdc,44b6,27958.0,552487,552487,19.761320552256958,32998,1.1802704056084126,29769,1.064775735031118,23928,0.8558552113885113
44b6_0db75fae,44b6,15335.0,571119,571119,37.242843169220734,20401,1.330355396152592,18201,1.1868927290511901,14121,0.9208346918813173
44b6_12dfb391,44b6,58672.0,668408,668408,11.39228251977093,58822,1.0025565857649306,54156,0.9230297245704936,41683,0.710441096263976
44b6_144b256d,44b6,65376.0,486790,486790,7.446004650024474,47093,0.7203407978463044,42425,0.6489384483602545,32707,0.5002906265296133
44b6_1574802b,44b6,17677.0,546445,546445,30.912768003620524,22936,1.2975052327883692,20416,1.1549471064094585,16427,0.9292866436612547
44b6_18ced818,44b6,78644.0,1577567,1577567,20.059597680687656,95688,1.2167234626926402,83837,1.0660317379583948,59028,0.7505721987691368
44b6_1d530831,44b6,35825.0,743890,743890,20.764549895324492,45711,1.2759525471039777,40976,1.1437822749476623,31656,0.8836287508722959
44b6_24264f12,44b6,26353.0,562491,562491,21.344476909649757,30410,1.1539483170796494,27719,1.0518347057261033,21835,0.8285584183963876
44b6_267148e4,44b6,19130.0,725438,725438,37.92148457919498,27313,1.4277574490329326,23786,1.2433873497124934,18172,0.9499215891270256
44b6_2a2eff9f,44b6,56367.0,734755,734755,13.035197899480192,52813,0.9369489240158249,47262,0.8384693171536537,36376,0.6453421328082034
6bba_05b6850b,6bba,6362.0,535030,535030,84.09776799748506,8840,1.3895001571832757,7203,1.1321911348632505,6170,0.9698208110657026
6bba_05db0fb1,6bba,69800.0,1452729,1452729,20.812736389684815,79305,1.1361747851002866,72354,1.0365902578796562,52296,0.7492263610315186
6bba_062c8d37,6bba,6030.0,264873,264873,43.92587064676617,7967,1.3212271973466003,7228,1.1986733001658374,6728,1.11575456053068
6bba_07477033,6bba,4836.0,263661,263661,54.52047146401985,6557,1.3558726220016544,5691,1.1767990074441688,5105,1.055624483043838
6bba_07e24132,6bba,21485.0,904219,904219,42.08606004188969,39973,1.8605073306958344,34503,1.6059111007679776,25414,1.1828717710030254
6bba_085bf656,6bba,8463.0,350540,350540,41.42030012997755,10346,1.2224979321753515,9585,1.132577100319036,8868,1.0478553704360156
6bba_09961292,6bba,31117.0,857185,857185,27.547160716007326,33009,1.0608027766172832,29251,0.9400327795095929,21878,0.7030883439920301
6bba_0c7fa718,6bba,13650.0,445602,445602,32.644835164835165,16078,1.1778754578754578,14704,1.0772161172161172,12816,0.9389010989010989
6bba_0e7c0d07,6bba,22467.0,776553,776553,34.56416076912805,28175,1.2540615124404682,25141,1.1190190056527352,20997,0.9345707036987582
6bba_12665c0e,6bba,8314.0,312408,312408,37.57613663699784,10007,1.2036324272311762,9423,1.1333894635554487,8783,1.0564108732258841
6bba_13f19531,6bba,5773.0,365734,365734,63.352503031352846,7735,1.339857959466482,6928,1.2000692880651307,6390,1.10687684046423
6bba_15403b9a,6bba,6889.0,276857,276857,40.18827115691683,7761,1.1265786035709102,7044,1.0224996371026274,6594,0.9571781100304834
