film,embryo,n_gt_nodes,est_nodes,n_det,det_nn_min,det_nn_median,det_nn_p01,det_nn_p05,det_pairs_lt_3.25,det_frac_nn_lt_3.25,det_pairs_lt_4.0,det_frac_nn_lt_4.0,det_pairs_lt_5.0,det_frac_nn_lt_5.0,det_pairs_lt_6.0,det_frac_nn_lt_6.0,det_pairs_lt_7.0,det_frac_nn_lt_7.0,det_pairs_lt_8.0,det_frac_nn_lt_8.0,gt_node_recall,divisions
44b6_0113de3b,44b6,52,25755.0,27172,3.25,8.75089281159357,3.9804208320226646,5.859020822628983,39,0.0,173,0.011997644634182247,329,0.02248638304136611,847,0.05770646253496246,2645,0.1707272191962314,5511,0.32389960253201827,1.0,0
44b6_0b24845f,44b6,51,32795.0,44136,3.25,7.960841664045329,3.25,3.6336104634371584,265,0.0,2001,0.0873436650353453,2757,0.11833877107123436,5247,0.21533442088091354,9991,0.37015135037157876,15806,0.5206860612651804,1.0,0
44b6_0c582fdc,44b6,71,27958.0,32998,3.25,8.125,3.6336104634371584,4.596194077712559,142,0.0,799,0.04691193405660949,1174,0.06809503606279169,2491,0.13749318140493363,5765,0.2893205648827202,10393,0.46263409903630526,1.0,0
44b6_0db75fae,44b6,157,15335.0,20401,3.25,8.125,3.25,4.596194077712559,119,0.0,501,0.04779177491299446,776,0.07323170432821921,1715,0.15298269692662125,3825,0.3117004068428018,6756,0.4917406009509338,1.0,0
44b6_12dfb391,44b6,788,58672.0,58822,3.25,7.44668550430324,3.6336104634371584,4.875,64,0.0,914,0.030583795178674645,1962,0.0644486756655673,5125,0.1586991261772806,14008,0.3752507565196695,25065,0.5679337662779232,0.998730964467005,1
44b6_144b256d,44b6,121,65376.0,47093,3.25,7.621925609713073,3.6336104634371584,4.875,114,0.0,819,0.03412396746862591,1611,0.0666765761365808,4375,0.17157539337056463,10875,0.37109549189900837,18368,0.5349839678933175,1.0,0
44b6_1574802b,44b6,155,17677.0,22936,3.25,8.125,3.25,3.9804208320226646,136,0.0,624,0.05266829438437391,857,0.07193930938262992,1871,0.15076735263341473,4087,0.3033658876874782,6906,0.4677799093128706,0.9870967741935484,0
44b6_18ced818,44b6,100,78644.0,95688,3.25,7.267220926874317,3.25,3.9804208320226646,537,0.0,2810,0.05698729203243876,4443,0.08865270462335925,10926,0.20493687818744252,27641,0.44984742078421536,50656,0.676019981606889,0.99,0
44b6_1d530831,44b6,276,35825.0,45711,3.25,7.621925609713073,3.6336104634371584,4.596194077712559,89,0.0,1117,0.047931570081599616,1806,0.07615234845004484,4300,0.1696090656515937,10569,0.3579663538316816,18714,0.5343790334930323,0.9927536231884058,0
44b6_24264f12,44b6,230,26353.0,30410,3.25,7.960841664045329,3.25,3.9804208320226646,279,0.0,806,0.05152910226899046,1212,0.0766524169681026,2480,0.14952318316343308,6001,0.32088128904965474,11163,0.5100295955277869,0.9956521739130435,0
44b6_267148e4,44b6,280,19130.0,27313,3.25,7.960841664045329,3.25,3.9804208320226646,204,0.0,839,0.0596419287518764,1207,0.08461172335517886,2599,0.17178632885439168,5667,0.3357375608684509,9834,0.5129425548273716,0.9857142857142858,1
44b6_2a2eff9f,44b6,214,56367.0,52813,3.25,7.621925609713073,3.6336104634371584,4.875,131,0.0,980,0.03629788120349157,1757,0.06439702346013292,4486,0.15825648987938576,10690,0.34192339007441347,19158,0.5318955560184045,1.0,1
44b6_2f31fc2f,44b6,89,24368.0,30300,3.25,8.125,3.25,3.6336104634371584,181,0.0,1261,0.08006600660066007,1634,0.10211221122112212,3169,0.1895049504950495,5946,0.32825082508250825,9769,0.48003300330033005,0.9775280898876404,0
44b6_33b596bf,44b6,50,23330.0,27828,3.25,8.285906709588275,3.6336104634371584,5.138701197773616,97,0.0,348,0.024435820037372432,532,0.03704901538019261,1200,0.08178812706626419,3179,0.20353600689952567,6699,0.3868046571798189,1.0,0
44b6_341df25f,44b6,216,7436.0,10820,3.25,8.900491559458949,3.6336104634371584,4.875,36,0.0,201,0.03622920517560074,313,0.05619223659889094,700,0.11866913123844731,1456,0.22929759704251387,2314,0.3426987060998152,1.0,1
44b6_3a861e03,44b6,935,40546.0,42493,3.25,8.285906709588275,3.6336104634371584,5.3895152843275245,47,0.0,408,0.018779563692843528,751,0.03414680064951874,1897,0.08373143811921964,5600,0.22617842938836985,10903,0.38646365283693784,0.9989304812834224,0
44b6_3bb3690f,44b6,400,31937.0,21801,3.25,7.44668550430324,3.6336104634371584,3.9804208320226646,70,0.0,610,0.054630521535709374,1125,0.09921563231044447,2511,0.20797211137103802,5977,0.41259575248841796,9990,0.5681390761891656,1.0,0
44b6_40c45f5a,44b6,200,32681.0,41748,3.25,7.267220926874317,3.25,3.9804208320226646,341,0.0,1626,0.07564434224393983,2583,0.1174667049918559,5499,0.23215483376449172,12438,0.4504886461626904,20818,0.6307128485196896,1.0,0
44b6_415c0a3a,44b6,331,57292.0,49566,3.25,8.125,3.6336104634371584,4.875,106,0.0,795,0.03151353750554816,1504,0.058749949562199894,3824,0.14501876286163903,9098,0.3150546745753137,16030,0.4875519509341081,1.0,0
44b6_53f95252,44b6,70,38715.0,42874,3.25,8.443747686898277,3.6336104634371584,4.875,66,0.0,753,0.034309838130335404,1189,0.053365676167374164,2852,0.12217194570135746,6823,0.2564258058496991,12012,0.38755422867005646,1.0,0
44b6_551a5dba,44b6,228,57627.0,49646,3.25,7.267220926874317,3.6336104634371584,3.9804208320226646,91,0.0,1363,0.053357773033074166,2517,0.09599967771824518,6162,0.21818474801595295,14855,0.4454538129960118,25375,0.631994521210168,1.0,0
44b6_5740d24b,44b6,173,19730.0,18770,3.25,8.285906709588275,3.25,3.6336104634371584,188,0.0,748,0.07671816728822589,1017,0.10229088971763452,1934,0.1858284496537027,3615,0.31960575386254664,5687,0.454075652637187,1.0,0
44b6_587a1e22,44b6,381,18137.0,20824,3.25,8.443747686898277,3.6336104634371584,5.138701197773616,46,0.0,220,0.020361121782558587,413,0.03769688820591625,1031,0.09119285439877065,2676,0.2223876296580868,4772,0.3707260852862082,1.0,1
44b6_5f15d135,44b6,278,29519.0,34428,3.25,8.125,3.6336104634371584,3.9804208320226646,140,0.0,1020,0.05742418961310561,1475,0.0816196119437667,3170,0.16742186592308586,6814,0.32601370977111654,11468,0.48989194841408157,0.9856115107913669,1
44b6_668e0cc7,44b6,643,39701.0,40184,3.25,8.285906709588275,3.9804208320226646,5.138701197773616,48,0.0,320,0.01555345411108899,655,0.03162950428031057,1976,0.09426637467648816,5549,0.24758610392195898,10776,0.43562114274338043,0.9968895800933126,0
44b6_66f9292d,44b6,200,52710.0,36993,3.25,8.125,3.6336104634371584,4.875,103,0.0,656,0.03487146216851837,1184,0.06217392479658314,2921,0.14762252318006108,6957,0.3157624415429946,11638,0.46925093936690726,0.995,0
44b6_706092f0,44b6,118,69898.0,45874,3.25,7.960841664045329,3.6336104634371584,4.875,137,0.0,948,0.04048044644024938,1697,0.07163098923137289,4067,0.16248855560884162,9618,0.3389937655316737,16400,0.5010463443344814,0.9830508474576272,1
44b6_71a4179f,44b6,121,67688.0,47515,3.25,8.125,3.6336104634371584,4.875,133,0.0,1009,0.04133431547932232,1824,0.07309270756603178,4339,0.16512680206250657,10192,0.34294433336840996,17144,0.49969483321056507,1.0,0
44b6_74d0c52e,44b6,140,15090.0,13175,3.25,9.192388155425117,3.6336104634371584,4.875,33,0.0,283,0.04159392789373814,413,0.0596584440227704,806,0.11294117647058824,1570,0.2125237191650854,2491,0.31461100569259964,1.0,1
44b6_7a302da0,44b6,516,66858.0,68677,3.25,7.44668550430324,3.6336104634371584,3.9804208320226646,233,0.0,2054,0.0579233222185011,3509,0.09645150487062626,8536,0.21609854827671565,20097,0.42991103280574283,34432,0.6099858759118774,0.998062015503876,1
44b6_7e557709,44b6,570,56060.0,54241,3.25,7.621925609713073,3.6336104634371584,5.138701197773616,70,0.0,590,0.02131229144005457,1271,0.0455375085267602,3500,0.12031489094965063,10227,0.31629210375914896,20404,0.5404583248833907,1.0,0
44b6_808952d6,44b6,181,15742.0,19951,3.25,8.75089281159357,3.6336104634371584,3.9804208320226646,89,0.0,688,0.06666332514660919,916,0.0873139191017994,1801,0.16109468197082852,3429,0.2816400180442083,5378,0.3989273720615508,1.0,0
44b6_81c256f0,44b6,199,10052.0,13714,3.25,9.334914300624297,3.6336104634371584,4.875,35,0.0,299,0.04221962957561616,430,0.059792912352340674,831,0.11127315152399009,1533,0.19709785620533762,2483,0.29808954353215694,1.0,0
44b6_87bba6c4,44b6,153,28102.0,37756,3.25,8.125,3.25,3.6336104634371584,246,0.0,1455,0.07463714376522937,1833,0.09275346964720839,3717,0.17840872973831973,7384,0.3229420489458629,12528,0.4823604195359678,1.0,0
44b6_8cc6506c,44b6,400,32172.0,25961,3.25,7.621925609713073,3.25,3.9804208320226646,142,0.0,744,0.05546781711028081,1173,0.08582103925118446,2655,0.18558607141481454,6194,0.380147143792612,10549,0.5495551018835946,0.9975,0
44b6_8f5ab931,44b6,616,27571.0,34455,3.25,7.44668550430324,3.25,3.6336104634371584,365,0.0,1257,0.07075896096357567,1805,0.10018865186475112,4072,0.2097228268756349,9198,0.41189957916122477,15859,0.5890581918444348,0.9902597402597403,0
44b6_8f9ecab4,44b6,374,74833.0,55271,3.25,7.621925609713073,3.6336104634371584,4.875,103,0.0,941,0.033525718731341934,1899,0.06659912069620597,5096,0.16900363662680248,12741,0.3705559877693546,22546,0.5524235132347886,0.9973262032085561,0
44b6_90724892,44b6,105,25532.0,28410,3.25,8.285906709588275,3.6336104634371584,4.875,77,0.0,487,0.033826117564237944,759,0.05184794086589229,1627,0.10661738824357621,4448,0.26441393875395985,8819,0.4544174586413235,1.0,0
44b6_949adeb1,44b6,388,37179.0,48683,3.25,7.44668550430324,3.25,3.9804208320226646,398,0.0,1649,0.06564919992605221,2431,0.09483803381057042,5289,0.19401022944354293,11954,0.3848982190908531,20649,0.5642215968613273,0.9948453608247423,0
44b6_95029e92,44b6,200,5161.0,6232,3.25,12.691655723348314,3.6336104634371584,4.875,15,0.0,114,0.03578305519897304,175,0.05150834403080873,296,0.0836007702182285,450,0.12435815147625161,577,0.15709242618741978,1.0,0
44b6_97725144,44b6,225,35774.0,46282,3.25,9.192388155425117,3.6336104634371584,4.875,212,0.0,920,0.038892009852642496,1326,0.0555507540728577,2669,0.10626161358627544,5605,0.2012229376431442,9308,0.2985826023075926,0.9955555555555555,0
44b6_996155de,44b6,380,7573.0,12238,3.25,9.613629647536875,3.6336104634371584,3.9804208320226646,26,0.0,397,0.06300049027618893,492,0.07664651086778886,880,0.13409053766955384,1496,0.21376041836901455,2216,0.29465598954077465,0.9973684210526316,1
44b6_9be80b04,44b6,222,57877.0,40114,3.25,7.44668550430324,3.6336104634371584,4.596194077712559,57,0.0,1010,0.049159894301241465,1829,0.08652839407688089,4417,0.19437104252879295,10358,0.39083611706636084,17451,0.5650645659869372,1.0,1
44b6_9bfa6a0a,44b6,264,64308.0,53902,3.25,7.44668550430324,3.6336104634371584,4.875,152,0.0,1057,0.03853289302808801,2011,0.07216800860821491,5248,0.1763570925012059,13182,0.3840488293569812,23003,0.5670476049126192,1.0,0
44b6_a21120c2,44b6,296,23040.0,24499,3.25,8.285906709588275,3.6336104634371584,5.138701197773616,78,0.0,294,0.02289889383240132,532,0.040695538593411976,1187,0.08665659822849912,3095,0.216212906649251,5942,0.3825054083840157,0.9966216216216216,2
44b6_a2bb48bb,44b6,416,60613.0,74806,3.25,7.083210783253595,3.25,3.6336104634371584,492,0.0,3210,0.08290778814533593,5014,0.1261396144694276,11169,0.25964494826618184,24494,0.4831697992139668,40263,0.6620190893778574,1.0,0
44b6_aaf8b0ea,44b6,209,22099.0,22163,3.25,8.75089281159357,3.6336104634371584,3.9804208320226646,92,0.0,860,0.07589225285385552,1083,0.0940305915264179,2066,0.17064476830753958,3738,0.28150521138834994,5700,0.38465009249650317,1.0,1
44b6_abf82518,44b6,96,27604.0,33345,3.25,7.960841664045329,3.6336104634371584,4.875,112,0.0,727,0.04228520017993702,1127,0.06513720197930724,2727,0.15153696206327785,6491,0.33021442495126707,11584,0.519208277103014,1.0,0
44b6_b2c44266,44b6,170,59729.0,54599,3.25,7.621925609713073,3.6336104634371584,4.875,188,0.0,1177,0.04208868294291104,2005,0.07053242733383396,4835,0.16276854887452152,11982,0.3558673235773549,21005,0.5327936409091741,1.0,0
44b6_c15fded2,44b6,104,20585.0,22735,3.25,8.443747686898277,3.6336104634371584,5.3895152843275245,44,0.0,233,0.020145150648779416,377,0.03250494831757202,883,0.0738069056520783,2474,0.19261051242577523,5091,0.3529360017594018,1.0,0
44b6_c50204e0,44b6,333,47078.0,57636,3.25,7.267220926874317,3.25,3.6336104634371584,398,0.0,2523,0.08499895898396835,3704,0.12207647997779165,7832,0.24047470331043097,16894,0.4482615032271497,27624,0.619560691234645,0.993993993993994,2
44b6_c771cb04,44b6,227,53345.0,48671,3.25,7.44668550430324,3.6336104634371584,3.9804208320226646,183,0.0,1344,0.053502085430749316,2166,0.08483491195989398,5157,0.19079123091779499,12656,0.4057857861971194,22480,0.6039325265558546,0.986784140969163,0
44b6_c8e2a523,44b6,168,33144.0,32541,3.25,8.285906709588275,3.9804208320226646,5.138701197773616,29,0.0,242,0.014228204419040595,599,0.035309302111182814,1729,0.09935158722841954,5261,0.26867643895393506,10162,0.4478350388740358,1.0,1
44b6_c96cfa10,44b6,629,46236.0,49060,3.25,7.44668550430324,3.6336104634371584,4.875,55,0.0,1023,0.04080717488789238,1816,0.07123929881777416,4766,0.17392988177741542,12590,0.3862005707297187,22357,0.5672034243783123,0.9984101748807631,0
44b6_cf2536e8,44b6,76,57565.0,39053,3.25,8.125,3.6336104634371584,4.875,131,0.0,775,0.03904949683763091,1332,0.06616649169077919,3135,0.15043658617775843,7169,0.3153919033108852,12146,0.4811922259493509,1.0,0
44b6_cf8fed6b,44b6,191,43729.0,48385,1.625,8.443747686898277,3.9804208320226646,5.859020822628983,52,4.133512452206262e-05,295,0.011925183424615066,526,0.021225586442079156,1514,0.060328614239950396,4621,0.1773483517619097,9572,0.34465226826495815,1.0,0
44b6_d29c9ab2,44b6,1353,38055.0,39205,3.25,8.443747686898277,3.9804208320226646,5.859020822628983,62,0.0,260,0.012932023976533605,491,0.024359137865068232,1248,0.06014538961867109,4037,0.18296135696977425,8726,0.36112740721846703,0.9992609016999261,0
44b6_d2f34f90,44b6,283,24074.0,22746,3.25,7.621925609713073,3.6336104634371584,3.9804208320226646,89,0.0,668,0.05706497845775081,1030,0.08713619977138838,2326,0.18697793018552714,4965,0.3622175327530115,8331,0.5301591488613383,1.0,2
44b6_d5e7d891,44b6,906,44848.0,56721,3.25,7.083210783253595,3.25,3.6336104634371584,386,0.0,2252,0.07662065196311772,3521,0.1167997743340209,8099,0.24816205638123445,18704,0.48105639886461804,31981,0.6721496447523845,0.9944812362030905,2
44b6_d754aa59,44b6,72,5171.0,7711,3.25,10.405076885828379,3.6336104634371584,4.875,31,0.0,177,0.0442225392296719,242,0.05991440798858773,433,0.10309946829205031,787,0.1750745687978213,1185,0.2535339125924005,1.0,1
44b6_d78e09d9,44b6,463,22259.0,26450,3.25,8.125,3.25,3.9804208320226646,258,0.0,691,0.05119092627599244,1003,0.07330812854442344,2198,0.15153119092627598,4990,0.308241965973535,9110,0.4911909262759924,0.9956803455723542,0
44b6_db3c847b,44b6,165,15023.0,19898,3.25,8.285906709588275,3.6336104634371584,3.9804208320226646,81,0.0,535,0.05246758468187757,747,0.0723188260126646,1538,0.14217509297416825,3190,0.27248969745703083,5578,0.43220424163232485,0.9878787878787879,0
44b6_ddf577ad,44b6,659,53492.0,52759,3.25,7.44668550430324,3.6336104634371584,4.875,91,0.0,937,0.03502719915085578,1979,0.0724047082014443,5269,0.18269868648003185,13402,0.3993441877215262,24076,0.601887829564624,1.0,0
44b6_deabac95,44b6,126,13989.0,18294,3.25,8.285906709588275,3.25,3.9804208320226646,115,0.0,594,0.06313545424729419,777,0.08139280638460697,1669,0.165737400240516,3156,0.2896578113042528,4954,0.41953646004154366,1.0,1
44b6_e28840c6,44b6,311,74686.0,41050,3.25,7.621925609713073,3.6336104634371584,4.875,82,0.0,665,0.03188794153471376,1440,0.06803897685749087,3926,0.1741291108404385,9542,0.3700365408038977,16456,0.5412667478684531,0.9967845659163987,2
44b6_e29f0176,44b6,51,12969.0,16541,3.25,8.75089281159357,3.25,3.9804208320226646,114,0.0,453,0.053624327428813255,624,0.07260746025028716,1201,0.13239828305422888,2305,0.23462910343993712,3637,0.3427845958527296,1.0,0
44b6_e31261b4,44b6,116,72856.0,78820,3.25,7.621925609713073,3.6336104634371584,4.875,334,0.0,1443,0.035777721390510026,2481,0.060885562040091344,6127,0.14500126871352448,16175,0.3465744734838873,31226,0.5723420451662015,1.0,0
44b6_e35b117d,44b6,270,28641.0,35285,3.25,7.960841664045329,3.6336104634371584,3.9804208320226646,162,0.0,1157,0.0634830664588352,1720,0.09301402862406122,3673,0.1875867932549242,7817,0.35802749043502907,12746,0.5139861130792122,0.9962962962962963,0
44b6_e57ff5c6,44b6,193,20314.0,26054,3.25,8.285906709588275,3.6336104634371584,3.6336104634371584,111,0.0,1113,0.08263606356029785,1370,0.10033008367237277,2637,0.18331158363399094,4916,0.31269670683964074,7821,0.44265755738082446,1.0,0
44b6_eb2880fc,44b6,390,48084.0,46168,3.25,8.285906709588275,3.6336104634371584,5.138701197773616,71,0.0,612,0.025992029111072606,1143,0.04830185409807659,2943,0.12110119563333911,7447,0.28448275862068967,13267,0.45514208975914056,1.0,1
44b6_f28707c6,44b6,63,18656.0,25186,3.25,8.75089281159357,3.25,5.138701197773616,130,0.0,417,0.03235924720082586,601,0.04605733343921226,1205,0.08873977606606845,2827,0.19498927975859603,5212,0.3347891685857222,1.0,0
6bba_05b6850b,6bba,861,6362.0,8840,3.25,9.475296829123613,3.6336104634371584,4.596194077712559,23,0.0,222,0.04898190045248869,381,0.08212669683257919,683,0.1409502262443439,1279,0.24739819004524888,1772,0.3214932126696833,0.9988385598141696,0
6bba_05db0fb1,6bba,1229,69800.0,79305,3.25,7.44668550430324,3.6336104634371584,4.875,193,0.0,1394,0.03429796355841372,2474,0.06002143622722401,7190,0.1647941491709224,20414,0.40395939726372865,39494,0.6447638862619003,0.9951179820992677,3
6bba_062c8d37,6bba,930,6030.0,7967,3.25,11.375,3.6336104634371584,5.138701197773616,13,0.0,134,0.03301117108070792,191,0.046567089243127906,325,0.07681686958704657,625,0.14158403414083093,836,0.18262834191038033,1.0,1
6bba_07477033,6bba,613,4836.0,6557,3.25,10.017172754824587,3.6336104634371584,3.9804208320226646,22,0.0,228,0.06786640231813329,298,0.08708250724416654,547,0.15113619033094403,877,0.2298307152661278,1149,0.29083422296782063,1.0,0
6bba_07e24132,6bba,359,21485.0,39973,3.25,7.44668550430324,3.6336104634371584,3.9804208320226646,131,0.0,1057,0.05088434693418057,1703,0.08067945863457834,4015,0.18092212243264202,9592,0.37855552497936107,16892,0.5599779851399694,0.9693593314763231,2
6bba_085bf656,6bba,1198,8463.0,10346,3.25,10.405076885828379,3.6336104634371584,5.138701197773616,30,0.0,145,0.02706359945872801,216,0.03933887492750822,412,0.07268509568915522,739,0.12729557316837425,1021,0.17175720085057028,0.9991652754590985,1
6bba_09961292,6bba,1950,31117.0,33009,3.25,7.44668550430324,3.25,4.596194077712559,198,0.0,764,0.045169499227483416,1301,0.07540367778484655,2986,0.1651973704141295,7640,0.3769577993880457,14543,0.6052894665091338,0.9964102564102564,4
6bba_0c7fa718,6bba,704,13650.0,16078,3.25,8.75089281159357,3.6336104634371584,4.875,75,0.0,277,0.033710660529916656,475,0.05672347306878965,913,0.10486378902848613,1948,0.21190446572956836,3124,0.3212464236845379,0.9957386363636364,0
6bba_0e7c0d07,6bba,209,22467.0,28175,3.25,8.285906709588275,3.25,3.6336104634371584,319,0.0,936,0.06441881100266193,1304,0.0884472049689441,2419,0.15577639751552794,4644,0.27176574977817214,7909,0.41487133984028396,1.0,1
6bba_12665c0e,6bba,1036,8314.0,10007,3.25,10.779030568655049,3.6336104634371584,5.138701197773616,43,0.0,139,0.02728090336764265,182,0.03527530728490057,362,0.06695313280703508,649,0.11471969621265114,1011,0.1723793344658739,1.0,3
6bba_13f19531,6bba,737,5773.0,7735,3.25,11.718041645257966,3.6336104634371584,5.138701197773616,13,0.0,123,0.031157078215901746,175,0.044214608920491276,323,0.0801551389786684,557,0.1308338720103426,813,0.18190045248868777,1.0,0
6bba_15403b9a,6bba,758,6889.0,7761,3.25,10.65583760199075,3.25,3.9804208320226646,102,0.0,221,0.05656487566035305,382,0.0972812781858008,595,0.1462440407164025,804,0.1912124726195078,994,0.22857879139286175,0.9986807387862797,0
6bba_1d0d8384,6bba,1438,17909.0,24095,3.25,8.285906709588275,3.6336104634371584,3.9804208320226646,105,0.0,667,0.05328906412118697,1060,0.08321228470637061,2205,0.16576053123054577,4556,0.30956630006225355,7392,0.44195891263747666,0.9958275382475661,1
6bba_1ebfb80d,6bba,745,11558.0,15550,3.25,8.285906709588275,3.25,3.6336104634371584,132,0.0,678,0.0847588424437299,909,0.11106109324758842,1773,0.20135048231511254,3297,0.33389067524115756,5158,0.4572990353697749,1.0,0
6bba_1f58c2f6,6bba,317,28903.0,40712,3.25,8.125,3.6336104634371584,4.875,169,0.0,937,0.04448319905678915,1593,0.0734918451562193,3529,0.15582629200235804,7918,0.31798978188249166,13737,0.4968068382786402,1.0,0
6bba_207c6aaf,6bba,475,11999.0,28596,3.25,7.44668550430324,3.25,3.6336104634371584,185,0.0,1867,0.1245978458525668,2451,0.16030214015946287,4584,0.2819974821653378,7644,0.42446496013428453,11370,0.5593789341166596,0.9936842105263158,1
6bba_20852818,6bba,952,9758.0,13134,3.25,8.75089281159357,3.6336104634371584,4.875,51,0.0,265,0.03867823968326481,416,0.05870260392873458,885,0.11869955839805087,1857,0.23069894929191412,3154,0.356860057865083,0.9968487394957983,3
6bba_2312ac41,6bba,1156,11950.0,15263,1.625,9.475296829123613,3.6336104634371584,3.9804208320226646,63,0.00013103583830177554,406,0.05169363821005045,501,0.06302823822315404,960,0.11603223481622224,1707,0.19452270195898577,2486,0.2706545240123174,1.0,2
6bba_23af9eeb,6bba,513,4450.0,6537,3.25,10.65583760199075,3.6336104634371584,4.596194077712559,10,0.0,166,0.04925806945081842,229,0.06593238488603335,390,0.10907143949824079,618,0.16628422823925348,871,0.22349701698026617,1.0,0
6bba_2540cd90,6bba,529,3783.0,3859,3.25,14.715000849473302,4.875,7.267220926874317,1,0.0,15,0.007514900233221042,26,0.013215859030837005,61,0.029023062969681265,106,0.04819901528893496,126,0.055713915522156,1.0,0
6bba_2646afc7,6bba,738,5495.0,7029,3.25,10.531203634912773,3.6336104634371584,4.875,17,0.0,156,0.04310712761416987,212,0.05761843790012804,382,0.09944515578318396,673,0.1657419263053066,902,0.21269028311281832,0.9986449864498645,0
6bba_268e1230,6bba,641,5107.0,7806,3.25,9.334914300624297,3.6336104634371584,3.6336104634371584,38,0.0,318,0.07750448373046374,434,0.10222905457340507,813,0.18037407122726107,1363,0.2815782731232385,1885,0.35895465026902384,0.9937597503900156,1
6bba_2819ca14,6bba,986,5534.0,6543,3.25,11.830178570080843,3.25,4.875,68,0.0,153,0.04585052728106373,263,0.07886290692342962,453,0.13266085893321106,692,0.19303071985327833,823,0.22191655204034846,1.0,1
6bba_283bf9f1,6bba,1342,20861.0,24917,3.25,9.475296829123613,3.25,4.875,157,0.0,541,0.042420837179435726,736,0.05702933740016856,1344,0.10057390536581451,2316,0.16542922502708993,3502,0.23899345828149457,0.9992548435171386,0
6bba_312f0dc3,6bba,520,9963.0,11706,3.25,10.277402395547233,3.6336104634371584,5.138701197773616,32,0.0,223,0.037075004271313855,292,0.04741158380317786,595,0.09362719972663591,1072,0.15940543311122501,1482,0.2096360840594567,1.0,0
6bba_32db13fc,6bba,862,38705.0,56968,3.25,8.125,3.25,4.596194077712559,305,0.0,1416,0.04774610307541076,2199,0.07283036090436737,4831,0.1520151664092122,10936,0.31443968543743855,19152,0.49189018396292655,0.9965197215777262,1
6bba_337b1b3a,6bba,1272,30480.0,31549,3.25,9.334914300624297,3.9804208320226646,6.080193253507654,50,0.0,213,0.013122444451488162,346,0.02104662588354623,755,0.04440711274525341,1842,0.1057719737551111,3778,0.21201939839614567,0.9952830188679245,2
6bba_372c8cb8,6bba,1036,7021.0,8681,3.25,10.65583760199075,3.6336104634371584,4.875,20,0.0,203,0.044349729293860156,278,0.0594401566639788,486,0.10160119801866145,805,0.16011980186614444,1146,0.21633452367238798,1.0,0
6bba_3a1849c2,6bba,1173,7003.0,10161,3.25,8.900491559458949,3.25,3.9804208320226646,62,0.0,374,0.0704655053636453,576,0.10628875110717449,1048,0.18010038382049012,1857,0.2885542761539219,2727,0.37978545418758,0.9889173060528559,0
6bba_3abfe10a,6bba,997,52065.0,71637,3.25,7.44668550430324,3.6336104634371584,3.9804208320226646,317,0.0,2194,0.058963943213702415,3452,0.09136340159414827,8321,0.20631796418052123,20012,0.42850761478007177,34024,0.6129793263257813,0.9899699097291875,1
6bba_3c5691b6,6bba,765,6258.0,9497,3.25,10.017172754824587,3.6336104634371584,4.596194077712559,28,0.0,230,0.046962198589028115,320,0.06475729177635042,614,0.11751079288196273,1050,0.19269242918816468,1523,0.26924291881646834,1.0,2
6bba_3db54e20,6bba,502,23236.0,29284,3.25,8.285906709588275,3.25,3.9804208320226646,192,0.0,921,0.0608523425761508,1351,0.08677093293265947,2892,0.17565906296953968,6142,0.32563857396530527,10069,0.4629490506761371,0.9960159362549801,1
6bba_3fda6b25,6bba,1207,9842.0,15972,3.25,9.334914300624297,3.25,3.6336104634371584,105,0.0,597,0.07175056348610068,890,0.10343100425745054,1557,0.1730528424743301,2633,0.26721763085399447,3710,0.3467317806160781,0.9966859983429992,1
6bba_43fea39d,6bba,910,5748.0,8234,3.25,9.613629647536875,3.6336104634371584,3.9804208320226646,27,0.0,261,0.06072382803011902,323,0.0750546514452271,699,0.15508865678892397,1155,0.24192373087199417,1547,0.3099344182657275,0.9967032967032967,0
6bba_474be664,6bba,292,28293.0,38042,3.25,7.44668550430324,3.6336104634371584,3.9804208320226646,164,0.0,1336,0.06829293938278745,2051,0.1020976815099101,4828,0.21973082382629724,10823,0.4137532201251249,17803,0.5589348614689028,0.9897260273972602,1
6bba_48816121,6bba,935,23965.0,28758,3.25,9.192388155425117,3.25,3.9804208320226646,387,0.0,833,0.057201474372348564,1240,0.08460254537867724,1905,0.12706029626538703,3128,0.20060504902983517,4714,0.28524236734126157,0.9935828877005347,5
6bba_4aa14c89,6bba,707,6787.0,10760,3.25,8.75089281159357,3.25,3.6336104634371584,90,0.0,431,0.0762081784386617,607,0.10464684014869889,1163,0.18828996282527882,2117,0.30975836431226766,3094,0.4008364312267658,0.9957567185289957,0
6bba_4f99ce20,6bba,1057,5965.0,6969,3.25,11.941262496067994,3.6336104634371584,4.875,24,0.0,138,0.03845601951499498,223,0.06098435930549577,399,0.1030276940737552,623,0.15482852633089395,774,0.18524895967857655,0.9981078524124882,2
6bba_4ffd3da3,6bba,706,17637.0,25819,3.25,8.443747686898277,3.25,3.6336104634371584,226,0.0,1002,0.07506100158797785,1292,0.09535613308028972,2607,0.1858708702893218,4612,0.3068283047368217,6475,0.39842751462101555,0.9971671388101983,3
6bba_55b7eebe,6bba,705,5257.0,5935,3.25,12.481861840286488,3.6336104634371584,5.314271058361349,16,0.0,79,0.02611625947767481,104,0.03420387531592249,198,0.06352148272957034,357,0.10783487784330244,458,0.13563605728727884,0.9985815602836879,1
6bba_55c70843,6bba,490,35415.0,53148,3.25,6.894291116568838,3.25,3.6336104634371584,281,0.0,2111,0.0773500413938436,3245,0.11563934672988635,7911,0.2592383532776398,18524,0.5084481071724242,31551,0.7009482953262588,0.9857142857142858,0
6bba_57b7cc1e,6bba,1659,65511.0,110559,1.625,6.700046641628698,3.25,3.6336104634371584,830,1.808988865673532e-05,5944,0.10279579229189845,9307,0.15541023345001312,21951,0.32876563644750767,47717,0.5785146392423954,75295,0.7380584122504726,0.9843279083785413,3
6bba_5a4d9360,6bba,747,5976.0,6752,3.25,12.160386507015309,3.6336104634371584,5.3895152843275245,14,0.0,68,0.019845971563981043,116,0.03332345971563981,216,0.06042654028436019,340,0.09286137440758294,467,0.12322274881516587,0.998661311914324,0
6bba_5b28472a,6bba,737,5802.0,8669,3.25,10.017172754824587,3.6336104634371584,4.875,10,0.0,168,0.03725919944630292,264,0.05813819356327143,449,0.09516668589225978,854,0.1707232668127812,1193,0.22989964240396815,0.9905020352781547,0
6bba_5c039895,6bba,1174,8570.0,10127,3.25,10.277402395547233,3.25,4.875,63,0.0,203,0.039695862545669994,317,0.06141996642638491,602,0.11178038905895132,993,0.176557716994174,1253,0.21872222770810704,0.9982964224872232,3
6bba_5c824876,6bba,1170,24647.0,30223,3.25,8.900491559458949,3.25,3.9804208320226646,238,0.0,894,0.0578367468484267,1158,0.0734870793766337,2068,0.12662541772822022,3550,0.2032888859477881,5592,0.2990437746087417,0.9982905982905983,1
6bba_5dfe9ad1,6bba,1542,26913.0,35295,3.25,8.900491559458949,3.6336104634371584,5.138701197773616,70,0.0,500,0.027652642017282902,761,0.04159229352599518,1936,0.10120413656325258,4136,0.20334324975208953,6412,0.3004958209378099,0.9980544747081712,0
6bba_5f89039d,6bba,904,4611.0,5208,3.25,14.804454566109486,3.6336104634371584,6.5,17,0.0,61,0.022657450076804916,76,0.027457757296466975,127,0.044162826420890935,186,0.06317204301075269,239,0.07949308755760369,0.9977876106194691,0
6bba_61dd1e0d,6bba,558,10128.0,13371,3.25,9.334914300624297,3.25,3.9804208320226646,72,0.0,348,0.051080697030887745,503,0.07172238426445292,965,0.13088026325630095,1817,0.22272081370129385,2736,0.30783037917881984,0.996415770609319,0
6bba_61ecbe65,6bba,640,5774.0,7662,3.25,11.375,3.6336104634371584,4.875,24,0.0,154,0.03876272513703994,206,0.05116157661185069,351,0.08444270425476377,584,0.13534325241451317,838,0.18715740015661708,0.996875,1
6bba_6321a359,6bba,827,4821.0,7691,3.25,10.531203634912773,3.6336104634371584,3.9804208320226646,29,0.0,225,0.05642959303081524,289,0.07216226758548953,551,0.13223247952151865,897,0.20465479131452347,1171,0.25380314653491093,0.9975816203143894,1
6bba_6479435d,6bba,617,23453.0,37106,3.25,7.621925609713073,3.25,3.9804208320226646,228,0.0,1279,0.06635045545194847,2043,0.10372985500997144,4426,0.21150218293537434,8942,0.378725812537056,13976,0.5278930631164771,0.9886547811993517,0
6bba_67ebd073,6bba,462,16061.0,23099,3.25,8.125,3.25,3.9804208320226646,159,0.0,801,0.06623663362050305,1307,0.10571886228841075,2534,0.19446729295640505,5039,0.3483267673925278,7880,0.49248885233126977,0.974025974025974,1
6bba_6ca87370,6bba,1081,7195.0,8466,3.25,9.334914300624297,3.25,3.9804208320226646,57,0.0,246,0.0564611386723364,372,0.08492794708244744,749,0.16489487361209543,1247,0.2575005905976849,1708,0.33203401842664776,0.9972247918593895,1
6bba_6db0e9b4,6bba,449,28435.0,33476,3.25,8.285906709588275,3.25,3.9804208320226646,214,0.0,993,0.05723503405424782,1471,0.083164057832477,3132,0.1647448918628271,6781,0.31383677858764486,11387,0.4568347472816346,0.9977728285077951,0
6bba_6feb10f0,6bba,1368,8862.0,20969,3.25,8.125,3.25,3.6336104634371584,167,0.0,1175,0.10711049644713624,1698,0.1482187991797415,3184,0.25866755686966475,5465,0.3926749010443989,7742,0.4948256950736802,0.9634502923976608,0
6bba_6feeb0b1,6bba,1389,7518.0,9643,3.25,9.613629647536875,3.25,3.9804208320226646,55,0.0,310,0.06201389609042829,475,0.09270973763351655,881,0.16270870061184278,1436,0.252514777558851,1867,0.31442497148190396,0.9978401727861771,0
6bba_705ec2c9,6bba,596,5600.0,10708,3.25,8.285906709588275,3.25,3.6336104634371584,64,0.0,498,0.08927904370564065,690,0.12168472170339933,1316,0.2193686963018304,2312,0.3494583488980202,3137,0.43892416884572283,0.9932885906040269,1
6bba_718b21f9,6bba,661,4306.0,4914,3.25,15.41610359332085,3.6336104634371584,6.080193253507654,11,0.0,56,0.022588522588522588,84,0.03317053317053317,127,0.04965404965404965,200,0.07326007326007326,249,0.08954008954008955,0.9984871406959153,0
6bba_74686d6a,6bba,586,29803.0,35609,3.25,8.125,3.6336104634371584,3.9804208320226646,146,0.0,1039,0.05644640399898902,1561,0.0834901288999972,3689,0.1853744839787694,8078,0.3474964194445225,12816,0.4701620376871016,0.9965870307167235,2
6bba_767a1e17,6bba,718,47714.0,63920,3.25,7.960841664045329,3.6336104634371584,3.6336104634371584,293,0.0,2415,0.0735450563204005,2953,0.08903316645807259,6028,0.17282540675844807,12688,0.3277221526908636,22406,0.5025969962453066,0.9986072423398329,0
6bba_76db78c1,6bba,617,4855.0,5695,3.25,12.481861840286488,3.6336104634371584,5.138701197773616,21,0.0,89,0.029850746268656716,142,0.046005267778753293,282,0.08762071992976295,469,0.14381035996488148,592,0.17506584723441615,1.0,0
6bba_784a78c9,6bba,1788,13096.0,14810,3.25,10.017172754824587,3.6336104634371584,5.138701197773616,55,0.0,216,0.0287643484132343,329,0.043281566509115466,589,0.07447670492910195,1039,0.12761647535449022,1591,0.18919648885887913,0.9994407158836689,1
6bba_786893ac,6bba,1465,58979.0,90715,3.25,6.894291116568838,3.6336104634371584,3.9804208320226646,421,0.0,3643,0.0766797111833765,6347,0.12944937441437468,15552,0.28736151683845007,35887,0.535391059912914,59065,0.7005456649947638,0.995221843003413,3
6bba_789f8168,6bba,713,10676.0,13109,3.25,9.334914300624297,3.25,3.9804208320226646,149,0.0,369,0.05545808223357998,495,0.07231672896483332,813,0.11328095201769776,1471,0.19131894118544512,2436,0.28743611259440077,1.0,0
6bba_78a7bd97,6bba,886,40613.0,53072,3.25,7.44668550430324,3.25,3.9804208320226646,316,0.0,1679,0.061294091046126015,2583,0.09276077781127524,6109,0.2077178173047935,14485,0.42395236659632196,24766,0.6089463370515527,0.9943566591422122,2
6bba_7af54fde,6bba,1131,9624.0,14331,3.25,8.75089281159357,3.25,3.6336104634371584,113,0.0,587,0.07794292094061823,837,0.10801758425790245,1538,0.1870769660177238,2773,0.3051426976484544,4090,0.4008094340939223,0.9946949602122016,2
6bba_7b5d3b2c,6bba,565,5780.0,6725,3.25,11.830178570080843,3.6336104634371584,5.138701197773616,13,0.0,124,0.036282527881040895,170,0.04936802973977695,300,0.0841635687732342,469,0.12475836431226765,596,0.15405204460966543,1.0,0
6bba_7d3058ae,6bba,1200,7611.0,9814,3.25,10.405076885828379,3.6336104634371584,4.875,15,0.0,170,0.033625433054819645,263,0.05125331159567964,474,0.0898716119828816,856,0.15284287752190748,1200,0.20827389443651925,1.0,2
6bba_7f87b3d8,6bba,1000,10581.0,12781,3.25,8.900491559458949,3.25,3.6336104634371584,134,0.0,438,0.06697441514748455,668,0.10022689930365386,1154,0.16524528597136373,1876,0.25084109224630313,2729,0.345278147249824,0.998,3
6bba_80d12824,6bba,680,9021.0,11242,3.25,9.334914300624297,3.6336104634371584,4.875,31,0.0,168,0.029354207436399216,314,0.053549190535491904,619,0.10096068315246397,1227,0.18813378402419498,1934,0.28091086995196585,0.9970588235294118,1
6bba_825bd1c6,6bba,968,7586.0,9311,3.25,8.75089281159357,3.25,3.9804208320226646,62,0.0,335,0.06884330361937493,548,0.10707765009128987,982,0.18440554183224145,1728,0.299001181398346,2399,0.3828804639673504,0.9927685950413223,0
6bba_87289e13,6bba,724,14966.0,16357,3.25,8.900491559458949,3.6336104634371584,5.859020822628983,48,0.0,134,0.015895335330439568,234,0.02757229320780094,520,0.059240692058445926,1317,0.14348596930977564,2531,0.26208962523690166,1.0,1
6bba_8b7818bf,6bba,741,5828.0,7371,3.25,10.531203634912773,3.6336104634371584,4.875,17,0.0,174,0.04585537918871252,243,0.06254239587572921,415,0.10080043413376746,699,0.16252882919549586,1005,0.22344322344322345,1.0,2
6bba_907271db,6bba,945,7306.0,8551,3.25,10.65583760199075,3.25,4.875,46,0.0,159,0.035902233656882235,290,0.06513858028300784,538,0.11460647877441235,837,0.171792772775114,1034,0.20687638872646474,0.9968253968253968,1
6bba_91951b3a,6bba,1188,11907.0,13652,3.25,10.017172754824587,3.25,4.875,94,0.0,255,0.0368444184002344,391,0.056182244359800765,649,0.09082918253735717,1067,0.14312921183709346,1520,0.1948432464107823,0.9991582491582491,0
6bba_96833384,6bba,758,4869.0,6720,3.25,12.481861840286488,3.6336104634371584,5.138701197773616,12,0.0,119,0.034375,157,0.04404761904761905,296,0.08273809523809524,485,0.13020833333333334,662,0.17142857142857143,0.9986807387862797,0
6bba_969618f6,6bba,679,13888.0,20193,3.25,8.75089281159357,3.25,3.9804208320226646,112,0.0,708,0.06824146981627296,953,0.09057594215817362,1785,0.1622344376764225,3281,0.2775219135343931,4954,0.38572772743029765,0.9970544918998527,3
6bba_971fa5e0,6bba,792,5609.0,6239,3.25,12.160386507015309,3.6336104634371584,5.3895152843275245,14,0.0,73,0.022760057701554735,110,0.03381952235935246,186,0.05577816957845809,337,0.09777207885879147,508,0.13976598813912486,0.9974747474747475,0
6bba_9a41d029,6bba,1401,18231.0,21711,3.25,8.285906709588275,3.25,3.9804208320226646,180,0.0,650,0.05785085901156096,943,0.08230850720832758,1854,0.15388512735479712,3867,0.29192575192298836,6716,0.4494035281654461,1.0,2
6bba_9e23430b,6bba,914,7708.0,11088,3.25,8.75089281159357,3.6336104634371584,3.9804208320226646,54,0.0,371,0.0652958152958153,513,0.08811327561327562,1020,0.1644119769119769,1944,0.2811147186147186,2883,0.37563131313131315,1.0,1
6bba_a5e926bb,6bba,741,8440.0,9855,3.25,10.405076885828379,3.6336104634371584,5.138701197773616,28,0.0,179,0.0350076103500761,245,0.0471841704718417,462,0.08706240487062405,800,0.14358193810248604,1184,0.20375443937087773,0.9986504723346828,0
6bba_a90a0b9c,6bba,1147,36896.0,47476,1.625,7.44668550430324,3.6336104634371584,3.9804208320226646,175,4.2126548150644534e-05,1535,0.061926025781447465,2559,0.10030331114668464,5863,0.21071699384952397,13760,0.41621029572836804,23693,0.5959221501390176,0.988666085440279,0
6bba_ab78413d,6bba,1179,9241.0,23151,3.25,8.125,3.25,3.6336104634371584,133,0.0,1049,0.08625977279599154,1479,0.11908772839186212,2891,0.2214591162368796,5276,0.36577253682346333,7918,0.49164182972657766,0.9686174724342663,2
6bba_acd782a8,6bba,356,19710.0,22665,3.25,9.192388155425117,3.6336104634371584,4.875,107,0.0,443,0.03838517538054269,659,0.05598941098610192,1205,0.09799249944848885,2251,0.17202735495257004,3685,0.26957864548863886,1.0,0
6bba_ae82a791,6bba,1495,7403.0,8230,3.25,10.531203634912773,3.25,4.875,43,0.0,180,0.042405832320777645,292,0.06731470230862698,574,0.12490886998784934,948,0.1939246658566221,1244,0.24349939246658567,0.9986622073578595,0
6bba_aeee7805,6bba,795,5034.0,7192,3.25,12.481861840286488,3.6336104634371584,5.138701197773616,13,0.0,132,0.03587319243604004,184,0.04866518353726362,313,0.082174638487208,524,0.13236929922135707,715,0.174916573971079,1.0,1
6bba_af149c94,6bba,1350,8933.0,9778,3.25,10.277402395547233,3.6336104634371584,3.9804208320226646,45,0.0,270,0.05389650235221927,437,0.0832481079975455,736,0.13642871752914706,1187,0.2086316220085907,1582,0.26447126201677235,0.9940740740740741,0
6bba_afb141ff,6bba,654,6054.0,7993,3.25,9.613629647536875,3.6336104634371584,4.596194077712559,27,0.0,198,0.04741648942824972,299,0.07081196046540723,628,0.1368697610409108,1150,0.2338296009007882,1638,0.31490053797072437,1.0,4
6bba_b1ae37b9,6bba,612,24298.0,28152,3.25,6.894291116568838,3.25,3.6336104634371584,406,0.0,1097,0.07516339869281045,1736,0.11533816425120773,4013,0.24893435635123615,9927,0.5165529980107986,17106,0.7166098323387325,1.0,0
6bba_b204cac7,6bba,826,5092.0,7409,3.25,11.375,3.25,4.596194077712559,47,0.0,172,0.045485220677554325,290,0.07544877851261979,519,0.13038196787690645,858,0.20340126872722364,1081,0.24767175057362667,0.9987893462469734,2
6bba_b329af44,6bba,1316,62465.0,79237,3.25,7.083210783253595,3.25,3.9804208320226646,442,0.0,2498,0.06112043615987481,3944,0.09429938033999267,10106,0.22474349104584979,26419,0.4910332294256471,47807,0.7175814329164405,0.9916413373860182,1
6bba_b693381b,6bba,983,5558.0,7923,3.25,11.604821196382131,3.6336104634371584,5.138701197773616,16,0.0,121,0.029786696958222895,182,0.0440489713492364,351,0.08166098699987379,598,0.13353527704152468,819,0.17682695948504354,0.9979654120040692,0
6bba_bb9f20c3,6bba,1925,23071.0,27042,3.25,8.285906709588275,3.6336104634371584,4.875,105,0.0,607,0.043266030619037055,948,0.06597145181569411,2025,0.13416167443236446,4392,0.2730567265734783,7572,0.4311071666296872,0.9963636363636363,3
6bba_bbb708ca,6bba,892,6785.0,9874,3.25,9.475296829123613,3.6336104634371584,3.9804208320226646,27,0.0,287,0.05701843224630342,424,0.08172979542232124,777,0.1448247923840389,1368,0.24134089528053473,1872,0.3131456350010128,1.0,0
6bba_c27cba08,6bba,517,6445.0,8220,3.25,10.405076885828379,3.6336104634371584,4.875,31,0.0,168,0.03953771289537713,242,0.05669099756690998,443,0.09927007299270073,881,0.181021897810219,1251,0.23795620437956205,0.9961315280464217,0
6bba_c328f2fd,6bba,511,31228.0,35353,3.25,8.285906709588275,3.6336104634371584,5.138701197773616,75,0.0,537,0.029361016038242864,862,0.04644584617995644,2104,0.10986337793115153,5243,0.2523406783017,9687,0.41959663960625687,0.9941291585127201,2
6bba_c73a1d11,6bba,737,16315.0,37750,3.25,7.44668550430324,3.25,3.6336104634371584,285,0.0,2239,0.11282119205298013,3008,0.14850331125827815,5648,0.26042384105960265,9944,0.4139072847682119,15255,0.5627284768211921,0.9864314789687924,0
6bba_cdcfe533,6bba,1419,29785.0,30963,3.25,9.475296829123613,3.6336104634371584,5.859020822628983,44,0.0,252,0.015405483964732099,421,0.025385137099118302,886,0.051448503052029845,1918,0.11035752349578529,3528,0.19914091011852858,0.9992952783650458,4
6bba_cf35214c,6bba,842,34890.0,39505,3.25,9.475296829123613,3.9804208320226646,5.859020822628983,48,0.0,252,0.012378179977218073,445,0.021693456524490572,1230,0.05781546639665865,2780,0.12765472724971522,4955,0.21913681812428806,0.998812351543943,0
6bba_cff5865f,6bba,1571,46362.0,51199,3.25,8.75089281159357,3.6336104634371584,5.859020822628983,122,0.0,499,0.018633176429227134,744,0.0275200687513428,1594,0.0586534893259634,4166,0.14814742475438974,8440,0.284341491044747,1.0,0
6bba_d0fc38b5,6bba,835,6111.0,8093,3.25,10.900831390311474,3.6336104634371584,4.875,23,0.0,182,0.04374150500432473,267,0.06351167675769183,517,0.1184974669467441,830,0.18126776226368466,1065,0.22624490300259484,1.0,0
6bba_d1acb6ff,6bba,681,14719.0,21697,3.25,8.285906709588275,3.25,3.6336104634371584,143,0.0,1102,0.09853896852099368,1375,0.12029312808222335,2732,0.22874130064064158,4500,0.34728303452090153,6342,0.445637645757478,0.9926578560939795,1
6bba_d2b9fc0c,6bba,944,20178.0,20408,3.25,9.334914300624297,3.6336104634371584,5.3895152843275245,48,0.0,245,0.02258918071344571,361,0.032977263818110544,739,0.06492551940415524,1574,0.134359074872599,2850,0.2349078792630341,1.0,2
6bba_d3da753b,6bba,887,17246.0,17365,3.25,9.475296829123613,3.6336104634371584,5.859020822628983,47,0.0,172,0.018888568960552837,277,0.030233227756982436,520,0.05516844226893176,1108,0.11488626547653326,2019,0.20691045205873884,0.9988726042841037,1
6bba_d5eae175,6bba,528,4519.0,4699,3.25,14.351611407782752,4.857108416640457,6.700046641628698,5,0.0,24,0.010002128112364332,46,0.018940200042562246,100,0.038306022557991065,182,0.06639710576718451,247,0.08852947435624602,1.0,0
6bba_d6ecebbb,6bba,886,5359.0,8735,3.25,9.613629647536875,3.6336104634371584,3.9804208320226646,28,0.0,259,0.05746994848311391,360,0.07842014882655982,684,0.14344590726960504,1158,0.22404121350887235,1655,0.30120206067544364,0.9977426636568849,0
6bba_d82a4fc6,6bba,545,27716.0,35924,3.25,7.960841664045329,3.6336104634371584,4.596194077712559,104,0.0,826,0.0443436142968489,1345,0.0711223694466095,3080,0.15688676093976173,7217,0.32922280369669304,12651,0.5002783654381472,1.0,0
6bba_debd7bfa,6bba,766,11807.0,14220,3.25,9.475296829123613,3.25,4.875,84,0.0,284,0.038818565400843885,444,0.060548523206751054,808,0.10632911392405063,1479,0.18354430379746836,2208,0.26047819971870606,1.0,4
6bba_df673a83,6bba,668,19239.0,24785,3.25,9.334914300624297,3.25,3.9804208320226646,183,0.0,647,0.05152309864837604,851,0.06729876941698608,1604,0.1246721807544886,2712,0.19899132539842646,4044,0.28085535606213435,0.9940119760479041,4
6bba_e16ffc58,6bba,964,6367.0,7465,3.25,11.02128622257856,3.6336104634371584,4.875,25,0.0,160,0.041393168117883454,233,0.059343603482920296,505,0.12324179504353651,836,0.18901540522438043,1101,0.23362357669122572,0.9979253112033195,1
6bba_e5e44988,6bba,666,5615.0,7163,3.25,12.268480957314969,3.6336104634371584,5.138701197773616,25,0.0,123,0.033784727069663546,167,0.04551165712690214,295,0.07776071478430825,501,0.12704174228675136,656,0.15789473684210525,0.9984984984984985,0
6bba_ebdf3b34,6bba,847,56847.0,66451,3.25,7.960841664045329,3.6336104634371584,5.138701197773616,125,0.0,896,0.026305096988758634,1658,0.048426660245895474,4299,0.12171374396171615,11855,0.30905479225293825,23234,0.5274262238341033,0.9988193624557261,2
6bba_ebff6e76,6bba,1318,41596.0,74148,3.25,6.894291116568838,3.25,3.6336104634371584,552,0.0,3568,0.09204563845282408,5533,0.13843933754113394,12910,0.28855801909694123,27896,0.5045854237471004,43827,0.6382235528942116,0.9946889226100152,0
6bba_ed9377fd,6bba,531,4443.0,5627,3.25,11.490485194281398,3.6336104634371584,5.138701197773616,9,0.0,98,0.034476630531366625,129,0.04425093300159943,244,0.07979385107517327,420,0.13168651146259108,647,0.19441976186244891,0.9943502824858758,0
6bba_edf14583,6bba,801,59242.0,63709,3.25,7.44668550430324,3.6336104634371584,4.596194077712559,182,0.0,1430,0.043667299753567,2606,0.07793247421871322,6624,0.18641008334772166,17045,0.41677000109874585,30543,0.6237423283994412,0.9937578027465668,0
6bba_eebc57a5,6bba,1026,9347.0,14465,3.25,9.75,3.6336104634371584,3.9804208320226646,51,0.0,414,0.05523677843069478,628,0.08275146906325613,1080,0.13598340822675423,1751,0.20843415139993088,2436,0.27348772900103696,0.99317738791423,0
6bba_ef7b4f7e,6bba,1234,6107.0,7902,3.25,10.017172754824587,3.6336104634371584,4.596194077712559,30,0.0,187,0.04619083776259175,306,0.07327258921791951,558,0.12984054669703873,1027,0.22525942799291318,1420,0.30043027081751456,0.9959481361426256,2
6bba_f17befbc,6bba,1078,24963.0,32293,3.25,8.125,3.25,3.6336104634371584,404,0.0,1110,0.06710432601492583,1567,0.09305422227727371,3175,0.17771653299476667,6642,0.3329823800823708,11290,0.4994580868918961,0.9981447124304267,0
6bba_f1fde7e0,6bba,476,9040.0,11799,3.25,9.334914300624297,3.25,4.875,62,0.0,287,0.04729214340198322,416,0.06687007373506229,805,0.1250105941181456,1451,0.21179760996694635,2084,0.2896855665734384,0.9978991596638656,0
6bba_f20478e9,6bba,1003,5973.0,6747,3.25,12.481861840286488,3.6336104634371584,5.138701197773616,18,0.0,106,0.030680302356602934,162,0.04535349044019564,324,0.08655698829109233,500,0.12953905439454572,640,0.16096042685638062,0.9990029910269193,1
6bba_f4ae811c,6bba,1001,8903.0,11684,3.25,9.75,3.6336104634371584,4.875,29,0.0,247,0.04108182129407737,308,0.05109551523450873,588,0.09500171174255392,1059,0.1628723040054776,1589,0.23390961999315302,1.0,0
6bba_f8ffd5e7,6bba,389,29540.0,38336,3.25,8.443747686898277,3.6336104634371584,4.875,97,0.0,870,0.04395346410684474,1360,0.06748226210350584,2911,0.13692090984974958,6017,0.2595471619365609,9865,0.3869730801335559,0.9974293059125964,2
6bba_fbc898dc,6bba,655,4889.0,6511,3.25,10.900831390311474,3.6336104634371584,4.875,13,0.0,135,0.04070035324834895,175,0.05206573491015205,333,0.09537705421594225,570,0.16126555060666564,798,0.21824604515435417,1.0,0
6bba_fc516dc6,6bba,788,7866.0,9081,3.25,10.405076885828379,3.6336104634371584,5.138701197773616,16,0.0,128,0.027089527585067722,199,0.041405131593436846,366,0.07444114084351944,736,0.14227507983702237,1137,0.211870939323863,1.0,0
6bba_fc5f39dc,6bba,471,14020.0,21740,3.25,8.75089281159357,3.6336104634371584,3.9804208320226646,101,0.0,600,0.05409383624655014,772,0.06862925482980681,1568,0.13394664213431462,2957,0.23693652253909844,4599,0.3471021159153634,0.9978768577494692,2
6bba_fc83837d,6bba,957,13087.0,20687,1.625,7.44668550430324,3.25,3.6336104634371584,127,9.667907381447286e-05,1213,0.11156765118190168,1659,0.1483540387683086,3352,0.2771789046260937,6110,0.4315270459708996,9261,0.5599168559965195,0.9916405433646813,0
6bba_fe670320,6bba,716,10836.0,12570,3.25,9.334914300624297,3.25,4.875,73,0.0,272,0.04224343675417661,408,0.061893396976929194,772,0.11201272871917263,1486,0.19992044550517105,2419,0.29689737470167066,0.9972067039106145,2
