variant,score,d_score,d_adjJ,divJ,tp,fp,fn,added,dropped,44b6_score,6bba_score
"prune-then-fork, no contest",0.8438486764744761,-0.0009276438782847007,-0.0039579469085877506,0.030303030303030304,36,1037,115,43775,0,0.8481823640505154,0.8429382106072528
"FORK-FIRST, no contest",0.8418717089020399,-0.002904611450720962,-0.005918929461271039,0.03014318010550113,40,1176,111,47989,0,0.8459352752354479,0.8410884208826376
FORK-FIRST + contest,0.8426009506852832,-0.002175369667477667,-0.004880048030050821,0.027046783625730993,37,1217,114,48170,11784,0.8488307218926199,0.8413973654551267
  + wider parent 14um,0.8425539361488154,-0.0022223842039454933,-0.004865556010112848,0.02643171806167401,36,1211,115,48202,11714,0.8489257606075103,0.8413163822086056
  + k=5 candidates,0.8426067074792407,-0.0021696128735201325,-0.004762205466112723,0.025925925925925925,35,1199,116,48252,11725,0.8493841862587792,0.8412860005143524
  + cap 2%,0.8396477355382094,-0.005128584814551473,-0.007697658978390587,0.025690741638390694,53,1912,98,81119,21145,0.8452391564441459,0.8385768295410879
  + cap 0.5%,0.8446610444250584,-0.00011527592770244066,-0.0023100633076750254,0.02194787379972565,16,578,135,24302,5713,0.8518588061308782,0.8432535666665197
  + contest margin 0,0.8421138323211497,-0.0026624880316111765,-0.005278767101378645,0.02616279069767442,36,1225,115,48253,16540,0.8473877095394139,0.8411156482149588
  + min_track_len 8,0.8441483048475067,-0.0006280155052541536,-0.003599086654589523,0.029710711493354185,38,1128,113,44633,9085,0.8483189878075759,0.8433047508308257
