variant,fold,score,adjJ,J,mult,divJ
A_base,ALL,0.8302479752072235,0.8302479752072235,0.8358711382369597,0.9918747414355674,0.0
A_base,44b6,0.8545406863614978,0.8545406863614978,0.8512278697886921,1.0038418625175392,0.0
A_base,6bba,0.8233822602155143,0.8233822602155143,0.8315309498829796,0.9884925399966953,0.0
B_tta,ALL,0.8519841380361887,0.8519841380361887,0.8519602851323829,0.9990832985641045,0.0
B_tta,44b6,0.863668050201531,0.863668050201531,0.8511368511368511,1.0145660335214834,0.0
B_tta,6bba,0.8486397969215296,0.8486397969215296,0.8521959805165569,0.9946516025403254,0.0
C_dual,ALL,0.8616643528126473,0.8616643528126473,0.8610729462887817,0.9999618345522366,0.0
C_dual,44b6,0.8661843660998705,0.8661843660998705,0.8514554794520548,1.0170943515711317,0.0
C_dual,6bba,0.8603602129502873,0.8603602129502873,0.8638478323520935,0.9950186635996073,0.0
D_bidir,ALL,0.8619099581517446,0.8619099581517446,0.8613152681025117,0.9999644462155767,0.0
D_bidir,44b6,0.8668657279460638,0.8668657279460638,0.8521267485012846,1.0171046091398193,0.0
D_bidir,6bba,0.8604804405636765,0.8604804405636765,0.863965744400527,0.9950202770189674,0.0
E_consensus,ALL,0.8619584557099836,0.8619584557099836,0.861365887955003,0.9999638029429414,0.0
E_consensus,44b6,0.8668657095969553,0.8668657095969553,0.8521267485012846,1.0171045296264787,0.0
E_consensus,6bba,0.8605427579240199,0.8605427579240199,0.8640312950380894,0.9950188603386648,0.0
