film,embryo,divisions,max_out_degree,labelled_nodes,labelled_edges,estimated_nodes,frames,labelled_fraction
44b6_0113de3b,44b6,0,1,52,50,25755.0,76,0.0020190254319549603
44b6_0b24845f,44b6,0,1,51,49,32795.0,51,0.00155511510901052
44b6_0c582fdc,44b6,0,1,71,70,27958.0,91,0.002539523571070892
44b6_0db75fae,44b6,0,1,157,151,15335.0,89,0.010238017606781872
44b6_12dfb391,44b6,1,2,788,773,58672.0,100,0.013430597218434688
44b6_144b256d,44b6,0,1,121,119,65376.0,100,0.0018508321096426823
44b6_1574802b,44b6,0,1,155,153,17677.0,99,0.008768456186004412
44b6_18ced818,44b6,0,1,100,99,78644.0,100,0.0012715528203041553
44b6_1d530831,44b6,0,1,276,271,35825.0,100,0.007704117236566644
44b6_24264f12,44b6,0,1,230,221,26353.0,87,0.008727659090046674
44b6_267148e4,44b6,1,2,280,277,19130.0,100,0.014636696288552013
44b6_2a2eff9f,44b6,1,2,214,210,56367.0,100,0.0037965476253836463
44b6_2f31fc2f,44b6,0,1,89,85,24368.0,81,0.0036523309258043334
44b6_33b596bf,44b6,0,1,50,49,23330.0,71,0.0021431633090441492
44b6_341df25f,44b6,1,2,216,209,7436.0,100,0.029047875201721356
44b6_3a861e03,44b6,0,1,935,919,40546.0,100,0.023060227889310905
44b6_3bb3690f,44b6,0,1,400,396,31937.0,100,0.012524657920280553
44b6_40c45f5a,44b6,0,1,200,198,32681.0,100,0.006119763777118203
44b6_415c0a3a,44b6,0,1,331,322,57292.0,100,0.005777420931369127
44b6_53f95252,44b6,0,1,70,68,38715.0,51,0.0018080847216841018
44b6_551a5dba,44b6,0,1,228,224,57627.0,100,0.003956478733926805
44b6_5740d24b,44b6,0,1,173,170,19730.0,100,0.00876837303598581
44b6_587a1e22,44b6,1,2,381,371,18137.0,100,0.021006781716932238
44b6_5f15d135,44b6,1,2,278,273,29519.0,100,0.009417663199972899
44b6_668e0cc7,44b6,0,1,643,631,39701.0,100,0.016196065590287398
44b6_66f9292d,44b6,0,1,200,198,52710.0,100,0.0037943464238284954
44b6_706092f0,44b6,1,2,118,117,69898.0,100,0.0016881741966866006
44b6_71a4179f,44b6,0,1,121,119,67688.0,100,0.0017876137572390971
44b6_74d0c52e,44b6,1,2,140,139,15090.0,100,0.00927766732935719
44b6_7a302da0,44b6,1,2,516,507,66858.0,100,0.00771784977115678
44b6_7e557709,44b6,0,1,570,560,56060.0,100,0.01016767748840528
44b6_808952d6,44b6,0,1,181,179,15742.0,100,0.011497903697115995
44b6_81c256f0,44b6,0,1,199,197,10052.0,100,0.019797055312375647
44b6_87bba6c4,44b6,0,1,153,149,28102.0,81,0.005444452352145755
44b6_8cc6506c,44b6,0,1,400,396,32172.0,100,0.012433171702101207
44b6_8f5ab931,44b6,0,1,616,604,27571.0,100,0.022342316201806246
44b6_8f9ecab4,44b6,0,1,374,370,74833.0,100,0.004997795090401293
44b6_90724892,44b6,0,1,105,103,25532.0,86,0.004112486291712361
44b6_949adeb1,44b6,0,1,388,378,37179.0,100,0.010435998816536217
44b6_95029e92,44b6,0,1,200,198,5161.0,100,0.03875217981011432
44b6_97725144,44b6,0,1,225,221,35774.0,100,0.00628948398278079
44b6_996155de,44b6,1,2,380,377,7573.0,100,0.05017826488841939
44b6_9be80b04,44b6,1,2,222,220,57877.0,100,0.0038357205798503725
44b6_9bfa6a0a,44b6,0,1,264,259,64308.0,100,0.004105243515581265
44b6_a21120c2,44b6,2,2,296,286,23040.0,85,0.012847222222222222
44b6_a2bb48bb,44b6,0,1,416,410,60613.0,100,0.0068632141619784535
44b6_aaf8b0ea,44b6,1,2,209,206,22099.0,100,0.009457441513190641
44b6_abf82518,44b6,0,1,96,94,27604.0,58,0.003477756846833792
44b6_b2c44266,44b6,0,1,170,168,59729.0,100,0.002846188618593983
44b6_c15fded2,44b6,0,1,104,102,20585.0,75,0.005052222492105902
44b6_c50204e0,44b6,2,2,333,325,47078.0,100,0.007073367602701899
44b6_c771cb04,44b6,0,1,227,223,53345.0,100,0.00425531914893617
44b6_c8e2a523,44b6,1,2,168,164,33144.0,81,0.005068790731354091
44b6_c96cfa10,44b6,0,1,629,616,46236.0,100,0.013604118003287482
44b6_cf2536e8,44b6,0,1,76,75,57565.0,76,0.0013202466776687223
44b6_cf8fed6b,44b6,0,1,191,188,43729.0,100,0.004367810834915045
44b6_d29c9ab2,44b6,0,1,1353,1328,38055.0,100,0.03555380370516358
44b6_d2f34f90,44b6,2,2,283,281,24074.0,100,0.01175542078591011
44b6_d5e7d891,44b6,2,2,906,893,44848.0,100,0.020201569746699965
44b6_d754aa59,44b6,1,2,72,70,5171.0,76,0.013923805840263006
44b6_d78e09d9,44b6,0,1,463,451,22259.0,100,0.02080057504829507
44b6_db3c847b,44b6,0,1,165,162,15023.0,100,0.01098315915596086
44b6_ddf577ad,44b6,0,1,659,647,53492.0,100,0.012319599192402603
44b6_deabac95,44b6,1,2,126,124,13989.0,98,0.009007076989062834
44b6_e28840c6,44b6,2,2,311,309,74686.0,100,0.004164100366869293
44b6_e29f0176,44b6,0,1,51,50,12969.0,81,0.003932454314133704
44b6_e31261b4,44b6,0,1,116,113,72856.0,97,0.0015921818381464806
44b6_e35b117d,44b6,0,1,270,266,28641.0,100,0.00942704514507175
44b6_e57ff5c6,44b6,0,1,193,186,20314.0,100,0.009500836861277936
44b6_eb2880fc,44b6,1,2,390,379,48084.0,100,0.008110806089343649
44b6_f28707c6,44b6,0,1,63,61,18656.0,73,0.0033769296740994853
6bba_05b6850b,6bba,0,1,861,845,6362.0,100,0.13533480037723986
6bba_05db0fb1,6bba,3,2,1229,1183,69800.0,100,0.017607449856733525
6bba_062c8d37,6bba,1,2,930,898,6030.0,100,0.15422885572139303
6bba_07477033,6bba,0,1,613,602,4836.0,100,0.12675765095119934
6bba_07e24132,6bba,2,2,359,345,21485.0,100,0.01670933209215732
6bba_085bf656,6bba,1,2,1198,1168,8463.0,100,0.14155736736381896
6bba_09961292,6bba,4,2,1950,1871,31117.0,100,0.06266670951569882
6bba_0c7fa718,6bba,0,1,704,659,13650.0,100,0.051575091575091575
6bba_0e7c0d07,6bba,1,2,209,198,22467.0,86,0.009302532603373838
6bba_12665c0e,6bba,3,2,1036,998,8314.0,100,0.12460909309598268
6bba_13f19531,6bba,0,1,737,704,5773.0,100,0.1276632600034644
6bba_15403b9a,6bba,0,1,758,729,6889.0,100,0.11003048337930034
6bba_1d0d8384,6bba,1,2,1438,1365,17909.0,100,0.08029482383159306
6bba_1ebfb80d,6bba,0,1,745,719,11558.0,100,0.06445751860183423
6bba_1f58c2f6,6bba,0,1,317,299,28903.0,100,0.010967719613880912
6bba_207c6aaf,6bba,1,2,475,450,11999.0,100,0.03958663221935161
6bba_20852818,6bba,3,2,952,909,9758.0,100,0.0975609756097561
6bba_2312ac41,6bba,2,2,1156,1132,11950.0,100,0.09673640167364017
6bba_23af9eeb,6bba,0,1,513,499,4450.0,100,0.1152808988764045
6bba_2540cd90,6bba,0,1,529,523,3783.0,100,0.13983610890827386
6bba_2646afc7,6bba,0,1,738,721,5495.0,100,0.1343039126478617
6bba_268e1230,6bba,1,2,641,609,5107.0,100,0.12551400039161933
6bba_2819ca14,6bba,1,2,986,949,5534.0,100,0.17817130466208891
6bba_283bf9f1,6bba,0,1,1342,1288,20861.0,100,0.06433056900436221
6bba_312f0dc3,6bba,0,1,520,500,9963.0,81,0.05219311452373783
6bba_32db13fc,6bba,1,2,862,811,38705.0,100,0.0222710244154502
6bba_337b1b3a,6bba,2,2,1272,1213,30480.0,100,0.04173228346456693
6bba_372c8cb8,6bba,0,1,1036,1007,7021.0,100,0.14755732801595214
6bba_3a1849c2,6bba,0,1,1173,1142,7003.0,100,0.1674996430101385
6bba_3abfe10a,6bba,1,2,997,935,52065.0,100,0.019149140497455103
6bba_3c5691b6,6bba,2,2,765,746,6258.0,100,0.12224352828379674
6bba_3db54e20,6bba,1,2,502,474,23236.0,100,0.021604406954725427
6bba_3fda6b25,6bba,1,2,1207,1179,9842.0,100,0.12263767526925422
6bba_43fea39d,6bba,0,1,910,880,5748.0,100,0.1583159359777314
6bba_474be664,6bba,1,2,292,286,28293.0,100,0.010320573993567313
6bba_48816121,6bba,5,2,935,918,23965.0,100,0.03901523054454413
6bba_4aa14c89,6bba,0,1,707,681,6787.0,100,0.10416973626049801
6bba_4f99ce20,6bba,2,2,1057,1010,5965.0,100,0.1772003352891869
6bba_4ffd3da3,6bba,3,2,706,689,17637.0,100,0.040029483472245844
6bba_55b7eebe,6bba,1,2,705,688,5257.0,100,0.13410690507894235
6bba_55c70843,6bba,0,1,490,467,35415.0,100,0.013835945220951574
6bba_57b7cc1e,6bba,3,2,1659,1592,65511.0,100,0.025323991390758804
6bba_5a4d9360,6bba,0,1,747,722,5976.0,100,0.125
6bba_5b28472a,6bba,0,1,737,724,5802.0,100,0.12702516373664255
6bba_5c039895,6bba,3,2,1174,1145,8570.0,100,0.1369894982497083
6bba_5c824876,6bba,1,2,1170,1130,24647.0,100,0.04747028035866434
6bba_5dfe9ad1,6bba,0,1,1542,1487,26913.0,100,0.05729573068777171
6bba_5f89039d,6bba,0,1,904,885,4611.0,100,0.19605291693775753
6bba_61dd1e0d,6bba,0,1,558,543,10128.0,100,0.05509478672985782
6bba_61ecbe65,6bba,1,2,640,614,5774.0,100,0.11084170419120194
6bba_6321a359,6bba,1,2,827,798,4821.0,100,0.17154117403028418
6bba_6479435d,6bba,0,1,617,580,23453.0,100,0.02630793501897412
6bba_67ebd073,6bba,1,2,462,438,16061.0,100,0.02876533217109769
6bba_6ca87370,6bba,1,2,1081,1052,7195.0,100,0.15024322446143154
6bba_6db0e9b4,6bba,0,1,449,440,28435.0,100,0.015790399155969755
6bba_6feb10f0,6bba,0,1,1368,1343,8862.0,100,0.15436696005416384
6bba_6feeb0b1,6bba,0,1,1389,1343,7518.0,100,0.18475658419792498
6bba_705ec2c9,6bba,1,2,596,562,5600.0,100,0.10642857142857143
6bba_718b21f9,6bba,0,1,661,652,4306.0,100,0.15350673478866697
6bba_74686d6a,6bba,2,2,586,576,29803.0,100,0.019662450088917222
6bba_767a1e17,6bba,0,1,718,658,47714.0,100,0.015047994299367063
6bba_76db78c1,6bba,0,1,617,604,4855.0,100,0.1270854788877446
6bba_784a78c9,6bba,1,2,1788,1739,13096.0,100,0.13653023824068417
6bba_786893ac,6bba,3,2,1465,1395,58979.0,100,0.024839349599009818
6bba_789f8168,6bba,0,1,713,681,10676.0,100,0.06678531285125515
6bba_78a7bd97,6bba,2,2,886,832,40613.0,100,0.021815674783936177
6bba_7af54fde,6bba,2,2,1131,1092,9624.0,100,0.11751870324189526
6bba_7b5d3b2c,6bba,0,1,565,555,5780.0,100,0.09775086505190311
6bba_7d3058ae,6bba,2,2,1200,1173,7611.0,100,0.15766653527788727
6bba_7f87b3d8,6bba,3,2,1000,934,10581.0,100,0.09450902561194593
6bba_80d12824,6bba,1,2,680,654,9021.0,100,0.07537966965968296
6bba_825bd1c6,6bba,0,1,968,930,7586.0,100,0.12760348009491168
6bba_87289e13,6bba,1,2,724,699,14966.0,100,0.04837631965789122
6bba_8b7818bf,6bba,2,2,741,725,5828.0,100,0.12714481811942346
6bba_907271db,6bba,1,2,945,921,7306.0,100,0.1293457432247468
6bba_91951b3a,6bba,0,1,1188,1148,11907.0,100,0.09977324263038549
6bba_96833384,6bba,0,1,758,721,4869.0,100,0.15567878414458822
6bba_969618f6,6bba,3,2,679,658,13888.0,100,0.04889112903225806
6bba_971fa5e0,6bba,0,1,792,767,5609.0,100,0.1412016402210733
6bba_9a41d029,6bba,2,2,1401,1353,18231.0,100,0.07684712851736054
6bba_9e23430b,6bba,1,2,914,891,7708.0,100,0.11857810067462377
6bba_a5e926bb,6bba,0,1,741,698,8440.0,100,0.08779620853080569
6bba_a90a0b9c,6bba,0,1,1147,1112,36896.0,100,0.031087380745880314
6bba_ab78413d,6bba,2,2,1179,1138,9241.0,100,0.1275835948490423
6bba_acd782a8,6bba,0,1,356,330,19710.0,100,0.018061897513952308
6bba_ae82a791,6bba,0,1,1495,1471,7403.0,100,0.20194515736863433
6bba_aeee7805,6bba,1,2,795,768,5034.0,100,0.15792610250297973
6bba_af149c94,6bba,0,1,1350,1317,8933.0,100,0.15112504197917834
6bba_afb141ff,6bba,4,2,654,626,6054.0,100,0.10802775024777007
6bba_b1ae37b9,6bba,0,1,612,579,24298.0,88,0.02518725821055231
6bba_b204cac7,6bba,2,2,826,811,5092.0,100,0.1622152395915161
6bba_b329af44,6bba,1,2,1316,1268,62465.0,100,0.02106779796686144
6bba_b693381b,6bba,0,1,983,935,5558.0,100,0.17686218064051817
6bba_bb9f20c3,6bba,3,2,1925,1879,23071.0,100,0.0834380824411599
6bba_bbb708ca,6bba,0,1,892,861,6785.0,100,0.13146647015475313
6bba_c27cba08,6bba,0,1,517,493,6445.0,100,0.08021722265321955
6bba_c328f2fd,6bba,2,2,511,500,31228.0,100,0.016363519918022287
6bba_c73a1d11,6bba,0,1,737,710,16315.0,100,0.045173153539687406
6bba_cdcfe533,6bba,4,2,1419,1348,29785.0,100,0.047641430250125905
6bba_cf35214c,6bba,0,1,842,817,34890.0,100,0.02413298939524219
6bba_cff5865f,6bba,0,1,1571,1501,46362.0,100,0.033885509684655535
6bba_d0fc38b5,6bba,0,1,835,813,6111.0,100,0.13663884797905415
6bba_d1acb6ff,6bba,1,2,681,643,14719.0,100,0.04626673007677152
6bba_d2b9fc0c,6bba,2,2,944,921,20178.0,100,0.04678362573099415
6bba_d3da753b,6bba,1,2,887,857,17246.0,100,0.051432216166067496
6bba_d5eae175,6bba,0,1,528,519,4519.0,100,0.11684000885151583
6bba_d6ecebbb,6bba,0,1,886,862,5359.0,100,0.1653293524911364
6bba_d82a4fc6,6bba,0,1,545,530,27716.0,100,0.019663732140279982
6bba_debd7bfa,6bba,4,2,766,729,11807.0,100,0.0648767680189718
6bba_df673a83,6bba,4,2,668,654,19239.0,99,0.03472113935235719
6bba_e16ffc58,6bba,1,2,964,942,6367.0,100,0.1514056855662007
6bba_e5e44988,6bba,0,1,666,634,5615.0,100,0.11861086375779163
6bba_ebdf3b34,6bba,2,2,847,803,56847.0,100,0.01489964290112055
6bba_ebff6e76,6bba,0,1,1318,1264,41596.0,100,0.03168573901336667
6bba_ed9377fd,6bba,0,1,531,508,4443.0,100,0.11951384199864956
6bba_edf14583,6bba,0,1,801,760,59242.0,100,0.013520812936767834
6bba_eebc57a5,6bba,0,1,1026,989,9347.0,100,0.10976783994864663
6bba_ef7b4f7e,6bba,2,2,1234,1201,6107.0,100,0.20206320615686918
6bba_f17befbc,6bba,0,1,1078,1015,24963.0,100,0.04318391219004126
6bba_f1fde7e0,6bba,0,1,476,446,9040.0,100,0.05265486725663717
6bba_f20478e9,6bba,1,2,1003,963,5973.0,100,0.16792231709358782
6bba_f4ae811c,6bba,0,1,1001,965,8903.0,100,0.11243401100752555
6bba_f8ffd5e7,6bba,2,2,389,370,29540.0,100,0.013168584969532836
6bba_fbc898dc,6bba,0,1,655,639,4889.0,100,0.13397422785845775
6bba_fc516dc6,6bba,0,1,788,762,7866.0,100,0.10017798118484618
6bba_fc5f39dc,6bba,2,2,471,458,14020.0,100,0.03359486447931526
6bba_fc83837d,6bba,0,1,957,923,13087.0,100,0.07312600290364484
6bba_fe670320,6bba,2,2,716,680,10836.0,100,0.06607604282022887
