film,fold,gt_parent,cause,d_pc,d_pq,d_cq,n_orphans,nn_dist
44b6_12dfb391,44b6,608,true daughter already has a parent,5.3895152843275245,6.080193253507654,10.405076885828379,,
44b6_267148e4,44b6,3,true daughter already has a parent,4.596194077712559,9.613629647536875,11.604821196382131,,
44b6_2a2eff9f,44b6,12,true daughter already has a parent,1.625,10.405076885828379,11.258330249197702,,
44b6_341df25f,44b6,12,CONSEQUENCE: divergence,6.700046641628698,6.080193253507654,12.481861840286488,9.0,
44b6_587a1e22,44b6,23,daughter not detected,,,,,
44b6_5f15d135,44b6,104,true daughter already has a parent,4.596194077712559,8.125,11.830178570080843,,
44b6_706092f0,44b6,49,daughter not detected,,,,,
44b6_74d0c52e,44b6,58,true daughter already has a parent,1.625,12.268480957314969,11.490485194281398,,
44b6_7a302da0,44b6,479,symmetry gate,3.25,6.080193253507654,8.900491559458949,32.0,
44b6_996155de,44b6,59,CONSEQUENCE: divergence,4.875,4.596194077712559,9.334914300624297,5.0,
44b6_9be80b04,44b6,154,REACHED (proposable),3.9804208320226646,4.596194077712559,8.285906709588275,28.0,
44b6_a21120c2,44b6,179,REACHED (proposable),3.9804208320226646,4.596194077712559,8.285906709588275,4.0,
44b6_a21120c2,44b6,215,true daughter already has a parent,5.859020822628983,6.080193253507654,8.443747686898277,,
44b6_aaf8b0ea,44b6,93,true daughter already has a parent,1.625,10.779030568655049,9.334914300624297,,
44b6_c50204e0,44b6,43,linker child is neither daughter,,,,,
44b6_c50204e0,44b6,186,REACHED (proposable),3.25,4.596194077712559,7.267220926874317,41.0,
44b6_c8e2a523,44b6,155,true daughter already has a parent,2.2980970388562794,10.900831390311474,9.613629647536875,,
44b6_d2f34f90,44b6,102,symmetry gate,2.2980970388562794,6.894291116568838,8.285906709588275,11.0,
44b6_d2f34f90,44b6,136,symmetry gate,2.2980970388562794,7.44668550430324,8.125,15.0,
44b6_d5e7d891,44b6,86,daughter not detected,,,,,
44b6_d5e7d891,44b6,456,daughter not detected,,,,,
44b6_d754aa59,44b6,54,true daughter already has a parent,5.3895152843275245,6.700046641628698,11.941262496067994,,
44b6_deabac95,44b6,14,true daughter already has a parent,5.3895152843275245,8.75089281159357,11.941262496067994,,
44b6_e28840c6,44b6,47,true daughter already has a parent,2.8145825622994254,4.875,6.894291116568838,,
44b6_e28840c6,44b6,159,true daughter already has a parent,4.875,6.894291116568838,10.900831390311474,,
44b6_eb2880fc,44b6,287,true daughter already has a parent,0.0,12.691655723348314,12.691655723348314,,
6bba_05db0fb1,6bba,232,linker child is neither daughter,,,,,
6bba_05db0fb1,6bba,624,parent has NO child in graph,,,,,
6bba_05db0fb1,6bba,771,true daughter already has a parent,1.625,6.080193253507654,7.44668550430324,,
6bba_062c8d37,6bba,827,true daughter already has a parent,3.25,7.621925609713073,10.017172754824587,,
6bba_07e24132,6bba,300,true daughter already has a parent,1.625,8.285906709588275,8.75089281159357,,
6bba_07e24132,6bba,324,true daughter already has a parent,5.629165124598851,5.138701197773616,10.017172754824587,,
6bba_085bf656,6bba,1189,daughter not detected,,,,,
6bba_09961292,6bba,626,true daughter already has a parent,3.9804208320226646,7.267220926874317,10.017172754824587,,
6bba_09961292,6bba,1022,REACHED (proposable),3.6336104634371584,4.596194077712559,4.875,13.0,
6bba_09961292,6bba,1143,true daughter already has a parent,2.8145825622994254,6.080193253507654,8.125,,
6bba_09961292,6bba,1945,parent not detected,,,,,
6bba_0e7c0d07,6bba,197,true daughter already has a parent,3.9804208320226646,10.017172754824587,11.718041645257966,,
6bba_12665c0e,6bba,482,true daughter already has a parent,2.8145825622994254,12.160386507015309,14.804454566109486,,
6bba_12665c0e,6bba,893,daughter not detected,,,,,
6bba_12665c0e,6bba,943,true daughter already has a parent,8.75089281159357,8.125,15.754959536603069,,
6bba_1d0d8384,6bba,240,true daughter already has a parent,1.625,8.443747686898277,8.285906709588275,,
6bba_207c6aaf,6bba,145,true daughter already has a parent,6.080193253507654,12.691655723348314,17.426183603990864,,
6bba_20852818,6bba,332,true daughter already has a parent,0.0,9.334914300624297,9.334914300624297,,
6bba_20852818,6bba,357,true daughter already has a parent,1.625,4.875,6.080193253507654,,
6bba_20852818,6bba,776,true daughter already has a parent,8.75089281159357,8.75089281159357,16.887495373796554,,
6bba_2312ac41,6bba,157,true daughter already has a parent,2.2980970388562794,15.33021933959198,16.168545852982575,,
6bba_2312ac41,6bba,1139,REACHED (proposable),3.9804208320226646,5.3895152843275245,8.75089281159357,9.0,
6bba_268e1230,6bba,635,daughter not detected,,,,,
6bba_2819ca14,6bba,957,true daughter already has a parent,3.6336104634371584,11.718041645257966,13.101168840985142,,
6bba_32db13fc,6bba,115,daughter not detected,,,,,
6bba_337b1b3a,6bba,91,symmetry gate,3.6336104634371584,8.443747686898277,11.490485194281398,9.0,
6bba_337b1b3a,6bba,380,REACHED (proposable),5.3895152843275245,5.138701197773616,10.405076885828379,8.0,
6bba_3abfe10a,6bba,623,true daughter already has a parent,3.9804208320226646,9.884489111734608,13.498263777241872,,
6bba_3c5691b6,6bba,21,true daughter already has a parent,0.0,10.531203634912773,10.531203634912773,,
6bba_3c5691b6,6bba,82,true daughter already has a parent,2.2980970388562794,11.375,13.498263777241872,,
6bba_3db54e20,6bba,478,linker child is neither daughter,,,,,
6bba_3fda6b25,6bba,1202,symmetry gate,2.8145825622994254,7.960841664045329,10.65583760199075,5.0,
6bba_474be664,6bba,200,MUTUAL-NN: nearest orphan is not the daughter,6.894291116568838,7.267220926874317,13.978778558944269,28.0,8.75089281159357
6bba_48816121,6bba,21,true daughter already has a parent,4.875,3.6336104634371584,7.621925609713073,,
6bba_48816121,6bba,46,REACHED (proposable),4.596194077712559,7.44668550430324,11.830178570080843,8.0,
6bba_48816121,6bba,76,true daughter already has a parent,8.900491559458949,17.04314378276496,25.898238357077496,,
6bba_48816121,6bba,458,true daughter already has a parent,6.894291116568838,7.267220926874317,13.978778558944269,,
6bba_48816121,6bba,499,daughter not detected,,,,,
6bba_4f99ce20,6bba,279,symmetry gate,2.2980970388562794,6.894291116568838,6.080193253507654,7.0,
6bba_4f99ce20,6bba,969,true daughter already has a parent,3.6336104634371584,3.9804208320226646,7.44668550430324,,
6bba_4ffd3da3,6bba,227,true daughter already has a parent,3.6336104634371584,11.490485194281398,11.830178570080843,,
6bba_4ffd3da3,6bba,288,true daughter already has a parent,3.6336104634371584,15.754959536603069,15.33021933959198,,
6bba_4ffd3da3,6bba,616,daughter not detected,,,,,
6bba_55b7eebe,6bba,322,CONSEQUENCE: divergence,5.859020822628983,8.285906709588275,13.498263777241872,3.0,
6bba_57b7cc1e,6bba,215,true daughter already has a parent,3.25,8.285906709588275,9.475296829123613,,
6bba_57b7cc1e,6bba,1312,true daughter already has a parent,6.700046641628698,6.080193253507654,12.481861840286488,,
6bba_57b7cc1e,6bba,1651,true daughter already has a parent,5.3895152843275245,4.875,10.017172754824587,,
6bba_5c039895,6bba,648,MUTUAL-NN: nearest orphan is not the daughter,5.859020822628983,6.080193253507654,11.830178570080843,2.0,5.138701197773616
6bba_5c039895,6bba,1110,REACHED (proposable),5.138701197773616,7.44668550430324,11.604821196382131,2.0,
6bba_5c039895,6bba,1128,CONSEQUENCE: track too short,4.875,5.3895152843275245,9.475296829123613,4.0,
6bba_5c824876,6bba,1155,REACHED (proposable),5.859020822628983,5.138701197773616,10.405076885828379,11.0,
6bba_61ecbe65,6bba,628,daughter not detected,,,,,
6bba_6321a359,6bba,813,true daughter already has a parent,3.9804208320226646,14.804454566109486,14.259317129512198,,
6bba_67ebd073,6bba,376,true daughter already has a parent,1.625,9.475296829123613,10.405076885828379,,
6bba_6ca87370,6bba,520,symmetry gate,2.2980970388562794,6.700046641628698,8.125,7.0,
6bba_705ec2c9,6bba,261,true daughter already has a parent,3.6336104634371584,8.443747686898277,11.490485194281398,,
6bba_74686d6a,6bba,24,true daughter already has a parent,3.6336104634371584,9.334914300624297,12.160386507015309,,
6bba_74686d6a,6bba,107,true daughter already has a parent,6.700046641628698,11.02128622257856,16.65129499468435,,
6bba_784a78c9,6bba,1781,symmetry gate,3.6336104634371584,7.621925609713073,10.65583760199075,3.0,
6bba_786893ac,6bba,1143,true daughter already has a parent,3.9804208320226646,4.596194077712559,6.894291116568838,,
6bba_786893ac,6bba,1454,daughter not detected,,,,,
6bba_786893ac,6bba,1461,daughter not detected,,,,,
6bba_78a7bd97,6bba,861,true daughter already has a parent,7.621925609713073,6.700046641628698,8.125,,
6bba_78a7bd97,6bba,873,parent not detected,,,,,
6bba_7af54fde,6bba,575,true daughter already has a parent,1.625,11.375,12.795262795269194,,
6bba_7af54fde,6bba,610,true daughter already has a parent,1.625,10.277402395547233,11.830178570080843,,
6bba_7d3058ae,6bba,372,true daughter already has a parent,1.625,10.900831390311474,11.941262496067994,,
6bba_7d3058ae,6bba,1196,CONSEQUENCE: divergence,5.859020822628983,8.75089281159357,13.595725431178728,6.0,
6bba_7f87b3d8,6bba,188,symmetry gate,2.2980970388562794,8.285906709588275,10.017172754824587,9.0,
6bba_7f87b3d8,6bba,985,daughter not detected,,,,,
6bba_7f87b3d8,6bba,995,daughter not detected,,,,,
6bba_80d12824,6bba,316,true daughter already has a parent,2.8145825622994254,10.900831390311474,11.941262496067994,,
6bba_87289e13,6bba,525,daughter not detected,,,,,
6bba_8b7818bf,6bba,715,true daughter already has a parent,8.443747686898277,5.138701197773616,13.101168840985142,,
6bba_8b7818bf,6bba,739,daughter not detected,,,,,
6bba_907271db,6bba,940,daughter not detected,,,,,
6bba_969618f6,6bba,387,parent has NO child in graph,,,,,
6bba_969618f6,6bba,457,true daughter already has a parent,0.0,14.351611407782752,14.351611407782752,,
6bba_969618f6,6bba,594,MUTUAL-NN: nearest orphan is not the daughter,2.2980970388562794,6.894291116568838,7.267220926874317,14.0,5.138701197773616
6bba_9a41d029,6bba,611,symmetry gate,3.6336104634371584,7.083210783253595,8.900491559458949,9.0,
6bba_9a41d029,6bba,649,linker child is neither daughter,,,,,
6bba_9e23430b,6bba,834,CONSEQUENCE: divergence,4.596194077712559,4.875,8.75089281159357,9.0,
6bba_ab78413d,6bba,810,parent not detected,,,,,
6bba_ab78413d,6bba,916,true daughter already has a parent,1.625,14.804454566109486,16.086679271993955,,
6bba_aeee7805,6bba,141,symmetry gate,1.625,4.596194077712559,4.875,7.0,
6bba_afb141ff,6bba,286,daughter not detected,,,,,
6bba_afb141ff,6bba,639,true daughter already has a parent,1.625,9.884489111734608,10.017172754824587,,
6bba_afb141ff,6bba,643,true daughter already has a parent,2.2980970388562794,12.481861840286488,11.830178570080843,,
6bba_afb141ff,6bba,646,parent-daughter gate,2.2980970388562794,10.531203634912773,12.795262795269194,13.0,
6bba_b204cac7,6bba,611,true daughter already has a parent,4.875,6.700046641628698,9.475296829123613,,
6bba_b204cac7,6bba,815,true daughter already has a parent,4.875,15.670932486613552,17.04314378276496,,
6bba_b329af44,6bba,1169,daughter not detected,,,,,
6bba_bb9f20c3,6bba,527,symmetry gate,4.596194077712559,8.900491559458949,11.941262496067994,11.0,
6bba_bb9f20c3,6bba,854,daughter not detected,,,,,
6bba_bb9f20c3,6bba,1593,true daughter already has a parent,1.625,7.960841664045329,8.75089281159357,,
6bba_c328f2fd,6bba,259,linker child is neither daughter,,,,,
6bba_c328f2fd,6bba,509,linker child is neither daughter,,,,,
6bba_cdcfe533,6bba,36,parent-daughter gate,4.875,9.75,9.334914300624297,14.0,
6bba_cdcfe533,6bba,313,symmetry gate,2.8145825622994254,8.125,8.900491559458949,9.0,
6bba_cdcfe533,6bba,398,REACHED (proposable),3.9804208320226646,6.080193253507654,6.080193253507654,7.0,
6bba_cdcfe533,6bba,1414,REACHED (proposable),4.596194077712559,3.9804208320226646,8.285906709588275,9.0,
6bba_d1acb6ff,6bba,673,daughter not detected,,,,,
6bba_d2b9fc0c,6bba,599,daughter not detected,,,,,
6bba_d2b9fc0c,6bba,673,true daughter already has a parent,5.138701197773616,8.900491559458949,13.201562407533435,,
6bba_d3da753b,6bba,439,true daughter already has a parent,3.25,10.017172754824587,11.941262496067994,,
6bba_debd7bfa,6bba,301,daughter not detected,,,,,
6bba_debd7bfa,6bba,708,true daughter already has a parent,5.859020822628983,7.621925609713073,10.900831390311474,,
6bba_debd7bfa,6bba,723,parent-daughter gate,2.8145825622994254,14.259317129512198,13.978778558944269,5.0,
6bba_debd7bfa,6bba,737,REACHED (proposable),6.700046641628698,6.700046641628698,8.285906709588275,4.0,
6bba_df673a83,6bba,286,daughter not detected,,,,,
6bba_df673a83,6bba,300,REACHED (proposable),4.875,6.700046641628698,8.285906709588275,8.0,
6bba_df673a83,6bba,649,true daughter already has a parent,7.44668550430324,8.125,15.069630055180518,,
6bba_df673a83,6bba,657,daughter not detected,,,,,
6bba_e16ffc58,6bba,281,linker child is neither daughter,,,,,
6bba_ebdf3b34,6bba,170,linker child is neither daughter,,,,,
6bba_ebdf3b34,6bba,705,symmetry gate,2.8145825622994254,6.080193253507654,8.75089281159357,20.0,
6bba_ef7b4f7e,6bba,143,true daughter already has a parent,6.080193253507654,5.859020822628983,8.443747686898277,,
6bba_ef7b4f7e,6bba,1199,CONSEQUENCE: divergence,6.080193253507654,7.44668550430324,13.301198254292732,5.0,
6bba_f20478e9,6bba,226,CONSEQUENCE: track too short,4.596194077712559,6.080193253507654,9.475296829123613,1.0,
6bba_f8ffd5e7,6bba,33,CONSEQUENCE: divergence,5.3895152843275245,7.44668550430324,11.490485194281398,15.0,
6bba_f8ffd5e7,6bba,262,true daughter already has a parent,3.9804208320226646,9.75,11.02128622257856,,
6bba_fc5f39dc,6bba,61,true daughter already has a parent,5.3895152843275245,9.475296829123613,14.625,,
6bba_fc5f39dc,6bba,190,daughter not detected,,,,,
6bba_fe670320,6bba,3,parent not detected,,,,,
6bba_fe670320,6bba,711,CONSEQUENCE: track too short,6.700046641628698,6.894291116568838,12.481861840286488,15.0,
