film,w0,w0.2,w0.3,w0.4,w0.5,w0.6,w0.7,w0.8,w0.9,w1
44b6_0113de3b,0.994498,0.994498,0.994498,0.994498,0.994498,0.994498,0.994498,0.994498,0.994498,0.994498
44b6_0b24845f,0.804515,0.804515,0.804515,0.804515,0.804515,0.837910,0.837910,0.837910,0.804515,0.804515
44b6_0c582fdc,0.890322,0.890322,0.890322,0.890322,0.890322,0.890322,0.890322,0.915623,0.915623,0.915623
44b6_0db75fae,0.859524,0.870869,0.870869,0.870869,0.870869,0.870869,0.849042,0.849042,0.849042,0.849042
44b6_12dfb391,0.874776,0.874776,0.880301,0.880301,0.880301,0.882549,0.882549,0.882549,0.880301,0.880301
44b6_144b256d,0.938223,0.938223,0.969936,0.969936,0.969936,0.969936,0.969936,0.969936,0.969936,0.969936
44b6_1574802b,0.867801,0.856455,0.856455,0.856455,0.856455,0.856455,0.856455,0.856455,0.856455,0.856455
44b6_18ced818,0.773768,0.773768,0.773768,0.773768,0.773768,0.773768,0.735910,0.735910,0.735910,0.735910
44b6_1d530831,0.652187,0.671138,0.676195,0.676195,0.681284,0.674121,0.674121,0.681284,0.695877,0.681284
44b6_24264f12,0.852775,0.841613,0.841613,0.834686,0.834686,0.834686,0.834686,0.834686,0.834686,0.834686
44b6_267148e4,0.762062,0.773263,0.773263,0.773263,0.767644,0.756516,0.756516,0.740782,0.740782,0.702360
44b6_2a2eff9f,0.816273,0.835671,0.835671,0.835671,0.835671,0.816273,0.794004,0.794004,0.794004,0.779886
44b6_2f31fc2f,0.641146,0.679134,0.679134,0.679134,0.635097,0.635097,0.614302,0.614302,0.614302,0.614302
44b6_33b596bf,0.853590,0.853590,0.888199,0.888199,0.888199,0.888199,0.888199,0.888199,0.888199,0.888199
44b6_341df25f,1.036397,1.054492,1.054492,1.054492,1.054492,1.054492,1.054492,1.054492,1.054492,1.054492
44b6_3a861e03,0.928921,0.928921,0.925958,0.925958,0.922052,0.922052,0.911327,0.901676,0.895982,0.888426
44b6_3bb3690f,0.826772,0.824930,0.830930,0.841191,0.841191,0.853528,0.841191,0.841191,0.829075,0.830930
44b6_40c45f5a,0.770061,0.770061,0.770061,0.770061,0.770061,0.770061,0.770061,0.770061,0.770061,0.773484
44b6_415c0a3a,0.844101,0.834306,0.834306,0.834306,0.834306,0.834306,0.834306,0.834306,0.834306,0.832007
44b6_53f95252,0.946861,0.946861,0.946861,0.946861,0.946861,0.946861,0.946861,0.946861,0.946861,0.946861
44b6_551a5dba,0.667202,0.667202,0.682181,0.700130,0.700130,0.718629,0.718629,0.718629,0.712016,0.712016
44b6_5740d24b,0.987339,0.987339,0.987339,0.987339,0.987339,0.987339,0.987339,0.987339,0.987339,0.987339
44b6_587a1e22,0.947677,0.947677,0.947677,0.947677,0.947677,0.947677,0.947677,0.947677,0.947677,0.947677
44b6_5f15d135,0.727509,0.747738,0.745357,0.753287,0.753287,0.753287,0.761319,0.764491,0.764491,0.751620
44b6_668e0cc7,0.949537,0.955559,0.955559,0.946620,0.946620,0.946620,0.946620,0.937789,0.929066,0.917435
44b6_66f9292d,0.812251,0.829711,0.829711,0.829711,0.829711,0.847506,0.847506,0.865644,0.865644,0.865644
44b6_706092f0,0.879622,0.879622,0.879622,0.879622,0.879622,0.879622,0.879622,0.879622,0.836971,0.836971
44b6_71a4179f,0.576431,0.604594,0.604594,0.604594,0.604594,0.604594,0.623302,0.627430,0.634249,0.634249
44b6_74d0c52e,0.980469,0.980469,0.980469,0.980469,0.980469,0.980469,0.980469,0.980469,0.980469,0.980469
44b6_7a302da0,0.845636,0.845636,0.845636,0.845636,0.845636,0.845636,0.845636,0.847420,0.847420,0.847420
44b6_7e557709,0.937965,0.937965,0.937965,0.937965,0.937965,0.936362,0.931462,0.931462,0.931462,0.934764
44b6_808952d6,0.967856,0.967856,0.967856,0.967856,0.967856,0.967856,0.967856,0.967856,0.967856,0.967856
44b6_81c256f0,0.958703,0.958703,0.958703,0.958703,0.958703,0.958703,0.958703,0.958703,0.958703,0.958703
44b6_87bba6c4,0.715910,0.715910,0.715910,0.715910,0.715910,0.715910,0.711819,0.692865,0.633381,0.606689
44b6_8cc6506c,0.886559,0.886559,0.886559,0.886559,0.886559,0.886559,0.886559,0.886559,0.886559,0.886559
44b6_8f5ab931,0.752656,0.766199,0.766199,0.775957,0.779734,0.779734,0.782361,0.782361,0.782361,0.782361
44b6_8f9ecab4,0.911546,0.919088,0.919088,0.919088,0.919088,0.919088,0.919088,0.919088,0.919088,0.919088
44b6_90724892,0.774503,0.774503,0.774503,0.774503,0.774503,0.774503,0.774503,0.774503,0.753702,0.753702
44b6_949adeb1,0.727910,0.717984,0.717984,0.719619,0.719619,0.714158,0.714158,0.729016,0.729016,0.740252
44b6_95029e92,0.979248,0.979248,0.979248,0.979248,0.979248,0.979248,0.979248,0.979248,0.979248,0.979248
44b6_97725144,0.875223,0.875223,0.875223,0.875223,0.882768,0.882768,0.882768,0.890792,0.890792,0.890792
44b6_996155de,0.952029,0.952029,0.952029,0.952029,0.952029,0.952029,0.952029,0.952029,0.949566,0.949566
44b6_9be80b04,0.860350,0.860350,0.860350,0.860350,0.860350,0.860350,0.860350,0.906094,0.882845,0.849373
44b6_9bfa6a0a,0.790737,0.796740,0.796740,0.814314,0.817065,0.817065,0.828899,0.828899,0.828899,0.828899
44b6_a21120c2,0.973037,0.973037,0.973037,0.973037,0.973037,0.973037,0.973037,0.973037,0.953908,0.953908
44b6_a2bb48bb,0.720812,0.731372,0.726069,0.735109,0.735109,0.735109,0.735109,0.735109,0.733504,0.733504
44b6_aaf8b0ea,0.910192,0.910192,0.918828,0.918828,0.918828,0.918828,0.918828,0.918828,0.918828,0.918828
44b6_abf82518,0.979202,0.979202,0.979202,0.979202,0.979202,0.979202,0.979202,0.979202,0.979202,0.979202
44b6_b2c44266,0.891570,0.923115,0.891570,0.891570,0.891570,0.891570,0.891570,0.891570,0.891570,0.891570
44b6_c15fded2,0.942434,0.942434,0.942434,0.942434,0.942434,0.942434,0.942434,0.889692,0.889692,0.889692
44b6_c50204e0,0.767516,0.767516,0.774476,0.774476,0.772337,0.772337,0.775037,0.775037,0.775037,0.770209
44b6_c771cb04,0.696893,0.696893,0.691613,0.691613,0.698079,0.698079,0.698079,0.698079,0.698079,0.698079
44b6_c8e2a523,0.960077,0.960077,0.960077,0.960077,0.960077,0.960077,0.893668,0.862678,0.857112,0.857112
44b6_c96cfa10,0.883628,0.879444,0.879444,0.879444,0.879444,0.879444,0.879444,0.879444,0.879444,0.879444
44b6_cf2536e8,0.870495,0.870495,0.870495,0.870495,0.870495,0.870495,0.870495,0.837870,0.837870,0.777018
44b6_cf8fed6b,0.968633,0.968633,0.968633,0.968633,0.968633,0.968633,0.968633,0.938617,0.938617,0.938617
44b6_d29c9ab2,0.956777,0.956777,0.956777,0.958211,0.958211,0.953948,0.953948,0.947601,0.925407,0.918588
44b6_d2f34f90,0.866221,0.884029,0.884029,0.884029,0.884029,0.884029,0.869003,0.869003,0.863454,0.863454
44b6_d5e7d891,0.784881,0.782524,0.782524,0.779988,0.779988,0.779988,0.779988,0.778433,0.777657,0.777657
44b6_d754aa59,1.050880,1.050880,1.050880,1.050880,1.050880,1.050880,1.050880,0.998053,0.998053,0.998053
44b6_d78e09d9,0.813366,0.816652,0.813366,0.819965,0.821955,0.821955,0.819965,0.821955,0.821955,0.818305
44b6_db3c847b,0.843793,0.843793,0.843070,0.843070,0.843070,0.843070,0.843070,0.843070,0.843070,0.843070
44b6_ddf577ad,0.796138,0.801096,0.810832,0.810832,0.814485,0.814485,0.809441,0.809441,0.804697,0.804697
44b6_deabac95,0.927126,0.927126,0.927126,0.927126,0.927126,0.927126,0.927126,0.927126,0.927126,0.941632
44b6_e28840c6,0.897354,0.903088,0.903088,0.917367,0.917367,0.917367,0.917367,0.917367,0.917367,0.917367
44b6_e29f0176,0.848690,0.848690,0.848690,0.848690,0.848690,0.848690,0.784790,0.784790,0.784790,0.784790
44b6_e31261b4,0.949063,0.949063,0.949063,0.949063,0.949063,0.949063,0.949063,0.949063,0.949063,0.949063
44b6_e35b117d,0.814002,0.826268,0.826268,0.826268,0.826268,0.826268,0.826268,0.832464,0.832464,0.832464
44b6_e57ff5c6,0.643622,0.659245,0.659245,0.659245,0.659245,0.659245,0.679785,0.665105,0.650683,0.649262
44b6_eb2880fc,0.900731,0.914410,0.914410,0.914410,0.900731,0.900731,0.900731,0.900731,0.900731,0.900731
44b6_f28707c6,0.919764,0.919764,0.919764,0.919764,0.919764,0.919764,0.919764,0.919764,0.919764,0.837278
6bba_05b6850b,0.877956,0.882060,0.882060,0.887292,0.886192,0.886192,0.886192,0.888310,0.884078,0.880962
6bba_05db0fb1,0.851453,0.846574,0.844479,0.848676,0.850009,0.850009,0.842278,0.843596,0.843596,0.839311
6bba_062c8d37,0.959082,0.959082,0.959082,0.959082,0.955914,0.951723,0.948574,0.949600,0.947514,0.947514
6bba_07477033,0.866751,0.866905,0.866905,0.866905,0.868277,0.865381,0.865381,0.864016,0.862495,0.862495
6bba_07e24132,0.735007,0.762294,0.766688,0.775160,0.775160,0.780008,0.780008,0.766688,0.775160,0.764283
6bba_085bf656,0.962220,0.962220,0.962220,0.962220,0.962220,0.965476,0.965476,0.965476,0.965476,0.965476
6bba_09961292,0.880905,0.887277,0.886389,0.885504,0.884506,0.881345,0.879472,0.880408,0.872639,0.866830
6bba_0c7fa718,0.887660,0.898469,0.898469,0.898469,0.898469,0.898469,0.898469,0.887796,0.885117,0.885117
6bba_0e7c0d07,0.792965,0.792965,0.792965,0.792965,0.792965,0.784967,0.773557,0.773557,0.773557,0.773557
6bba_12665c0e,0.925545,0.929235,0.929235,0.929235,0.929235,0.929235,0.925545,0.925545,0.925545,0.925545
6bba_13f19531,0.901969,0.904553,0.904553,0.904553,0.907144,0.907144,0.904553,0.904553,0.904553,0.904553
6bba_15403b9a,0.921173,0.923685,0.926202,0.926202,0.926202,0.926202,0.919876,0.917373,0.916077,0.916077
6bba_1d0d8384,0.751828,0.751828,0.750842,0.754086,0.754086,0.755217,0.751828,0.748452,0.752182,0.748943
6bba_1ebfb80d,0.772847,0.773806,0.783230,0.783230,0.781047,0.781047,0.777900,0.776932,0.763581,0.765711
6bba_1f58c2f6,0.684714,0.691348,0.691348,0.682780,0.689384,0.689384,0.694080,0.696813,0.692109,0.700806
6bba_207c6aaf,0.555374,0.555374,0.555374,0.555374,0.557375,0.559391,0.557833,0.557833,0.565036,0.545113
6bba_20852818,0.860270,0.866934,0.866934,0.867949,0.865114,0.859481,0.856682,0.856682,0.856682,0.854784
6bba_2312ac41,0.915035,0.916646,0.916646,0.921455,0.921455,0.921455,0.921455,0.921455,0.921455,0.921455
6bba_23af9eeb,0.917593,0.917593,0.917593,0.917593,0.917593,0.917593,0.917593,0.917593,0.917593,0.913933
6bba_2540cd90,0.997991,0.997991,0.997991,0.997991,0.997991,0.997991,0.997991,0.997991,0.997991,0.997991
6bba_2646afc7,0.872840,0.871567,0.869157,0.875130,0.875130,0.875130,0.875130,0.875130,0.875130,0.869157
6bba_268e1230,0.850262,0.853068,0.853068,0.853068,0.842077,0.847637,0.847637,0.847637,0.846157,0.853068
6bba_2819ca14,0.898884,0.899789,0.897982,0.900776,0.900776,0.896996,0.891354,0.892247,0.889389,0.880948
6bba_283bf9f1,0.910361,0.910361,0.910361,0.910361,0.912453,0.912453,0.912453,0.912453,0.912453,0.918766
6bba_312f0dc3,0.910982,0.910982,0.921810,0.921810,0.921810,0.920034,0.920034,0.920034,0.929191,0.929191
6bba_32db13fc,0.725059,0.731157,0.726652,0.725605,0.721134,0.715130,0.709192,0.709192,0.704076,0.698731
6bba_337b1b3a,0.951310,0.952758,0.954276,0.954276,0.954276,0.954276,0.952758,0.944298,0.946591,0.942756
6bba_372c8cb8,0.960020,0.961942,0.961942,0.966718,0.963852,0.963852,0.963852,0.963852,0.963852,0.963852
6bba_3a1849c2,0.844663,0.844054,0.847042,0.852253,0.856700,0.856700,0.856700,0.858297,0.858297,0.856067
6bba_3abfe10a,0.720018,0.712698,0.712698,0.711384,0.710729,0.718016,0.720912,0.722478,0.716687,0.703536
6bba_3c5691b6,0.935006,0.935006,0.939951,0.939951,0.943664,0.943664,0.943664,0.943664,0.943664,0.928840
6bba_3db54e20,0.745867,0.764870,0.764870,0.767762,0.764870,0.769603,0.769603,0.774750,0.771826,0.771826
6bba_3fda6b25,0.919793,0.919793,0.919793,0.919793,0.919793,0.919793,0.919793,0.919008,0.917491,0.914415
6bba_43fea39d,0.874594,0.872606,0.878584,0.878584,0.867798,0.865828,0.859942,0.859942,0.857989,0.857989
6bba_474be664,0.682589,0.704103,0.707074,0.719659,0.730192,0.732481,0.732481,0.732481,0.732481,0.732481
6bba_48816121,0.803705,0.809082,0.812586,0.812586,0.812491,0.815846,0.815846,0.815846,0.813286,0.810735
6bba_4aa14c89,0.759732,0.769940,0.775621,0.772253,0.772253,0.765570,0.765570,0.763279,0.765334,0.765334
6bba_4f99ce20,0.957450,0.957450,0.957450,0.949984,0.946225,0.943423,0.944273,0.938673,0.934043,0.932208
6bba_4ffd3da3,0.747388,0.748332,0.745238,0.747388,0.750492,0.750492,0.750492,0.763067,0.757711,0.757711
6bba_55b7eebe,0.957861,0.952384,0.952384,0.952384,0.952384,0.952384,0.952384,0.952384,0.952384,0.952384
6bba_55c70843,0.593102,0.604057,0.610435,0.615238,0.613120,0.611017,0.604647,0.614755,0.618520,0.624520
6bba_57b7cc1e,0.531544,0.537821,0.542950,0.545624,0.554050,0.553961,0.553683,0.548581,0.545544,0.546747
6bba_5a4d9360,0.942880,0.941665,0.941665,0.941665,0.941665,0.941665,0.941665,0.944275,0.939063,0.928721
6bba_5b28472a,0.892936,0.892936,0.894217,0.899203,0.904216,0.899203,0.899203,0.899203,0.904216,0.899203
6bba_5c039895,0.968210,0.969879,0.969879,0.969879,0.973225,0.973225,0.974884,0.974884,0.974884,0.974884
6bba_5c824876,0.873678,0.879801,0.879801,0.884407,0.884407,0.886721,0.885232,0.881361,0.881361,0.877510
6bba_5dfe9ad1,0.919333,0.919333,0.919333,0.919333,0.919333,0.919333,0.919333,0.920540,0.920540,0.920540
6bba_5f89039d,0.967224,0.967224,0.970491,0.970491,0.970491,0.970491,0.970491,0.970491,0.970491,0.967224
6bba_61dd1e0d,0.877817,0.881066,0.881219,0.887742,0.887742,0.887742,0.887742,0.887742,0.887742,0.884475
6bba_61ecbe65,0.949105,0.958198,0.958198,0.958198,0.961249,0.961249,0.961249,0.961249,0.949105,0.941634
6bba_6321a359,0.866371,0.866371,0.866371,0.866371,0.866371,0.866371,0.866371,0.866371,0.864184,0.864184
6bba_6479435d,0.644826,0.644826,0.648187,0.648628,0.644750,0.644750,0.643788,0.641425,0.642828,0.642828
6bba_67ebd073,0.557464,0.551642,0.551642,0.553481,0.549528,0.548478,0.546650,0.552705,0.560392,0.560392
6bba_6ca87370,0.931857,0.931857,0.933620,0.938019,0.938019,0.938019,0.928397,0.928397,0.921410,0.917935
6bba_6db0e9b4,0.807868,0.813192,0.813192,0.825678,0.825678,0.825678,0.825678,0.821942,0.816539,0.816539
6bba_6feb10f0,0.632160,0.640814,0.647825,0.654026,0.653886,0.652872,0.653013,0.654463,0.657237,0.657816
6bba_6feeb0b1,0.905129,0.908498,0.908498,0.908498,0.908498,0.911221,0.911925,0.911925,0.911925,0.913247
6bba_705ec2c9,0.757777,0.767177,0.767177,0.767177,0.767177,0.761719,0.759003,0.759003,0.759003,0.759003
6bba_718b21f9,0.978354,0.978354,0.978354,0.978354,0.978354,0.978354,0.978354,0.978354,0.978354,0.978354
6bba_74686d6a,0.869498,0.869498,0.869498,0.869498,0.869498,0.869498,0.869498,0.873923,0.865101,0.865101
6bba_767a1e17,0.720066,0.719117,0.719117,0.725486,0.727729,0.726448,0.725167,0.722927,0.713086,0.708679
6bba_76db78c1,0.981074,0.981074,0.981074,0.981074,0.981074,0.981074,0.981074,0.981074,0.981074,0.981074
6bba_784a78c9,0.968319,0.970517,0.970517,0.970517,0.970517,0.969410,0.969410,0.969410,0.966113,0.966113
6bba_786893ac,0.633467,0.634815,0.634815,0.633282,0.637325,0.638679,0.635012,0.631941,0.629649,0.632708
6bba_789f8168,0.915275,0.915275,0.921923,0.929949,0.929949,0.927240,0.935330,0.935330,0.935330,0.924538
6bba_78a7bd97,0.702161,0.709054,0.709054,0.709784,0.712019,0.708545,0.714268,0.710315,0.711049,0.692987
6bba_7af54fde,0.788342,0.789795,0.790455,0.794835,0.796169,0.801256,0.802608,0.799654,0.804090,0.800455
6bba_7b5d3b2c,0.952313,0.952313,0.952313,0.952313,0.952313,0.952313,0.952313,0.952313,0.952313,0.952313
6bba_7d3058ae,0.951185,0.955951,0.955951,0.960748,0.960748,0.960748,0.955951,0.951185,0.949593,0.935471
6bba_7f87b3d8,0.888645,0.872707,0.868986,0.856205,0.859747,0.855098,0.852473,0.850782,0.848964,0.839926
6bba_80d12824,0.883357,0.882105,0.882105,0.882105,0.880856,0.880856,0.882105,0.876800,0.868899,0.855274
6bba_825bd1c6,0.836535,0.840307,0.845650,0.851035,0.852756,0.846501,0.843820,0.843820,0.845650,0.845650
6bba_87289e13,1.004448,1.004448,1.004448,1.004448,1.004448,1.004448,1.004448,1.004448,0.987798,0.982311
6bba_8b7818bf,0.974748,0.974748,0.974748,0.973461,0.973461,0.973461,0.977361,0.977361,0.979981,0.979981
6bba_907271db,0.976423,0.976423,0.976423,0.976423,0.976423,0.976423,0.976423,0.976423,0.976423,0.976423
6bba_91951b3a,0.944324,0.954184,0.954184,0.954184,0.954184,0.954184,0.954184,0.953369,0.943522,0.929774
6bba_96833384,0.899753,0.899753,0.901050,0.901050,0.901050,0.901050,0.901050,0.901050,0.896042,0.893548
6bba_969618f6,0.853911,0.859074,0.859074,0.859074,0.861667,0.861667,0.865502,0.868115,0.868115,0.868115
6bba_971fa5e0,0.955724,0.955724,0.955724,0.955724,0.955724,0.955724,0.955724,0.955724,0.955724,0.953228
6bba_9a41d029,0.804101,0.805935,0.807120,0.812307,0.811226,0.814811,0.818301,0.815898,0.818739,0.816334
6bba_9e23430b,0.853420,0.853420,0.856220,0.860951,0.869481,0.877280,0.869582,0.872545,0.872545,0.872545
6bba_a5e926bb,0.909492,0.909492,0.914764,0.914764,0.914764,0.906973,0.906973,0.906973,0.906973,0.894095
6bba_a90a0b9c,0.591957,0.603016,0.604187,0.611898,0.614348,0.613162,0.612704,0.614348,0.608523,0.606176
6bba_ab78413d,0.584530,0.598421,0.606399,0.603914,0.605662,0.609448,0.608338,0.608984,0.609167,0.606492
6bba_acd782a8,0.899106,0.899106,0.899106,0.899106,0.899106,0.899106,0.899106,0.899106,0.899106,0.891062
6bba_ae82a791,0.959164,0.959164,0.962407,0.965018,0.965018,0.961123,0.961123,0.961123,0.961123,0.961123
6bba_aeee7805,0.913115,0.920125,0.920125,0.920125,0.920125,0.920125,0.920125,0.917821,0.917821,0.917821
6bba_af149c94,0.910717,0.909266,0.909991,0.909991,0.909325,0.910717,0.907272,0.909991,0.909932,0.912723
6bba_afb141ff,0.895283,0.891167,0.890463,0.890463,0.890463,0.890463,0.890463,0.890463,0.884933,0.884933
6bba_b1ae37b9,0.847583,0.853445,0.856185,0.851870,0.851870,0.851870,0.854813,0.851870,0.837764,0.841985
6bba_b204cac7,0.912239,0.916667,0.916667,0.916667,0.916667,0.916667,0.918824,0.918824,0.918824,0.918824
6bba_b329af44,0.811646,0.811613,0.812893,0.812194,0.814759,0.816630,0.816630,0.825361,0.821572,0.820310
6bba_b693381b,0.907582,0.907582,0.912428,0.910476,0.910476,0.910476,0.910476,0.907530,0.900777,0.903648
6bba_bb9f20c3,0.837243,0.844612,0.842399,0.840604,0.838804,0.839360,0.849056,0.852558,0.844535,0.840593
6bba_bbb708ca,0.921786,0.926079,0.926079,0.926079,0.926079,0.929298,0.929298,0.929298,0.929298,0.927140
6bba_c27cba08,0.857397,0.857397,0.860896,0.860896,0.860896,0.860896,0.860896,0.860896,0.860896,0.860896
6bba_c328f2fd,0.821125,0.835677,0.835677,0.845559,0.845559,0.857193,0.857193,0.862280,0.865540,0.870698
6bba_c73a1d11,0.558824,0.562752,0.562106,0.567056,0.565402,0.560463,0.560463,0.555558,0.551676,0.556551
6bba_cdcfe533,0.983167,0.983167,0.983167,0.983167,0.983167,0.983167,0.983167,0.983167,0.979591,0.975282
6bba_cf35214c,0.970048,0.974797,0.974797,0.974797,0.974797,0.974797,0.974797,0.972420,0.972420,0.972420
6bba_cff5865f,0.926606,0.930269,0.930269,0.930269,0.930269,0.930231,0.927799,0.927799,0.927799,0.930231
6bba_d0fc38b5,0.938388,0.925901,0.925901,0.925901,0.925901,0.925901,0.930442,0.930442,0.930442,0.925901
6bba_d1acb6ff,0.780372,0.787746,0.787746,0.786630,0.781958,0.781717,0.783063,0.783063,0.778174,0.770891
6bba_d2b9fc0c,0.971084,0.971084,0.971084,0.971084,0.971084,0.971084,0.971084,0.970047,0.970047,0.970047
6bba_d3da753b,0.992261,0.990894,0.990894,0.990894,0.990894,0.984123,0.978516,0.962996,0.952100,0.939121
6bba_d5eae175,0.996017,0.996017,0.996017,0.996017,0.996017,0.996017,0.996017,0.996017,0.996017,0.996017
6bba_d6ecebbb,0.868290,0.859437,0.859437,0.855569,0.857544,0.857544,0.860471,0.860471,0.860471,0.862457
6bba_d82a4fc6,0.842703,0.842703,0.842703,0.839528,0.842703,0.842703,0.842703,0.842703,0.842703,0.845890
6bba_debd7bfa,0.930577,0.930577,0.930577,0.930577,0.930577,0.930577,0.930577,0.930577,0.930577,0.930577
6bba_df673a83,0.862963,0.862963,0.862963,0.868177,0.868177,0.868177,0.868177,0.868177,0.868177,0.865566
6bba_e16ffc58,0.912123,0.911208,0.918797,0.923587,0.923587,0.923587,0.919724,0.910215,0.910215,0.910215
6bba_e5e44988,0.907405,0.907405,0.907405,0.907405,0.907405,0.907405,0.901709,0.887490,0.883231,0.870834
6bba_ebdf3b34,0.888495,0.893935,0.893935,0.891729,0.896027,0.896027,0.896027,0.896027,0.896027,0.893813
6bba_ebff6e76,0.556314,0.560298,0.556425,0.561467,0.567996,0.565147,0.564069,0.561467,0.560756,0.553742
6bba_ed9377fd,0.933815,0.933815,0.933815,0.933815,0.933815,0.933815,0.930133,0.930133,0.930133,0.922812
6bba_edf14583,0.780366,0.779708,0.776508,0.779461,0.772676,0.766849,0.775861,0.782008,0.778153,0.785218
6bba_eebc57a5,0.746838,0.764446,0.764446,0.766747,0.766747,0.771376,0.771376,0.771376,0.771376,0.772259
6bba_ef7b4f7e,0.928448,0.936120,0.936120,0.933818,0.933818,0.937670,0.938463,0.937705,0.937705,0.937705
6bba_f17befbc,0.760769,0.765800,0.771903,0.774799,0.775482,0.767322,0.770875,0.769845,0.768990,0.768990
6bba_f1fde7e0,0.894099,0.888169,0.888169,0.874392,0.872325,0.868407,0.868407,0.862446,0.862446,0.862218
6bba_f20478e9,0.907841,0.891775,0.891775,0.891775,0.890793,0.888829,0.884900,0.879989,0.871724,0.870747
6bba_f4ae811c,0.916345,0.928643,0.928643,0.928643,0.932484,0.932484,0.936340,0.936340,0.936340,0.927706
6bba_f8ffd5e7,0.837249,0.841848,0.844317,0.848945,0.848945,0.848945,0.848945,0.848945,0.848945,0.848945
6bba_fbc898dc,0.898182,0.898182,0.898182,0.913766,0.913766,0.913766,0.912375,0.912375,0.918113,0.918113
6bba_fc516dc6,0.962789,0.962789,0.962789,0.962789,0.962789,0.964042,0.964042,0.955221,0.948937,0.938996
6bba_fc5f39dc,0.821353,0.821353,0.821353,0.823009,0.823009,0.830166,0.830166,0.830166,0.833767,0.833767
6bba_fc83837d,0.662360,0.660896,0.667378,0.667991,0.673426,0.681543,0.685197,0.689515,0.691920,0.688230
6bba_fe670320,0.953320,0.956067,0.956067,0.956067,0.956067,0.960170,0.960170,0.960170,0.960170,0.957410
