fold,oracle,films,score,adj_J,J,mult,divJ,div_tp,div_fp,div_fn,d_score,d_adjJ,d_div_w
44b6,base,71,0.8198113021331926,0.8198113021331926,0.8259289543018079,0.9923956640745265,0.0,0,0,26,0.0,0.0,0.0
44b6,O1,71,0.9177324087187757,0.8215785625649296,0.827711610146377,0.9923944526495099,0.9615384615384616,25,0,1,0.09792110658558306,0.0017672604317369167,0.09615384615384616
44b6,O2,71,1.0833127407102743,0.987158894556428,0.99460304650459,0.9924683283018153,0.9615384615384616,25,0,1,0.26350143857708164,0.16734759242323538,0.09615384615384616
44b6,O3,71,1.0924647303360588,0.9924647303360588,1.0,0.9924647303360588,1.0,26,0,0,0.2726534282028662,0.1726534282028661,0.1
44b6,O4,71,0.8259289543018079,0.8259289543018079,0.8259289543018079,1.0,0.0,0,0,26,0.006117652168615262,0.006117652168615262,0.0
6bba,base,128,0.80876658791712,0.80876658791712,0.8351155312943992,0.966385048286268,0.0,0,0,125,0.0,0.0,0.0
6bba,O1,128,0.9054790426863364,0.8102790426863364,0.836676670352235,0.9663871795043646,0.952,119,0,6,0.09671245476921642,0.0015124547692164647,0.0952
6bba,O2,128,1.0562765399463883,0.9610765399463883,0.9931778794575313,0.9674868975014382,0.952,119,0,6,0.2475099520292683,0.15230995202926834,0.0952
6bba,O3,128,1.067418024219457,0.967418024219457,0.9999633226051954,0.9674528848125955,1.0,125,0,0,0.2586514363023371,0.15865143630233702,0.1
6bba,O4,128,0.8351155312943992,0.8351155312943992,0.8351155312943992,1.0,0.0,0,0,125,0.02634894337727922,0.02634894337727922,0.0
ALL,base,199,0.8104743678635461,0.8104743678635461,0.8336950643038259,0.9704069185826254,0.0,0,0,151,0.0,0.0,0.0
ALL,O1,199,0.9073902210021193,0.8120259825915233,0.8352906449640515,0.9704079824916149,0.9536423841059603,144,0,7,0.0969158531385732,0.0015516147279771575,0.09536423841059603
ALL,O2,199,1.0604530124180989,0.9650887740075029,0.9933971121094326,0.971329777067,0.9536423841059603,144,0,7,0.24997864455455276,0.15461440614395683,0.09536423841059603
ALL,O3,199,1.0712708852619968,0.9712708852619967,0.9999689645808278,0.9713003833527529,1.0,151,0,0,0.26079651739845067,0.16079651739845058,0.1
ALL,O4,199,0.8336950643038259,0.8336950643038259,0.8336950643038259,1.0,0.0,0,0,151,0.023220696440279798,0.023220696440279798,0.0
