label,proxy,delta,adj,J,mult,ratio,min_ratio,divJ,dtp,dfp,dfn,notes
"raw ILP, nothing applied",0.933575,-0.036068,0.933575,0.931876,1.001792,0.9188,0.7261,0.0000,0,0,12,
ANCHOR raw + safe_div,0.969643,+0.000000,0.933929,0.932235,1.001801,0.9188,0.7261,0.3571,5,2,7,
  + prune isolated,0.969643,+0.000000,0.933929,0.932235,1.001801,0.9188,0.7261,0.3571,5,2,7,
  + short_track L=4 keep_forks=1,0.969643,+0.000000,0.933929,0.932235,1.001801,0.9188,0.7261,0.3571,5,2,7,
  + short_track L=4 keep_forks=0,0.969643,+0.000000,0.933929,0.932235,1.001801,0.9188,0.7261,0.3571,5,2,7,
  + short_track L=6 keep_forks=1,0.971886,+0.002243,0.936172,0.931348,1.005267,0.8755,0.6816,0.3571,5,2,7,st_comps=2015 st_removed=9029
  + short_track L=6 keep_forks=0,0.971886,+0.002243,0.936172,0.931348,1.005267,0.8755,0.6816,0.3571,5,2,7,st_comps=2015 st_removed=9029
  + short_track L=8 keep_forks=1,0.973581,+0.003938,0.937867,0.929606,1.009034,0.8303,0.6363,0.3571,5,2,7,st_comps=3476 st_removed=18469
  + short_track L=8 keep_forks=0,0.973581,+0.003938,0.937867,0.929606,1.009034,0.8303,0.6363,0.3571,5,2,7,st_comps=3476 st_removed=18469
  + gap_close thr=5um (reuse+synth),0.970182,+0.000538,0.934467,0.933109,1.001401,0.9246,0.7318,0.3571,5,2,7,gap_pairs=1222 gap_synth=1222
  + gap_close thr=6um (reuse+synth),0.969982,+0.000339,0.934268,0.932952,1.001355,0.9252,0.7324,0.3571,5,2,7,gap_pairs=1332 gap_synth=1332
  + gap_close thr=8um (reuse+synth),0.970531,+0.000888,0.934817,0.933602,1.001261,0.9263,0.7335,0.3571,5,2,7,gap_pairs=1575 gap_synth=1575
  + gap_close thr=10um (reuse+synth),0.970159,+0.000516,0.934445,0.933311,1.001150,0.9276,0.7348,0.3571,5,2,7,gap_pairs=1839 gap_synth=1839
  + gap_close thr=12um (reuse+synth),0.970095,+0.000452,0.934381,0.933333,1.001053,0.9292,0.7366,0.3571,5,2,7,gap_pairs=2172 gap_synth=2172
  + gap_close thr=14um (reuse+synth),0.969096,-0.000547,0.933381,0.932405,1.000971,0.9307,0.7384,0.3571,5,2,7,gap_pairs=2477 gap_synth=2477
  + gap_close thr=6um REUSE-ONLY,0.969643,+0.000000,0.933929,0.932235,1.001801,0.9188,0.7261,0.3571,5,2,7,
  + gap_close thr=10um REUSE-ONLY,0.969643,+0.000000,0.933929,0.932235,1.001801,0.9188,0.7261,0.3571,5,2,7,
  + gap_close thr=12um REUSE-ONLY,0.969643,+0.000000,0.933929,0.932235,1.001801,0.9188,0.7261,0.3571,5,2,7,
  + gap_close thr=6um SYNTH-ONLY,0.969982,+0.000339,0.934268,0.932952,1.001355,0.9252,0.7324,0.3571,5,2,7,gap_pairs=1332 gap_synth=1332
  + gap_close thr=12um SYNTH-ONLY,0.970095,+0.000452,0.934381,0.933333,1.001053,0.9292,0.7366,0.3571,5,2,7,gap_pairs=2172 gap_synth=2172
  + gap2 total=10.2 step=4.4,0.961627,-0.008016,0.934960,0.933546,1.001488,0.9224,0.7291,0.2667,4,3,8,gap2_nodes=758 gap2_pairs=379
  + gap2 total=14 step=6,0.961558,-0.008085,0.934892,0.933546,1.001415,0.9230,0.7293,0.2667,4,3,8,gap2_nodes=878 gap2_pairs=439
  + gap2 no-context-gate,0.961613,-0.008030,0.934946,0.933546,1.001473,0.9226,0.7292,0.2667,4,3,8,gap2_nodes=786 gap2_pairs=393
  + linefit w=0 window=2,0.969643,+0.000000,0.933929,0.932235,1.001801,0.9188,0.7261,0.3571,5,2,7,
  + linefit w=0.4 window=2,0.972024,+0.002380,0.936309,0.934647,1.001855,0.9188,0.7261,0.3571,5,2,7,lf_moved=191694
  + linefit w=0.8 window=2,0.968640,-0.001004,0.932925,0.931237,1.001769,0.9188,0.7261,0.3571,5,2,7,lf_moved=191694
