film,embryo,delta_off_minus_on,off_J,on_J,off_adj,on_adj,off_weight
44b6_0113de3b,44b6,0.093821,1.000000,0.905660,0.994498,0.900678,50
44b6_0b24845f,44b6,0.032181,0.833333,0.800000,0.804515,0.772335,54
44b6_0c582fdc,44b6,-0.037097,0.906667,0.944444,0.890322,0.927419,75
44b6_0db75fae,44b6,0.075653,0.888889,0.810651,0.859524,0.783871,162
44b6_12dfb391,44b6,-0.017939,0.875000,0.892944,0.874776,0.892716,840
44b6_144b256d,44b6,0.007388,0.912698,0.905512,0.938223,0.930835,126
44b6_1574802b,44b6,0.038678,0.894410,0.854545,0.867801,0.829122,161
44b6_18ced818,44b6,-0.010657,0.790909,0.801802,0.773768,0.784425,110
44b6_1d530831,44b6,0.028704,0.670695,0.641176,0.652187,0.623483,331
44b6_24264f12,44b6,0.022777,0.866109,0.842975,0.852775,0.829998,239
44b6_267148e4,44b6,0.119192,0.796117,0.671598,0.762062,0.642870,309
44b6_2a2eff9f,44b6,-0.009413,0.811159,0.820513,0.816273,0.825686,233
44b6_2f31fc2f,44b6,0.180636,0.657143,0.472000,0.641146,0.460510,105
44b6_33b596bf,44b6,0.036323,0.870370,0.833333,0.853590,0.817267,54
44b6_341df25f,44b6,-0.004459,0.981043,0.985714,0.936397,0.940856,211
44b6_3a861e03,44b6,0.051575,0.933403,0.881579,0.928921,0.877346,961
44b6_3bb3690f,44b6,0.031053,0.801339,0.771242,0.826772,0.795719,448
44b6_40c45f5a,44b6,0.013862,0.792035,0.777778,0.770061,0.756199,226
44b6_415c0a3a,44b6,0.016938,0.832869,0.816156,0.844101,0.827162,359
44b6_53f95252,44b6,0.000000,0.957143,0.957143,0.946861,0.946861,70
44b6_551a5dba,44b6,0.018481,0.658088,0.639860,0.667202,0.648722,272
44b6_5740d24b,44b6,0.005842,0.982558,0.976744,0.987339,0.981497,172
44b6_587a1e22,44b6,0.102199,0.950649,0.846914,0.936565,0.834367,385
44b6_5f15d135,44b6,0.020332,0.739812,0.719136,0.727509,0.707177,319
44b6_668e0cc7,44b6,0.075418,0.950693,0.875184,0.949537,0.874119,649
44b6_66f9292d,44b6,-0.033334,0.788732,0.821101,0.812251,0.845584,213
44b6_706092f0,44b6,0.029674,0.850394,0.821705,0.879622,0.849948,127
44b6_71a4179f,44b6,-0.017444,0.559748,0.576687,0.576431,0.593874,159
44b6_74d0c52e,44b6,-0.006099,0.951724,0.957746,0.963802,0.969901,145
44b6_7a302da0,44b6,0.033692,0.847943,0.814159,0.845636,0.811944,559
44b6_7e557709,44b6,-0.006367,0.934932,0.941278,0.937965,0.944332,584
44b6_808952d6,44b6,0.005407,0.994444,0.988889,0.967856,0.962449,180
44b6_81c256f0,44b6,0.004867,0.994949,0.989899,0.958703,0.953836,198
44b6_87bba6c4,44b6,0.126618,0.741379,0.610256,0.715910,0.589292,174
44b6_8cc6506c,44b6,0.007765,0.869767,0.862150,0.886559,0.878794,430
44b6_8f5ab931,44b6,0.020342,0.771930,0.751067,0.752656,0.732314,684
44b6_8f9ecab4,44b6,0.023589,0.888325,0.865337,0.911546,0.887957,394
44b6_90724892,44b6,-0.056728,0.783333,0.840708,0.774503,0.831231,120
44b6_949adeb1,44b6,0.038181,0.751152,0.711752,0.727910,0.689729,434
44b6_95029e92,44b6,0.000000,1.000000,1.000000,0.979248,0.979248,198
44b6_97725144,44b6,0.011985,0.901709,0.889362,0.875223,0.863238,234
44b6_996155de,44b6,-0.004848,0.979003,0.984169,0.918696,0.923544,381
44b6_9be80b04,44b6,0.015116,0.825911,0.811245,0.851259,0.836143,247
44b6_9bfa6a0a,44b6,0.041798,0.778146,0.737013,0.790737,0.748939,302
44b6_a21120c2,44b6,0.085872,0.938983,0.852564,0.933037,0.847165,295
44b6_a2bb48bb,44b6,0.004384,0.738095,0.733607,0.720812,0.716429,462
44b6_aaf8b0ea,44b6,-0.006953,0.900452,0.907407,0.900192,0.907145,221
44b6_abf82518,44b6,0.020615,1.000000,0.978947,0.979202,0.958588,94
44b6_b2c44266,44b6,0.006253,0.883978,0.877778,0.891570,0.885317,181
44b6_c15fded2,44b6,0.155864,0.952381,0.794872,0.942434,0.786570,105
44b6_c50204e0,44b6,0.055863,0.785124,0.727979,0.767516,0.711653,363
44b6_c771cb04,44b6,0.025621,0.690840,0.665441,0.696893,0.671272,262
44b6_c8e2a523,44b6,0.113235,0.958333,0.845304,0.960077,0.846842,168
44b6_c96cfa10,44b6,0.001681,0.889058,0.887367,0.883628,0.881947,658
44b6_cf2536e8,44b6,-0.023203,0.843373,0.865854,0.870495,0.893698,83
44b6_cf8fed6b,44b6,0.122665,0.979058,0.855072,0.968633,0.845968,191
44b6_d29c9ab2,44b6,0.060133,0.959677,0.899362,0.956777,0.896644,1364
44b6_d2f34f90,44b6,0.005690,0.854839,0.849180,0.859554,0.853865,310
44b6_d5e7d891,44b6,0.001382,0.806225,0.804805,0.784881,0.783499,996
44b6_d754aa59,44b6,0.115648,1.000000,0.878378,0.950880,0.835232,70
44b6_d78e09d9,44b6,0.012369,0.828974,0.816367,0.813366,0.800996,497
44b6_db3c847b,44b6,0.019994,0.872093,0.851429,0.843793,0.823800,172
44b6_ddf577ad,44b6,-0.006602,0.795048,0.801642,0.796138,0.802740,727
44b6_deabac95,44b6,-0.006524,0.930769,0.937500,0.902126,0.908649,130
44b6_e28840c6,44b6,0.019545,0.849112,0.830409,0.887354,0.867808,338
44b6_e29f0176,44b6,0.282633,0.872727,0.582090,0.848690,0.566057,55
44b6_e31261b4,44b6,0.000000,0.956897,0.956897,0.949063,0.949063,116
44b6_e35b117d,44b6,0.046745,0.833333,0.785479,0.814002,0.767257,294
44b6_e57ff5c6,44b6,0.150499,0.662338,0.507463,0.643622,0.493124,231
44b6_eb2880fc,44b6,-0.001600,0.882927,0.884521,0.886445,0.888045,410
44b6_f28707c6,44b6,0.267738,0.953125,0.675676,0.919764,0.652026,64
6bba_05b6850b,6bba,0.013332,0.913538,0.899666,0.877956,0.864624,879
6bba_05db0fb1,6bba,0.052104,0.863208,0.810384,0.851453,0.799348,1272
6bba_062c8d37,6bba,0.013612,0.977998,0.963934,0.946582,0.932970,909
6bba_07477033,6bba,0.017114,0.898734,0.880989,0.866751,0.849637,632
6bba_07e24132,6bba,0.033094,0.796915,0.760705,0.728340,0.695246,389
6bba_085bf656,6bba,0.008851,0.971332,0.962280,0.949720,0.940869,1186
6bba_09961292,6bba,0.030312,0.881823,0.851325,0.876461,0.846149,1997
6bba_0c7fa718,6bba,0.152273,0.903736,0.748705,0.887660,0.735387,696
6bba_0e7c0d07,6bba,0.077705,0.813636,0.733906,0.792965,0.715260,220
6bba_12665c0e,6bba,0.058076,0.939922,0.880639,0.920783,0.862706,1032
6bba_13f19531,6bba,0.029566,0.933702,0.903096,0.901969,0.872403,724
6bba_15403b9a,6bba,0.041981,0.932983,0.890464,0.921173,0.879193,761
6bba_1d0d8384,6bba,0.034200,0.778726,0.743302,0.751828,0.717628,1523
6bba_1ebfb80d,6bba,0.060380,0.800496,0.737955,0.772847,0.712467,807
6bba_1f58c2f6,6bba,0.088958,0.713881,0.621134,0.684714,0.595756,353
6bba_207c6aaf,6bba,0.094892,0.644524,0.534400,0.555374,0.460482,557
6bba_20852818,6bba,0.061680,0.891099,0.827210,0.860270,0.798590,955
6bba_2312ac41,6bba,0.012030,0.941126,0.928753,0.915035,0.903005,1172
6bba_23af9eeb,6bba,0.009169,0.962745,0.953125,0.917593,0.908425,510
6bba_2540cd90,6bba,0.000000,1.000000,1.000000,0.997991,0.997991,523
6bba_2646afc7,6bba,0.011563,0.897906,0.886010,0.872840,0.861276,764
6bba_268e1230,6bba,0.041460,0.887147,0.843373,0.840262,0.798802,638
6bba_2819ca14,6bba,0.049111,0.915578,0.865554,0.898884,0.849773,995
6bba_283bf9f1,6bba,0.023908,0.928412,0.904029,0.910361,0.886452,1341
6bba_312f0dc3,6bba,0.047181,0.927203,0.879182,0.910982,0.863801,522
6bba_32db13fc,6bba,0.100704,0.760965,0.655273,0.725059,0.624354,912
6bba_337b1b3a,6bba,0.017519,0.944623,0.927042,0.941310,0.923791,1246
6bba_372c8cb8,6bba,0.001904,0.983268,0.981318,0.960020,0.958116,1016
6bba_3a1849c2,6bba,0.000301,0.884551,0.884236,0.844663,0.844362,1204
6bba_3abfe10a,6bba,0.017861,0.748141,0.729583,0.720018,0.702156,1076
6bba_3c5691b6,6bba,0.026593,0.970976,0.942931,0.920721,0.894127,758
6bba_3db54e20,6bba,0.071450,0.765799,0.692440,0.745867,0.674417,538
6bba_3fda6b25,6bba,0.013731,0.969038,0.954395,0.908682,0.894951,1195
6bba_43fea39d,6bba,0.048310,0.914130,0.863636,0.874594,0.826284,920
6bba_474be664,6bba,0.003648,0.706949,0.703170,0.682589,0.678941,331
6bba_48816121,6bba,0.005508,0.818182,0.812561,0.801818,0.796310,1023
6bba_4aa14c89,6bba,-0.005283,0.806971,0.812582,0.759732,0.765015,746
6bba_4f99ce20,6bba,0.046345,0.961127,0.913989,0.944950,0.898605,1029
6bba_4ffd3da3,6bba,0.017338,0.779188,0.761006,0.743040,0.725702,788
6bba_55b7eebe,6bba,0.013554,0.955903,0.942172,0.943575,0.930021,703
6bba_55c70843,6bba,0.008171,0.624365,0.615764,0.593102,0.584931,591
6bba_57b7cc1e,6bba,0.026186,0.570794,0.542675,0.531544,0.505358,2027
6bba_5a4d9360,6bba,0.066969,0.955285,0.887435,0.942880,0.875911,738
6bba_5b28472a,6bba,0.022929,0.939353,0.915232,0.892936,0.870007,742
6bba_5c039895,6bba,0.009952,0.971576,0.961440,0.953925,0.943972,1161
6bba_5c824876,6bba,-0.004068,0.888516,0.892679,0.868415,0.872483,1193
6bba_5dfe9ad1,6bba,0.010953,0.948886,0.937581,0.919333,0.908380,1526
6bba_5f89039d,6bba,0.006580,0.979911,0.973244,0.967224,0.960643,896
6bba_61dd1e0d,6bba,0.009160,0.906854,0.897391,0.877817,0.868657,569
6bba_61ecbe65,6bba,0.050073,0.955343,0.903577,0.924105,0.874032,627
6bba_6321a359,6bba,0.031137,0.921212,0.888104,0.866371,0.835234,825
6bba_6479435d,6bba,0.052556,0.684685,0.628880,0.644826,0.592270,666
6bba_67ebd073,6bba,0.063801,0.583012,0.516287,0.557464,0.493663,518
6bba_6ca87370,6bba,0.052589,0.941828,0.888293,0.925191,0.872601,1083
6bba_6db0e9b4,6bba,0.017308,0.822449,0.804829,0.807868,0.790561,490
6bba_6feb10f0,6bba,0.001376,0.732190,0.730597,0.632160,0.630785,1516
6bba_6feeb0b1,6bba,0.021359,0.931457,0.909477,0.905129,0.883770,1386
6bba_705ec2c9,6bba,0.024004,0.827362,0.800948,0.751894,0.727890,614
6bba_718b21f9,6bba,0.001519,0.992366,0.990826,0.978354,0.976835,655
6bba_74686d6a,6bba,0.008765,0.881107,0.872168,0.863942,0.855177,614
6bba_767a1e17,6bba,0.112876,0.745383,0.628538,0.720066,0.607190,758
6bba_76db78c1,6bba,0.003249,0.998347,0.995041,0.981074,0.977825,605
6bba_784a78c9,6bba,0.002222,0.973923,0.971671,0.961176,0.958954,1764
6bba_786893ac,6bba,0.036622,0.669492,0.630786,0.633467,0.596844,1652
6bba_789f8168,6bba,0.090712,0.936620,0.843792,0.915275,0.824562,710
6bba_78a7bd97,6bba,0.056001,0.722508,0.664734,0.700343,0.644342,973
6bba_7af54fde,6bba,0.019885,0.828881,0.807974,0.788342,0.768457,1198
6bba_7b5d3b2c,6bba,0.008564,0.968142,0.959436,0.952313,0.943749,565
6bba_7d3058ae,6bba,0.031747,0.962375,0.929681,0.934519,0.902772,1196
6bba_7f87b3d8,6bba,0.171445,0.903259,0.728173,0.884478,0.713033,982
6bba_80d12824,6bba,0.055001,0.888567,0.832178,0.866690,0.811689,691
6bba_825bd1c6,6bba,0.036013,0.856000,0.819149,0.836535,0.800522,1000
6bba_87289e13,6bba,0.125257,0.988636,0.862205,0.979448,0.854191,704
6bba_8b7818bf,6bba,0.023329,0.975577,0.951613,0.949748,0.926418,737
6bba_907271db,6bba,0.006265,0.976395,0.970021,0.959756,0.953491,932
6bba_91951b3a,6bba,0.021185,0.958369,0.936869,0.944324,0.923139,1177
6bba_96833384,6bba,0.033589,0.935310,0.900393,0.899753,0.866164,742
6bba_969618f6,6bba,0.019188,0.890157,0.870056,0.849745,0.830557,701
6bba_971fa5e0,6bba,0.044165,0.966581,0.921914,0.955724,0.911559,778
6bba_9a41d029,6bba,0.052737,0.819748,0.765985,0.804101,0.751363,1509
6bba_9e23430b,6bba,0.017153,0.883844,0.865904,0.845087,0.827934,947
6bba_a5e926bb,6bba,0.072835,0.925000,0.850923,0.909492,0.836657,720
6bba_a90a0b9c,6bba,0.009561,0.609433,0.599589,0.591957,0.582396,1357
6bba_ab78413d,6bba,0.013289,0.688108,0.672464,0.584530,0.571241,1337
6bba_acd782a8,6bba,0.182060,0.912791,0.727960,0.899106,0.717046,344
6bba_ae82a791,6bba,0.025161,0.970000,0.944554,0.959164,0.934003,1500
6bba_aeee7805,6bba,0.015174,0.944515,0.928661,0.904025,0.888851,793
6bba_af149c94,6bba,0.007746,0.919414,0.911594,0.910717,0.902971,1365
6bba_afb141ff,6bba,0.054241,0.901065,0.845029,0.872206,0.817964,657
6bba_b1ae37b9,6bba,0.051258,0.861244,0.809160,0.847583,0.796326,627
6bba_b204cac7,6bba,0.011939,0.936679,0.924171,0.894057,0.882118,837
6bba_b329af44,6bba,0.044214,0.832138,0.786704,0.809795,0.765580,1394
6bba_b693381b,6bba,0.056837,0.947917,0.888554,0.907582,0.850745,960
6bba_bb9f20c3,6bba,0.024556,0.849362,0.824376,0.834743,0.810187,2038
6bba_bbb708ca,6bba,0.029236,0.965753,0.935123,0.921786,0.892550,876
6bba_c27cba08,6bba,0.017629,0.881679,0.863551,0.857397,0.839769,524
6bba_c328f2fd,6bba,0.049603,0.832117,0.781850,0.821125,0.771522,548
6bba_c73a1d11,6bba,0.100826,0.643349,0.527273,0.558824,0.457998,872
6bba_cdcfe533,6bba,0.047412,0.973684,0.926084,0.969833,0.922421,1368
6bba_cf35214c,6bba,0.004779,0.983051,0.978208,0.970048,0.965269,826
6bba_cff5865f,6bba,0.044386,0.936375,0.891521,0.926606,0.882220,1556
6bba_d0fc38b5,6bba,0.005836,0.969843,0.963812,0.938388,0.932552,829
6bba_d1acb6ff,6bba,0.102256,0.819209,0.711864,0.780372,0.678116,708
6bba_d2b9fc0c,6bba,0.007328,0.972193,0.964856,0.971084,0.963756,935
6bba_d3da753b,6bba,0.120461,0.980437,0.859893,0.979761,0.859300,869
6bba_d5eae175,6bba,0.000000,1.000000,1.000000,0.996017,0.996017,519
6bba_d6ecebbb,6bba,0.029488,0.926667,0.895197,0.868290,0.838802,900
6bba_d82a4fc6,6bba,0.018127,0.868421,0.849741,0.842703,0.824576,570
6bba_debd7bfa,6bba,0.091202,0.940711,0.847607,0.921486,0.830284,759
6bba_df673a83,6bba,0.003944,0.881935,0.877874,0.856511,0.852567,703
6bba_e16ffc58,6bba,0.044141,0.922144,0.877228,0.906241,0.862100,989
6bba_e5e44988,6bba,0.063381,0.933131,0.867953,0.907405,0.844024,658
6bba_ebdf3b34,6bba,0.085436,0.890201,0.803297,0.875161,0.789725,847
6bba_ebff6e76,6bba,0.023788,0.603547,0.577739,0.556314,0.532526,1579
6bba_ed9377fd,6bba,0.003682,0.959381,0.955598,0.933815,0.930133,517
6bba_edf14583,6bba,0.027891,0.786295,0.758192,0.780366,0.752475,861
6bba_eebc57a5,6bba,0.020301,0.790101,0.768624,0.746838,0.726538,1091
6bba_ef7b4f7e,6bba,0.010388,0.947197,0.936495,0.919357,0.908969,1231
6bba_f17befbc,6bba,0.047042,0.783784,0.735318,0.760769,0.713727,1147
6bba_f1fde7e0,6bba,0.135624,0.922246,0.782353,0.894099,0.758476,463
6bba_f20478e9,6bba,0.071413,0.919759,0.847409,0.907841,0.836428,997
6bba_f4ae811c,6bba,0.036171,0.945892,0.908555,0.916345,0.880174,998
6bba_f8ffd5e7,6bba,0.094915,0.862944,0.765116,0.837249,0.742334,394
6bba_fbc898dc,6bba,0.025613,0.929003,0.902511,0.898182,0.872569,662
6bba_fc516dc6,6bba,0.090998,0.977893,0.885468,0.962789,0.871791,769
6bba_fc5f39dc,6bba,0.042621,0.869215,0.824111,0.821353,0.778732,497
6bba_fc83837d,6bba,0.040378,0.703196,0.660328,0.662360,0.621981,1095
6bba_fe670320,6bba,0.025655,0.948498,0.922426,0.933320,0.907665,699
