label,proxy,dproxy,J,ratio,divJ,dtp,dfp,dfn
s05 BASE,0.917675,+0.000000,0.914903,0.8982,0.0000,0,6,3
STAGE OFF: safe_div,0.915890,-0.001786,0.913063,0.8968,0.0000,0,0,3
STAGE OFF: gap2,0.917551,-0.000124,0.914453,0.8929,0.0000,0,6,3
STAGE OFF: gap_close,0.913812,-0.003863,0.910481,0.8903,0.0000,0,6,3
STAGE OFF: short_track,0.919738,+0.002063,0.919784,0.9356,0.0000,0,6,3
STAGE OFF: prune,0.917675,+0.000000,0.914903,0.8982,0.0000,0,6,3
STAGE OFF: linefit,0.916403,-0.001273,0.913630,0.8982,0.0000,0,6,3
ORDER: gap2 after safe_div (s08),0.917679,+0.000004,0.914903,0.8981,0.0000,0,6,3
gc_um=3.0,0.915705,-0.001971,0.912613,0.8936,0.0000,0,5,3
gc_um=4.0,0.917299,-0.000376,0.914414,0.8966,0.0000,0,5,3
gc_um=6.0,0.917125,-0.000550,0.914491,0.9002,0.0000,0,6,3
gc_um=8.0,0.916865,-0.000811,0.914491,0.9040,0.0000,0,6,3
gc_um=10.0,0.916263,-0.001412,0.914080,0.9076,0.0000,0,6,3
gc_um=12.0,0.913964,-0.003711,0.911989,0.9113,0.0000,0,6,3
g2_total=8.0,0.917277,-0.000398,0.914453,0.8977,0.0000,0,6,3
g2_total=12.0,0.917586,-0.000089,0.914903,0.8987,0.0000,0,6,3
g2_total=14.0,0.917582,-0.000093,0.914903,0.8989,0.0000,0,6,3
g2_step=4.0,0.917675,+0.000000,0.914903,0.8982,0.0000,0,6,3
g2_step=5.0,0.917675,+0.000000,0.914903,0.8982,0.0000,0,6,3
g2_step=6.0,0.917675,+0.000000,0.914903,0.8982,0.0000,0,6,3
st_len=4,0.919738,+0.002063,0.919784,0.9356,0.0000,0,6,3
st_len=8,0.918779,+0.001104,0.912731,0.8574,0.0000,0,6,3
st_len=9,0.925398,+0.007723,0.917833,0.8419,0.0000,0,6,3
st_len=12,0.922631,+0.004956,0.910931,0.7917,0.0000,0,6,3
st_forks=0,0.917675,+0.000000,0.914903,0.8982,0.0000,0,6,3
lf_w=0.2,0.915952,-0.001723,0.913180,0.8982,0.0000,0,6,3
lf_w=0.3,0.916815,-0.000860,0.914041,0.8982,0.0000,0,6,3
lf_w=0.4,0.920652,+0.002977,0.917870,0.8982,0.0000,0,6,3
lf_w=0.5,0.920652,+0.002977,0.917870,0.8982,0.0000,0,6,3
lf_w=0.6,0.922388,+0.004712,0.919603,0.8982,0.0000,0,6,3
lf_w=1.0,0.916849,-0.000826,0.914080,0.8982,0.0000,0,6,3
lf_win=1,0.918092,+0.000417,0.915315,0.8982,0.0000,0,6,3
lf_win=3,0.920237,+0.002562,0.917456,0.8982,0.0000,0,6,3
lf_win=4,0.919895,+0.002220,0.917117,0.8982,0.0000,0,6,3
s08+lf0.3 (= s09),0.916819,-0.000856,0.914041,0.8981,0.0000,0,6,3
