embryo,n_nodes,n_edges,n_div,t_min,t_max,n_timepoints,estimated_n_nodes,label_fraction
44b6_0113de3b,52,50,0,0,75,52,25755.0,0.0020190254319549603
44b6_0b24845f,51,49,0,11,50,40,32795.0,0.00155511510901052
44b6_0c582fdc,71,70,0,20,90,71,27958.0,0.002539523571070892
44b6_0db75fae,157,151,0,0,88,89,15335.0,0.010238017606781872
44b6_12dfb391,788,773,1,0,99,100,58672.0,0.013430597218434688
44b6_144b256d,121,119,0,0,99,100,65376.0,0.0018508321096426823
44b6_1574802b,155,153,0,4,98,95,17677.0,0.008768456186004412
44b6_18ced818,100,99,0,0,99,100,78644.0,0.0012715528203041553
44b6_1d530831,276,271,0,0,99,100,35825.0,0.007704117236566644
44b6_24264f12,230,221,0,0,86,87,26353.0,0.008727659090046674
44b6_267148e4,280,277,1,0,99,100,19130.0,0.014636696288552013
44b6_2a2eff9f,214,210,1,0,99,100,56367.0,0.0037965476253836463
44b6_2f31fc2f,89,85,0,0,80,69,24368.0,0.0036523309258043334
44b6_33b596bf,50,49,0,21,70,50,23330.0,0.0021431633090441492
44b6_341df25f,216,209,1,0,99,100,7436.0,0.029047875201721356
44b6_3a861e03,935,919,0,0,99,100,40546.0,0.023060227889310905
44b6_3bb3690f,400,396,0,0,99,100,31937.0,0.012524657920280553
44b6_40c45f5a,200,198,0,0,99,100,32681.0,0.006119763777118203
44b6_415c0a3a,331,322,0,0,99,100,57292.0,0.005777420931369127
44b6_53f95252,70,68,0,0,50,51,38715.0,0.0018080847216841018
44b6_551a5dba,228,224,0,0,99,100,57627.0,0.003956478733926805
44b6_5740d24b,173,170,0,0,99,100,19730.0,0.00876837303598581
44b6_587a1e22,381,371,1,5,99,95,18137.0,0.021006781716932238
44b6_5f15d135,278,273,1,0,99,100,29519.0,0.009417663199972899
44b6_668e0cc7,643,631,0,0,99,100,39701.0,0.016196065590287398
44b6_66f9292d,200,198,0,0,99,100,52710.0,0.0037943464238284954
44b6_706092f0,118,117,1,0,99,100,69898.0,0.0016881741966866006
44b6_71a4179f,121,119,0,0,99,100,67688.0,0.0017876137572390971
44b6_74d0c52e,140,139,1,0,99,100,15090.0,0.00927766732935719
44b6_7a302da0,516,507,1,0,99,100,66858.0,0.00771784977115678
44b6_7e557709,570,560,0,0,99,100,56060.0,0.01016767748840528
44b6_808952d6,181,179,0,0,99,100,15742.0,0.011497903697115995
44b6_81c256f0,199,197,0,0,99,100,10052.0,0.019797055312375647
44b6_87bba6c4,153,149,0,0,80,80,28102.0,0.005444452352145755
44b6_8cc6506c,400,396,0,0,99,100,32172.0,0.012433171702101207
44b6_8f5ab931,616,604,0,0,99,100,27571.0,0.022342316201806246
44b6_8f9ecab4,374,370,0,0,99,100,74833.0,0.004997795090401293
44b6_90724892,105,103,0,29,85,57,25532.0,0.004112486291712361
44b6_949adeb1,388,378,0,24,99,76,37179.0,0.010435998816536217
44b6_95029e92,200,198,0,0,99,100,5161.0,0.03875217981011432
44b6_97725144,225,221,0,0,99,100,35774.0,0.00628948398278079
44b6_996155de,380,377,1,0,99,100,7573.0,0.05017826488841939
44b6_9be80b04,222,220,1,0,99,100,57877.0,0.0038357205798503725
44b6_9bfa6a0a,264,259,0,0,99,100,64308.0,0.004105243515581265
44b6_a21120c2,296,286,2,0,84,85,23040.0,0.012847222222222222
44b6_a2bb48bb,416,410,0,0,99,100,60613.0,0.0068632141619784535
44b6_aaf8b0ea,209,206,1,0,99,100,22099.0,0.009457441513190641
44b6_abf82518,96,94,0,0,57,58,27604.0,0.003477756846833792
44b6_b2c44266,170,168,0,0,99,100,59729.0,0.002846188618593983
44b6_c15fded2,104,102,0,21,74,54,20585.0,0.005052222492105902
44b6_c50204e0,333,325,2,0,99,100,47078.0,0.007073367602701899
44b6_c771cb04,227,223,0,0,99,100,53345.0,0.00425531914893617
44b6_c8e2a523,168,164,1,0,80,81,33144.0,0.005068790731354091
44b6_c96cfa10,629,616,0,0,99,100,46236.0,0.013604118003287482
44b6_cf2536e8,76,75,0,0,75,76,57565.0,0.0013202466776687223
44b6_cf8fed6b,191,188,0,6,99,94,43729.0,0.004367810834915045
44b6_d29c9ab2,1353,1328,0,0,99,100,38055.0,0.03555380370516358
44b6_d2f34f90,283,281,2,0,99,100,24074.0,0.01175542078591011
44b6_d5e7d891,906,893,2,0,99,100,44848.0,0.020201569746699965
44b6_d754aa59,72,70,1,8,75,67,5171.0,0.013923805840263006
44b6_d78e09d9,463,451,0,0,99,100,22259.0,0.02080057504829507
44b6_db3c847b,165,162,0,0,99,87,15023.0,0.01098315915596086
44b6_ddf577ad,659,647,0,0,99,100,53492.0,0.012319599192402603
44b6_deabac95,126,124,1,14,97,83,13989.0,0.009007076989062834
44b6_e28840c6,311,309,2,0,99,100,74686.0,0.004164100366869293
44b6_e29f0176,51,50,0,30,80,51,12969.0,0.003932454314133704
44b6_e31261b4,116,113,0,15,96,82,72856.0,0.0015921818381464806
44b6_e35b117d,270,266,0,0,99,100,28641.0,0.00942704514507175
44b6_e57ff5c6,193,186,0,0,99,100,20314.0,0.009500836861277936
44b6_eb2880fc,390,379,1,0,99,100,48084.0,0.008110806089343649
44b6_f28707c6,63,61,0,8,72,63,18656.0,0.0033769296740994853
6bba_05b6850b,861,845,0,0,99,100,6362.0,0.13533480037723986
6bba_05db0fb1,1229,1183,3,0,99,100,69800.0,0.017607449856733525
6bba_062c8d37,930,898,1,0,99,99,6030.0,0.15422885572139303
6bba_07477033,613,602,0,0,99,100,4836.0,0.12675765095119934
6bba_07e24132,359,345,2,0,99,100,21485.0,0.01670933209215732
6bba_085bf656,1198,1168,1,0,99,100,8463.0,0.14155736736381896
6bba_09961292,1950,1871,4,0,99,100,31117.0,0.06266670951569882
6bba_0c7fa718,704,659,0,0,99,94,13650.0,0.051575091575091575
6bba_0e7c0d07,209,198,1,0,85,84,22467.0,0.009302532603373838
6bba_12665c0e,1036,998,3,0,99,100,8314.0,0.12460909309598268
6bba_13f19531,737,704,0,0,99,100,5773.0,0.1276632600034644
6bba_15403b9a,758,729,0,0,99,100,6889.0,0.11003048337930034
6bba_1d0d8384,1438,1365,1,0,99,100,17909.0,0.08029482383159306
6bba_1ebfb80d,745,719,0,0,99,100,11558.0,0.06445751860183423
6bba_1f58c2f6,317,299,0,0,99,99,28903.0,0.010967719613880912
6bba_207c6aaf,475,450,1,0,99,100,11999.0,0.03958663221935161
6bba_20852818,952,909,3,0,99,100,9758.0,0.0975609756097561
6bba_2312ac41,1156,1132,2,0,99,100,11950.0,0.09673640167364017
6bba_23af9eeb,513,499,0,0,99,100,4450.0,0.1152808988764045
6bba_2540cd90,529,523,0,0,99,100,3783.0,0.13983610890827386
6bba_2646afc7,738,721,0,0,99,100,5495.0,0.1343039126478617
6bba_268e1230,641,609,1,0,99,100,5107.0,0.12551400039161933
6bba_2819ca14,986,949,1,0,99,100,5534.0,0.17817130466208891
6bba_283bf9f1,1342,1288,0,0,99,100,20861.0,0.06433056900436221
6bba_312f0dc3,520,500,0,0,80,81,9963.0,0.05219311452373783
6bba_32db13fc,862,811,1,0,99,99,38705.0,0.0222710244154502
6bba_337b1b3a,1272,1213,2,19,99,81,30480.0,0.04173228346456693
6bba_372c8cb8,1036,1007,0,0,99,100,7021.0,0.14755732801595214
6bba_3a1849c2,1173,1142,0,0,99,100,7003.0,0.1674996430101385
6bba_3abfe10a,997,935,1,18,99,82,52065.0,0.019149140497455103
6bba_3c5691b6,765,746,2,0,99,100,6258.0,0.12224352828379674
6bba_3db54e20,502,474,1,0,99,95,23236.0,0.021604406954725427
6bba_3fda6b25,1207,1179,1,1,99,99,9842.0,0.12263767526925422
6bba_43fea39d,910,880,0,0,99,100,5748.0,0.1583159359777314
6bba_474be664,292,286,1,0,99,100,28293.0,0.010320573993567313
6bba_48816121,935,918,5,0,99,100,23965.0,0.03901523054454413
6bba_4aa14c89,707,681,0,0,99,100,6787.0,0.10416973626049801
6bba_4f99ce20,1057,1010,2,0,99,99,5965.0,0.1772003352891869
6bba_4ffd3da3,706,689,3,0,99,100,17637.0,0.040029483472245844
6bba_55b7eebe,705,688,1,0,99,100,5257.0,0.13410690507894235
6bba_55c70843,490,467,0,13,99,82,35415.0,0.013835945220951574
6bba_57b7cc1e,1659,1592,3,0,99,100,65511.0,0.025323991390758804
6bba_5a4d9360,747,722,0,0,99,100,5976.0,0.125
6bba_5b28472a,737,724,0,0,99,100,5802.0,0.12702516373664255
6bba_5c039895,1174,1145,3,0,99,100,8570.0,0.1369894982497083
6bba_5c824876,1170,1130,1,0,99,100,24647.0,0.04747028035866434
6bba_5dfe9ad1,1542,1487,0,0,99,100,26913.0,0.05729573068777171
6bba_5f89039d,904,885,0,0,99,100,4611.0,0.19605291693775753
6bba_61dd1e0d,558,543,0,0,99,100,10128.0,0.05509478672985782
6bba_61ecbe65,640,614,1,0,99,100,5774.0,0.11084170419120194
6bba_6321a359,827,798,1,0,99,99,4821.0,0.17154117403028418
6bba_6479435d,617,580,0,0,99,95,23453.0,0.02630793501897412
6bba_67ebd073,462,438,1,0,99,100,16061.0,0.02876533217109769
6bba_6ca87370,1081,1052,1,0,99,100,7195.0,0.15024322446143154
6bba_6db0e9b4,449,440,0,12,99,88,28435.0,0.015790399155969755
6bba_6feb10f0,1368,1343,0,0,99,100,8862.0,0.15436696005416384
6bba_6feeb0b1,1389,1343,0,0,99,100,7518.0,0.18475658419792498
6bba_705ec2c9,596,562,1,0,99,100,5600.0,0.10642857142857143
6bba_718b21f9,661,652,0,0,99,100,4306.0,0.15350673478866697
6bba_74686d6a,586,576,2,0,99,100,29803.0,0.019662450088917222
6bba_767a1e17,718,658,0,46,99,47,47714.0,0.015047994299367063
6bba_76db78c1,617,604,0,0,99,100,4855.0,0.1270854788877446
6bba_784a78c9,1788,1739,1,0,99,100,13096.0,0.13653023824068417
6bba_786893ac,1465,1395,3,0,99,100,58979.0,0.024839349599009818
6bba_789f8168,713,681,0,0,99,100,10676.0,0.06678531285125515
6bba_78a7bd97,886,832,2,6,99,94,40613.0,0.021815674783936177
6bba_7af54fde,1131,1092,2,0,99,100,9624.0,0.11751870324189526
6bba_7b5d3b2c,565,555,0,0,99,100,5780.0,0.09775086505190311
6bba_7d3058ae,1200,1173,2,0,99,100,7611.0,0.15766653527788727
6bba_7f87b3d8,1000,934,3,0,99,99,10581.0,0.09450902561194593
6bba_80d12824,680,654,1,0,99,100,9021.0,0.07537966965968296
6bba_825bd1c6,968,930,0,0,99,100,7586.0,0.12760348009491168
6bba_87289e13,724,699,1,0,99,100,14966.0,0.04837631965789122
6bba_8b7818bf,741,725,2,0,99,100,5828.0,0.12714481811942346
6bba_907271db,945,921,1,0,99,100,7306.0,0.1293457432247468
6bba_91951b3a,1188,1148,0,0,99,100,11907.0,0.09977324263038549
6bba_96833384,758,721,0,0,99,98,4869.0,0.15567878414458822
6bba_969618f6,679,658,3,0,99,100,13888.0,0.04889112903225806
6bba_971fa5e0,792,767,0,0,99,100,5609.0,0.1412016402210733
6bba_9a41d029,1401,1353,2,0,99,100,18231.0,0.07684712851736054
6bba_9e23430b,914,891,1,0,99,100,7708.0,0.11857810067462377
6bba_a5e926bb,741,698,0,0,99,100,8440.0,0.08779620853080569
6bba_a90a0b9c,1147,1112,0,0,99,100,36896.0,0.031087380745880314
6bba_ab78413d,1179,1138,2,0,99,100,9241.0,0.1275835948490423
6bba_acd782a8,356,330,0,12,99,88,19710.0,0.018061897513952308
6bba_ae82a791,1495,1471,0,0,99,100,7403.0,0.20194515736863433
6bba_aeee7805,795,768,1,0,99,100,5034.0,0.15792610250297973
6bba_af149c94,1350,1317,0,0,99,100,8933.0,0.15112504197917834
6bba_afb141ff,654,626,4,0,99,100,6054.0,0.10802775024777007
6bba_b1ae37b9,612,579,0,0,87,88,24298.0,0.02518725821055231
6bba_b204cac7,826,811,2,0,99,100,5092.0,0.1622152395915161
6bba_b329af44,1316,1268,1,0,99,100,62465.0,0.02106779796686144
6bba_b693381b,983,935,0,0,99,99,5558.0,0.17686218064051817
6bba_bb9f20c3,1925,1879,3,4,99,96,23071.0,0.0834380824411599
6bba_bbb708ca,892,861,0,0,99,100,6785.0,0.13146647015475313
6bba_c27cba08,517,493,0,0,99,100,6445.0,0.08021722265321955
6bba_c328f2fd,511,500,2,4,99,96,31228.0,0.016363519918022287
6bba_c73a1d11,737,710,0,5,99,95,16315.0,0.045173153539687406
6bba_cdcfe533,1419,1348,4,18,99,82,29785.0,0.047641430250125905
6bba_cf35214c,842,817,0,0,99,100,34890.0,0.02413298939524219
6bba_cff5865f,1571,1501,0,3,99,97,46362.0,0.033885509684655535
6bba_d0fc38b5,835,813,0,0,99,100,6111.0,0.13663884797905415
6bba_d1acb6ff,681,643,1,0,99,100,14719.0,0.04626673007677152
6bba_d2b9fc0c,944,921,2,0,99,100,20178.0,0.04678362573099415
6bba_d3da753b,887,857,1,0,99,100,17246.0,0.051432216166067496
6bba_d5eae175,528,519,0,2,99,98,4519.0,0.11684000885151583
6bba_d6ecebbb,886,862,0,0,99,100,5359.0,0.1653293524911364
6bba_d82a4fc6,545,530,0,0,99,100,27716.0,0.019663732140279982
6bba_debd7bfa,766,729,4,0,99,100,11807.0,0.0648767680189718
6bba_df673a83,668,654,4,0,98,99,19239.0,0.03472113935235719
6bba_e16ffc58,964,942,1,0,99,100,6367.0,0.1514056855662007
6bba_e5e44988,666,634,0,0,99,100,5615.0,0.11861086375779163
6bba_ebdf3b34,847,803,2,0,99,99,56847.0,0.01489964290112055
6bba_ebff6e76,1318,1264,0,0,99,100,41596.0,0.03168573901336667
6bba_ed9377fd,531,508,0,0,99,100,4443.0,0.11951384199864956
6bba_edf14583,801,760,0,0,99,100,59242.0,0.013520812936767834
6bba_eebc57a5,1026,989,0,0,99,100,9347.0,0.10976783994864663
6bba_ef7b4f7e,1234,1201,2,2,99,98,6107.0,0.20206320615686918
6bba_f17befbc,1078,1015,0,0,99,99,24963.0,0.04318391219004126
6bba_f1fde7e0,476,446,0,0,99,99,9040.0,0.05265486725663717
6bba_f20478e9,1003,963,1,0,99,100,5973.0,0.16792231709358782
6bba_f4ae811c,1001,965,0,0,99,100,8903.0,0.11243401100752555
6bba_f8ffd5e7,389,370,2,0,99,93,29540.0,0.013168584969532836
6bba_fbc898dc,655,639,0,0,99,100,4889.0,0.13397422785845775
6bba_fc516dc6,788,762,0,0,99,100,7866.0,0.10017798118484618
6bba_fc5f39dc,471,458,2,0,99,100,14020.0,0.03359486447931526
6bba_fc83837d,957,923,0,0,99,100,13087.0,0.07312600290364484
6bba_fe670320,716,680,2,0,99,100,10836.0,0.06607604282022887
