crop,fam,pf_adjJ,pf_recall,pf_ratio,pc_adjJ,pc_recall,pc_ratio
44b6_0113de3b,44b6,0.9095,1.0,0.9576,0.9095,1.0,0.9576
44b6_0b24845f,44b6,0.4647,0.5882,0.7384,0.4647,0.5882,0.7384
44b6_0c582fdc,44b6,0.3745,0.6338,0.7854,0.3745,0.6338,0.7854
44b6_0db75fae,44b6,0.7358,0.879,0.8212,0.7358,0.879,0.8212
44b6_12dfb391,44b6,0.7589,0.9213,0.7666,0.7589,0.9213,0.7666
44b6_144b256d,44b6,0.7716,0.8099,0.7114,0.7716,0.8099,0.7114
44b6_1574802b,44b6,0.6905,0.8968,0.7874,0.6905,0.8968,0.7874
44b6_18ced818,44b6,0.6932,0.92,0.6464,0.6932,0.92,0.6464
44b6_1d530831,44b6,0.5424,0.8007,0.7762,0.5424,0.8007,0.7762
44b6_24264f12,44b6,0.5798,0.8217,0.8241,0.5798,0.8217,0.8241
44b6_267148e4,44b6,0.3328,0.5929,0.8113,0.3328,0.5929,0.8113
44b6_2a2eff9f,44b6,0.7634,0.9019,0.7332,0.7634,0.9019,0.7332
44b6_2f31fc2f,44b6,0.2651,0.5618,0.7624,0.2651,0.5618,0.7624
44b6_33b596bf,44b6,0.4569,0.76,0.8474,0.4569,0.76,0.8474
44b6_341df25f,44b6,0.9407,0.963,0.8837,0.9407,0.963,0.8837
6bba_05b6850b,6bba,0.7847,0.8873,0.861,0.7847,0.8873,0.861
6bba_05db0fb1,6bba,0.6248,0.8552,0.752,0.6248,0.8552,0.752
6bba_062c8d37,6bba,0.9394,0.9677,0.9566,0.9394,0.9677,0.9566
6bba_07477033,6bba,0.9025,0.9625,0.8774,0.9025,0.9625,0.8774
6bba_07e24132,6bba,0.7375,0.8384,1.2301,0.7375,0.8384,1.2301
6bba_085bf656,6bba,0.9126,0.985,0.9264,0.9126,0.985,0.9264
6bba_09961292,6bba,0.7506,0.9154,0.7526,0.7506,0.9154,0.7526
6bba_0c7fa718,6bba,0.6829,0.858,0.847,0.6829,0.858,0.847
6bba_0e7c0d07,6bba,0.6026,0.9043,0.7766,0.6026,0.9043,0.7766
6bba_12665c0e,6bba,0.8205,0.9035,0.9191,0.8205,0.9035,0.9191
6bba_13f19531,6bba,0.9112,0.9512,0.9505,0.9112,0.9512,0.9505
6bba_15403b9a,6bba,0.7062,0.8707,0.8807,0.7062,0.8707,0.8807
6bba_1d0d8384,6bba,0.6577,0.8547,0.8665,0.6577,0.8547,0.8665
6bba_1ebfb80d,6bba,0.6618,0.7906,0.8289,0.6618,0.7906,0.8289
6bba_1f58c2f6,6bba,0.6337,0.8801,0.8668,0.6337,0.8801,0.8668
