crop,fam,n_pred,n_est,ratio,recall,adjJ,edge_tp,edge_fp,edge_fn,tp,no_cand,lost_assign,assoc
44b6_0113de3b,44b6,24663,25755,0.9576,1.0,0.9095,48,3,2,48,0,0,2
44b6_0b24845f,44b6,24215,32795,0.7384,0.5882,0.4647,24,4,25,24,25,0,0
44b6_0c582fdc,44b6,21958,27958,0.7854,0.6338,0.3745,33,20,37,33,36,0,1
44b6_0db75fae,44b6,12593,15335,0.8212,0.879,0.7358,120,15,31,120,25,0,6
44b6_12dfb391,44b6,44976,58672,0.7666,0.9213,0.7589,640,90,133,640,89,0,44
6bba_05b6850b,6bba,5478,6362,0.861,0.8873,0.7847,702,62,143,702,118,0,25
6bba_05db0fb1,6bba,52492,69800,0.752,0.8552,0.6248,856,221,327,856,226,0,101
6bba_062c8d37,6bba,5768,6030,0.9566,0.9677,0.9394,854,15,44,854,32,0,12
6bba_07477033,6bba,4243,4836,0.8774,0.9625,0.9025,559,25,43,559,34,0,9
6bba_07e24132,6bba,26429,21485,1.2301,0.8384,0.7375,274,18,71,274,59,4,8
