split,crop,a,d,delta,w,det_per_frame,edges_per_node,ep_p10,ep_p50,ep_p90,ep_mean,node_retention,edge_retention,ilp_delete_frac
0,44b6_0113de3b,0.8131529623550591,0.5882577277335576,-0.22489523462150152,55.0,345.39,0.8396305625524769,0.5870588302612305,0.8044019639492035,0.9400869071483612,0.7836648776264026,1.0110103153120198,1.003551190026445,0.19977416833145145
0,44b6_0b24845f,0.8096164162332786,0.7790786588011774,-0.030537757432101187,54.0,574.1,0.30515589618533356,0.5175546169281006,0.6021549701690674,0.7607830047607422,0.6228754212339281,0.2265824075017837,0.22223658415734937,0.8063926145270859
0,44b6_0c582fdc,0.6399544527830707,0.43759787702207353,-0.2023565757609972,88.0,402.56,0.7224016295707473,0.5570291876792908,0.7381693124771118,0.8924468755722046,0.7311131712257409,0.8133363139909942,0.8086399256209323,0.36734896661367245
0,44b6_0db75fae,0.9153948567463402,0.7036708479184993,-0.21172400882784093,156.0,190.94,0.731276840892427,0.5593791723251342,0.7487956285476685,0.9199058294296265,0.7449811524463095,0.7196489241223103,0.7136122569239834,0.3343982402849063
0,44b6_12dfb391,0.833156595943036,0.7907132103638685,-0.04244338557916749,848.0,688.24,0.8103423224456585,0.56333988904953,0.7315597534179688,0.881803035736084,0.7273938707451992,0.9016809710019806,0.8955776518443834,0.22606939439730322
0,44b6_144b256d,0.9106621879588841,0.9643435000788826,0.05368131211999849,125.0,757.72,0.7122287916380721,0.537606704235077,0.673210084438324,0.8312752604484558,0.6798766394717985,0.7533730308283711,0.7496496527669646,0.34045557725809006
0,44b6_1574802b,0.7796288963059343,0.7520842208001548,-0.027544675505779548,165.0,195.39,0.8630431444802702,0.5870687365531921,0.7756861448287964,0.915463924407959,0.7636610815966602,0.9063944530046225,0.9032884220141585,0.15701929474384568
0,44b6_18ced818,0.6524917015544629,0.6543619913082301,0.0018702897537672403,122.0,931.44,0.6083483638237568,0.531937837600708,0.6527246534824371,0.8081617295742035,0.6625735750331155,0.5785526491149424,0.5743442456283042,0.4873314437859658
0,44b6_1d530831,0.7545175607230489,0.7498281916662374,-0.004689369056811499,310.0,491.28,0.7658768930141671,0.5576100945472717,0.7282092869281769,0.8830391466617584,0.7248434609379716,0.8075640111343716,0.8029494146656772,0.28545839439830645
0,44b6_24264f12,0.7730673716254105,0.6567017007182612,-0.11636567090714933,252.0,337.39,0.8160882065265717,0.5744140863418579,0.7684199810028076,0.9135113060474396,0.7556526326636148,0.9309456510071916,0.9257045260461144,0.22881531758499063
0,44b6_267148e4,0.5762207687289662,0.44351662963931004,-0.13270413908965617,363.0,274.84,0.6473948479115121,0.5420806646347046,0.6975101232528687,0.8742627143859864,0.7035141475973943,0.6210781693326206,0.6127644933769139,0.45044389462960266
0,44b6_2a2eff9f,0.7354898719670858,0.6635162248765953,-0.07197364709049048,243.0,652.44,0.6839862669364233,0.5412775874137878,0.6873685121536255,0.8526214063167572,0.6928054432260329,0.7024425186945279,0.6971034232270953,0.3837747532340139
0,44b6_2f31fc2f,0.45366343933253334,0.21811434296119298,-0.23554909637134036,116.0,340.72,0.44127142521718715,0.5253193974494934,0.6428180932998657,0.8175795793533326,0.6583365003770081,0.3359173126614987,0.32689066960140317,0.6985794787508806
0,44b6_33b596bf,0.8356711336120793,0.7294215076547322,-0.1062496259573471,53.0,521.55,0.47383759946313875,0.5359717726707459,0.6895609498023987,0.8650133371353149,0.6955957316920087,0.7139366113744076,0.7019898195279963,0.630294315022529
0,44b6_341df25f,0.9776531344989203,0.9326504409958691,-0.045002693503051194,209.0,96.1,0.9023933402705515,0.6757831871509552,0.8858956098556519,0.9608281672000885,0.8504887144957631,1.030352033835054,1.0282413350449293,0.13808532778355875
0,44b6_3a861e03,0.867145022857352,0.8214678417830696,-0.045677181074282314,992.0,434.78,0.8760752564515387,0.6011864900588989,0.7872702181339264,0.9114078521728516,0.7717360638889874,0.9379944620253164,0.9347068548899911,0.12737476424858551
0,44b6_3bb3690f,0.6221539684700644,0.6085788410945596,-0.013575127375504814,457.0,435.57,0.588240696099364,0.5340571999549866,0.6723633110523224,0.8558474004268647,0.6847910054831192,0.5907033571210396,0.5844970653713824,0.5116054824712446
0,44b6_40c45f5a,0.797839461504894,0.5689643523759982,-0.22887510912889586,222.0,449.43,0.7370002002536546,0.5532896518707275,0.7133744359016418,0.8650827765464782,0.7117572151599318,0.7575467419241042,0.7526819823119996,0.33106379191420243
0,44b6_415c0a3a,0.66506551234611,0.6644890118912544,-0.0005765004548555774,375.0,645.69,0.7775403057194629,0.5525235176086426,0.7103235125541687,0.8648111462593079,0.7105014886612461,0.8143280834526488,0.8096100107207508,0.26009385308739486
0,44b6_53f95252,0.9078279306039864,0.980987305421975,0.07315937481798862,72.0,485.24,0.7671667628390075,0.5627413690090179,0.7625547051429749,0.9182568788528442,0.7508937960500291,0.8143375424048247,0.8113092330239374,0.2876308630780645
0,44b6_551a5dba,0.6232114410655719,0.2546572122239778,-0.3685542288415941,280.0,729.44,0.6114005264312349,0.5351579308509826,0.6658212840557098,0.82816481590271,0.6747267960344677,0.6262771621816089,0.6210033533649856,0.46304014038166263
0,44b6_5740d24b,0.873117779680864,0.6600336543335023,-0.21308412534736176,174.0,299.72,0.5567196049646337,0.5347487032413483,0.6672860682010651,0.834841787815094,0.677476146989027,0.5446216900389762,0.541163094285594,0.5477779260643267
0,44b6_587a1e22,0.8408512067821753,0.759599994431819,-0.08125121235035626,409.0,200.84,0.8552579167496515,0.5869198441505432,0.7847588062286377,0.9226152420043945,0.7699478078604702,0.9096253540697985,0.9038440296034463,0.1525592511451902
0,44b6_5f15d135,0.6545139883706403,0.36980661365803136,-0.284707374712609,317.0,472.15,0.5105157259345547,0.5252177655696869,0.6377231776714325,0.8060040950775147,0.6526163720803684,0.44862013751530566,0.4411858620096775,0.5964841681668961
0,44b6_668e0cc7,0.9002416723728199,0.8233093637945126,-0.07693230857830735,671.0,475.72,0.7786302867232826,0.5545387268066406,0.7141730785369873,0.8707672953605652,0.7138102721670418,0.8222506989748369,0.8144953996204387,0.25815605818548726
0,44b6_66f9292d,0.7022079161956518,0.7346344275531873,0.03242651135753549,217.0,611.56,0.7339754071554713,0.542369294166565,0.677670419216156,0.836307144165039,0.6840309274755132,0.7630403471348611,0.7572388101823108,0.31565177578651316
0,44b6_706092f0,0.8131728650759238,0.7667459692136764,-0.04642689586224735,130.0,884.46,0.7400899984171133,0.5472854852676392,0.6940305829048157,0.851898443698883,0.6975917132454273,0.8364765857871131,0.8337455423904291,0.3210094294823961
0,44b6_71a4179f,0.7209945836678634,0.7852562249979942,0.06426164133013079,145.0,787.28,0.784155573620567,0.5578103423118591,0.7267088890075684,0.8762608647346497,0.7222960059629467,0.8979203691578587,0.8948383364401877,0.268392439792704
0,44b6_74d0c52e,0.7124353876739562,0.6002263065597346,-0.11220908111422156,156.0,294.3,0.6038735983690112,0.5394369006156922,0.6999081969261169,0.8662838995456695,0.7021493070764958,0.6486223949134582,0.6475938558633811,0.5008494733265376
0,44b6_7a302da0,0.6818403812636681,0.6794277943815878,-0.0024125868820802365,608.0,785.73,0.75192496150077,0.5563602447509766,0.7255033254623413,0.8750689029693604,0.7207330351759135,0.7984358284904733,0.7967653936087296,0.2970740585188296
0,44b6_7e557709,0.8727906193849401,0.8234320371031036,-0.04935858228183643,603.0,813.86,0.7145332121003612,0.5558966517448425,0.7205379009246826,0.8734063386917115,0.7178423964015644,0.9692903781301572,0.9626727349470555,0.3360528837883665
0,44b6_808952d6,0.9626474132963091,0.9885910303646297,0.0259436170683206,181.0,262.59,0.7618340378536883,0.5762914538383483,0.7767257690429688,0.924960458278656,0.7637525726246613,0.9197608558842039,0.9165173967323454,0.3321147035302182
0,44b6_81c256f0,0.9898527656187823,0.9893851969757262,-0.00046756864305608214,197.0,126.11,0.9134882245658552,0.6650245726108551,0.874478667974472,0.9580555438995362,0.8415898280166504,1.0042449421965318,1.0046559269950648,0.11830941241773052
0,44b6_87bba6c4,0.45128525900732525,0.48183260135625966,0.030547342348934414,218.0,382.5,0.6223006535947713,0.53856920003891,0.6863074898719788,0.8657458066940308,0.6951862615792385,0.5959147424511545,0.5847506578525127,0.49126797385620913
0,44b6_8cc6506c,0.6774233028720626,0.7143515311549629,0.03692822828290021,456.0,419.77,0.6520951949877314,0.540375828742981,0.6839479804039001,0.8533510804176331,0.691130011009751,0.6187462562179337,0.612714254719028,0.4340233937632513
0,44b6_8f5ab931,0.778890356758945,0.7014431846714492,-0.07744717208749585,687.0,324.64,0.803104977821587,0.5618998646736145,0.7449398040771484,0.8977564036846161,0.7378710585344272,0.8172175300924387,0.8136598827181787,0.24294603252833913
0,44b6_8f9ecab4,0.7942752908059203,0.7067009158159079,-0.08757437499001242,423.0,865.26,0.7534729445484595,0.545732831954956,0.692804217338562,0.851485514640808,0.6964687773042025,0.8219842149543943,0.816583638684178,0.28864156438527144
0,44b6_90724892,0.7086289474273181,0.5657958640137866,-0.14283308341353151,126.0,343.54,0.7586598358269779,0.5594395995140076,0.7426728010177612,0.896178936958313,0.735119770554128,0.8723234376134137,0.8646981380477713,0.30034348256389354
0,44b6_949adeb1,0.64766409026578,0.4641776105441997,-0.18348647972158028,467.0,511.93,0.7388705487078312,0.5538603067398071,0.7227359414100647,0.8841198563575744,0.7212435577267144,0.7649448378432374,0.7605532644455771,0.326861094290235
0,44b6_95029e92,0.966789381902732,0.9558031389265647,-0.010986242976167349,198.0,95.27,0.8672194814737063,0.6439713776111603,0.8964885175228119,0.9720874249935151,0.853180709090945,1.0824727272727273,1.083220057393143,0.21885168468563032
0,44b6_97725144,0.8733924464502248,0.8283945031517922,-0.04499794329843265,232.0,555.39,0.6684672032265615,0.5537480115890503,0.752029687166214,0.91194087266922,0.7427232177155558,0.6917077005834402,0.6888221411714225,0.39802661193035527
0,44b6_996155de,0.8785707659126384,0.8449685285443902,-0.03360223736824819,390.0,117.77,0.86354759276556,0.5992816627025604,0.792704850435257,0.9303964972496033,0.7783852076518735,0.9667177131189383,0.9693186627168853,0.1959752059098242
0,44b6_9be80b04,0.7085335806430015,0.5169963888936884,-0.19153719174931316,256.0,732.24,0.5878810226155359,0.5360664486885071,0.6669225096702576,0.8238379001617432,0.674673808755854,0.6065316101990919,0.6028577535886348,0.4782721512072544
0,44b6_9bfa6a0a,0.6583486613529532,0.6564080484368646,-0.001940612916088602,315.0,769.03,0.7993966425236987,0.5589295327663422,0.7244546413421631,0.8780428469181061,0.7217733626555618,0.9208750475224939,0.9155364751032621,0.24407370323654476
0,44b6_a21120c2,0.8448807963709678,0.73920361328125,-0.10567718308971785,310.0,240.25,0.8668470343392299,0.5883670747280121,0.7964085638523102,0.93297079205513,0.7782922051950729,0.923540523522533,0.9158070811262894,0.14530697190426634
0,44b6_a2bb48bb,0.6138650355073266,0.3878567974279445,-0.22600823807938214,501.0,768.75,0.5665560975609756,0.5307298898696899,0.6501049399375916,0.8120130062103271,0.6619464808006438,0.5357270135424091,0.5325003904419803,0.5306926829268293
0,44b6_aaf8b0ea,0.9301242998058034,0.9451420124590857,0.015017712653282334,213.0,265.64,0.7903177232344526,0.5654613494873046,0.7389074862003326,0.8810548543930053,0.7307947843236288,0.8786471846693068,0.8804070042593469,0.27333985845505193
0,44b6_abf82518,0.9716559766319146,0.9823000063396609,0.01064402970774625,95.0,313.94,0.7913614066382111,0.5534347593784332,0.7111316025257111,0.8801332175731659,0.7144057066846328,0.8005057316250843,0.796838468785986,0.2437089889787858
0,44b6_b2c44266,0.682998049880745,0.7731945071075341,0.09019645722678915,211.0,690.19,0.8297425346643678,0.5749053120613098,0.7493059635162354,0.8938488364219666,0.7420515900537222,0.9243528736795923,0.9226831943453054,0.2063199988408989
0,44b6_c15fded2,0.7318906848627234,0.4653229522940478,-0.26656773256867555,119.0,343.63,0.6235194831650321,0.5434975326061249,0.7141169607639313,0.881447821855545,0.7143853074483018,0.7910316271694123,0.7778337531486146,0.4774030206908594
0,44b6_c50204e0,0.5853187295236597,0.5154825237556665,-0.06983620576799321,404.0,588.82,0.659352603512109,0.5417856574058533,0.6855641007423401,0.8526461303234101,0.6927147604956495,0.6492970190534727,0.6470256441248162,0.42588566964437347
0,44b6_c771cb04,0.6215605826333404,0.5257545666602412,-0.09580601597309912,278.0,690.28,0.6073187691951092,0.5342064380645752,0.6625187993049622,0.8267980754375458,0.6726978988466267,0.6035458631596471,0.5994558436156939,0.4747783508141624
0,44b6_c8e2a523,0.8527488649495616,0.8020107941923685,-0.050738070757193054,179.0,367.5,0.861904761904762,0.5872235417366027,0.7843872904777527,0.9133043408393859,0.767096205472758,0.9733177923387096,0.9669090321538213,0.15926530612244894
0,44b6_c96cfa10,0.8325902238859675,0.7142679954493032,-0.11832222843666429,666.0,542.52,0.7685799601857995,0.5577234387397766,0.7277001142501831,0.8784969329833985,0.7232732455198733,0.8142091208313494,0.8090000641944665,0.275012902750129
0,44b6_cf2536e8,0.4442268884449463,0.3233089768088248,-0.12091791163612148,96.0,694.63,0.6127434749434951,0.5288244605064392,0.6402574777603149,0.7978805303573608,0.6532754366904742,0.6043301715698076,0.5998300906183369,0.4579272418409801
0,44b6_cf8fed6b,0.8955731322463354,0.8334197822620362,-0.06215334998429922,200.0,531.32,0.6894338628321915,0.5472792983055115,0.7000696063041687,0.8589897751808167,0.702420107561242,0.6968146798111176,0.6859887876064535,0.36676579086049843
0,44b6_d29c9ab2,0.8820861849624391,0.8746633881500854,-0.007422796812353694,1427.0,615.41,0.6784582635966266,0.5690264701843262,0.7469304203987122,0.8883954167366028,0.7380337753079025,0.9639769805314069,0.9573655103066868,0.36036138509286497
0,44b6_d2f34f90,0.7061611790148079,0.6626440751039416,-0.04351710391086627,322.0,311.71,0.6494818902184722,0.5375325798988342,0.6806159615516663,0.855817711353302,0.6895239578761946,0.5898004434589801,0.5839997105329812,0.45385133617785767
0,44b6_d5e7d891,0.6283651753524316,0.5738383369181245,-0.05452683843430717,1127.0,544.94,0.7001871765698976,0.5443573892116547,0.6914558708667755,0.8520415425300598,0.6961294007115124,0.6900751698355911,0.6851384339335267,0.3699489852093808
0,44b6_d754aa59,0.881887131341014,0.8664588868902706,-0.015428244450743422,73.0,88.98,0.8227691616093504,0.6211708784103394,0.8796806931495667,0.9669277667999268,0.8365137969807611,1.0186277553554797,1.0205714285714285,0.26253090582153293
0,44b6_d78e09d9,0.7793905599155863,0.7359219405817797,-0.043468619333806524,503.0,254.38,0.8438556490290117,0.5820287764072418,0.7876073718070984,0.9286653995513916,0.7711861105364166,0.8956354300385109,0.8905472636815921,0.17717587860680872
0,44b6_db3c847b,0.7674797657398694,0.7190730699952688,-0.04840669574460066,169.0,196.8,0.7480691056910569,0.5628275811672211,0.7420704960823059,0.8943736970424652,0.73572215174725,0.7741551372193242,0.7714842596420767,0.30625
0,44b6_ddf577ad,0.7507642924355379,0.6142600308616278,-0.13650426157391005,759.0,682.08,0.7563042458362655,0.550733357667923,0.7033160030841827,0.8605498969554901,0.7050237228692177,0.8461431210568511,0.8396768402154399,0.2882066619751349
0,44b6_deabac95,0.7312897955279354,0.7226963501625736,-0.008593445365361774,139.0,155.63,0.8889031677697102,0.6187583327293397,0.83388352394104,0.9436746537685394,0.8065622917778905,0.9264685556323428,0.9260535573264412,0.13859795669215447
0,44b6_e28840c6,0.7330031014900116,0.5080590968125949,-0.2249440046774167,359.0,899.17,0.6568168421989168,0.5360683560371399,0.6673536896705627,0.8296725153923035,0.6761626220292017,0.699452630486666,0.6943135239061645,0.40028025846058035
0,44b6_e29f0176,0.5675335690602866,0.5863045210373455,0.018770951977058914,63.0,154.42,0.7416785390493459,0.5647272825241089,0.768134355545044,0.924634575843811,0.7562229342151706,0.7367357251136938,0.7296928327645051,0.3390752493200363
0,44b6_e31261b4,0.7888159547600747,0.7875591120383587,-0.0012568427217160005,125.0,896.17,0.6692926565272214,0.5391437411308289,0.6762567460536957,0.8356054782867431,0.6828266924601787,0.6993732268918651,0.690853466134365,0.4085720343238448
0,44b6_e35b117d,0.648842704821577,0.538372653985395,-0.110470050836182,307.0,488.3,0.6149293467130862,0.5343242406845092,0.6623375415802002,0.8220463752746582,0.6714241157129268,0.5792100384999287,0.5741174710809733,0.5008806061847225
0,44b6_e57ff5c6,0.49272648664971797,0.288393400089188,-0.20433308656052995,253.0,296.76,0.47964685267556273,0.527469664812088,0.6613116264343262,0.8631724178791046,0.6795275132651407,0.39195783720476285,0.38375488381657413,0.6616794716269039
0,44b6_eb2880fc,0.7942150013148397,0.8681558956874489,0.0739408943726092,422.0,568.57,0.6843660411207063,0.5403340458869934,0.6857650279998779,0.8478161096572876,0.6907709434841792,0.6762652035452558,0.6699386015458899,0.38000597991452245
0,44b6_f28707c6,0.5737879397983516,0.7357684860098628,0.16198054621151114,82.0,484.05,0.49228385497365973,0.5386730909347535,0.704551100730896,0.8784155249595642,0.7074659524299509,0.7018176240509242,0.6931263503240778,0.6218985641979135
1,6bba_05b6850b,0.7497400817353034,0.7903896524791204,0.04064957074381703,1000.0,72.28,0.9406474820143885,0.6914406895637513,0.9614520072937012,0.994930374622345,0.9029751469289788,0.9879304795622788,0.995121130551817,0.15066408411732157
1,6bba_05db0fb1,0.7294992347191198,0.7441484598853868,0.014649225166266988,1361.0,747.81,0.7918722670196975,0.5661675095558166,0.7581409811973572,0.9090798616409302,0.7478883030262915,0.8157160816727599,0.8108665749656121,0.245129110335513
1,6bba_062c8d37,0.6849917237858552,0.7421699384849153,0.05717821469906015,1059.0,63.17,0.9252809878106696,0.710239815711975,0.9747864007949829,0.9968469500541687,0.9149629401283655,0.9907544378698225,0.9941531865133503,0.15181256925755893
1,6bba_07477033,0.7188013279695944,0.7641341465351567,0.04533281856556226,689.0,52.52,0.9270753998476771,0.646622896194458,0.9420649409294128,0.995603621006012,0.8801260031599067,0.9594747566221418,0.9682729007633588,0.19306930693069302
1,6bba_07e24132,0.6016575243504759,0.7254051323385005,0.12374760798802453,403.0,432.05,0.8512209235042241,0.5832672357559204,0.7931071519851685,0.9403599500656128,0.7774967608118107,0.9211775371980161,0.9232044656920994,0.20041661844693903
1,6bba_085bf656,0.6979702159189338,0.7649677387562531,0.0669975228373193,1404.0,105.65,0.9221959299574065,0.6352117538452149,0.9234329462051392,0.9921657085418701,0.8680302754486536,0.9131809082288483,0.9199425795053003,0.179649787032655
1,6bba_09961292,0.8462252338610984,0.7995552461848346,-0.046669987676263736,2043.0,312.15,0.8049655614288003,0.5611848115921021,0.7412943243980408,0.9038946747779847,0.7370478520582383,0.8401125429851679,0.8377573714039744,0.22518020182604515
1,6bba_0c7fa718,0.4847153482649666,0.482295602393963,-0.0024197458710035757,786.0,131.13,0.7140242507435369,0.5581353187561036,0.7918517589569092,0.9827694892883301,0.7808926934222183,0.6604480864789469,0.6497691597414589,0.42225272630214294
1,6bba_0e7c0d07,0.3748492714949555,0.3470813079040749,-0.02776796359088063,254.0,288.48,0.6065931780366056,0.5364463448524475,0.705718457698822,0.9066602110862733,0.7144507997526061,0.4585290691119546,0.44919021911718005,0.5770590682196339
1,6bba_12665c0e,0.7334525493350015,0.7743135035169069,0.040860954181905385,1139.0,94.06,0.8882628109717202,0.6263581037521362,0.9284321069717407,0.9941358685493469,0.8679749032896055,0.9403059944820668,0.9467872821604364,0.20284924516266212
1,6bba_13f19531,0.7195273802127041,0.8619323748484323,0.1424049946357282,811.0,63.31,0.9254462170273259,0.6820764541625977,0.9652547240257263,0.9968862295150757,0.9020108235311662,0.9770114942528736,0.986398700771417,0.19444005686305477
1,6bba_15403b9a,0.6128062834208864,0.7252639580831092,0.11245767466222278,925.0,70.53,0.8955054586700695,0.6714166402816772,0.9497814476490021,0.9951421320438385,0.8904442087693483,0.9416997617156473,0.9410484006029141,0.1595065929391748
1,6bba_1d0d8384,0.6240857000852056,0.6065682880550077,-0.017517412030197854,1557.0,164.23,0.8507580831760336,0.588925814628601,0.8457531034946442,0.9770163655281067,0.8129363018873255,0.8901671516545984,0.8887709615792825,0.19905011264689765
1,6bba_1ebfb80d,0.5283393976188944,0.5919846039872483,0.06364520636835391,879.0,122.69,0.7893063819382182,0.5637207388877868,0.8030865490436554,0.970126461982727,0.7849939563140451,0.7570059333637609,0.7581686746987952,0.32406879126253163
1,6bba_1f58c2f6,0.6476489083794751,0.6837023251940886,0.03605341681461349,361.0,388.38,0.811962510942891,0.5804903745651245,0.8092158436775208,0.943965470790863,0.7851774479085185,0.8541062801932368,0.8487626031164069,0.22611874967815027
1,6bba_207c6aaf,0.4595703172308694,0.458507439722541,-0.001062877508328397,609.0,236.39,0.6951224671094378,0.5485867321491241,0.7538033425807953,0.9364120662212372,0.7476874795772258,0.6378510500324238,0.6332542819499342,0.4590718727526545
1,6bba_20852818,0.7303491045179392,0.7923257017996914,0.0619765972817522,1018.0,98.99,0.9017072431558744,0.6423344016075134,0.9172966182231903,0.9943195283412933,0.8660682137306832,0.9579680827152169,0.9600282153773807,0.13890291948681688
1,6bba_2312ac41,0.6599692962660259,0.8207342447801129,0.16076494851408707,1372.0,151.82,0.9031089448030563,0.6194688677787781,0.8834102749824524,0.9831575751304626,0.8409085314476067,0.8708822686909196,0.8811524609843937,0.19898564089052828
1,6bba_23af9eeb,0.756901831188523,0.852969401716489,0.096067570527966,578.0,50.39,0.9279618972018258,0.6270202994346619,0.9400015473365784,0.9951271712779999,0.8715491811876321,0.9150767798976268,0.9299802761341223,0.21948799364953364
1,6bba_2540cd90,0.5988901476530343,0.7283856514022358,0.1294955037492015,700.0,32.03,0.9597252575710271,0.6592146217823028,0.9749185740947723,0.9979810595512391,0.9012218893311128,0.949181446111869,0.963462220645619,0.13112706837339994
1,6bba_2646afc7,0.6811931566870884,0.7557030001575477,0.0745098434704593,899.0,56.9,0.9397188049209139,0.679050624370575,0.9637290239334106,0.9969048976898194,0.8988168979217254,0.9488034523342487,0.9571369975389664,0.14991212653778563
1,6bba_268e1230,0.43094323588528616,0.5521503042438977,0.1212070683586115,653.0,45.81,0.8408644400785854,0.6005725860595703,0.8946330845355988,0.9961806535720825,0.8449183611638326,0.9408773045136681,0.9475876431794515,0.3538528705522812
1,6bba_2819ca14,0.6143883907593155,0.7364856006267823,0.12209720986746675,1199.0,65.81,0.9056374411183711,0.6738359928131104,0.9538119733333588,0.9947782397270203,0.8941674854431376,0.9436645396536008,0.9482225656877898,0.21349339006230061
1,6bba_283bf9f1,0.6921105242825762,0.7295322922577503,0.03742176797517405,1547.0,271.55,0.8178236052292396,0.5758464694023132,0.811947226524353,0.9536298215389252,0.7871557919372958,0.7874533713048012,0.7883604611732791,0.27703921929663045
1,6bba_312f0dc3,0.6235993374159888,0.7423717844835839,0.11877244706759504,604.0,111.51,0.8199264639942606,0.5848199605941773,0.8751895427703857,0.9922775387763977,0.8293840122681849,0.8137424373379429,0.8162605381683797,0.3245448838669177
1,6bba_32db13fc,0.5936747211079421,0.5135789026888369,-0.08009581841910518,994.0,487.0,0.7147433264887064,0.5571042716503143,0.7573733627796173,0.9226856529712677,0.7480263624231559,0.6913033553983109,0.6839550454328073,0.3781108829568789
1,6bba_337b1b3a,0.9141568706104892,0.904784953996585,-0.009371916613904241,1271.0,297.14,0.885340243656189,0.6207251787185669,0.8601107001304626,0.9647748708724976,0.8254256516329107,0.9037647978954104,0.9016278468864198,0.14444369657400546
1,6bba_372c8cb8,0.7154593748365732,0.8137499657195228,0.09829059088294967,1182.0,81.03,0.9419967913118598,0.6582839131355286,0.9546101689338684,0.9959281921386719,0.8891727781914234,0.9404010657691768,0.9559147685525349,0.17240528199432315
1,6bba_3a1849c2,0.616860359112924,0.6966628045783302,0.07980244546540616,1286.0,85.03,0.8872162766082559,0.6071950137615204,0.8784045279026031,0.9932755172252655,0.8370189851155843,0.8839153296481057,0.8920639411515066,0.22897800776196642
1,6bba_3abfe10a,0.6653595163071524,0.6602219168032394,-0.005137599503913015,1113.0,638.4,0.7414160401002506,0.5551842331886292,0.7366329729557037,0.9039346516132355,0.7331380967387965,0.7312851503825061,0.7254508286486092,0.344157268170426
1,6bba_3c5691b6,0.6157367261796792,0.753860646956913,0.1381239207772338,925.0,88.53,0.9289506382017395,0.6231349229812622,0.9253976047039032,0.994046825170517,0.8633678995275775,0.9011321748288573,0.9125675488430096,0.22681576866598896
1,6bba_3db54e20,0.4186575235255854,0.4825595465307456,0.06390202300516024,637.0,285.22,0.6484117523315336,0.5416000187397003,0.7193562984466553,0.9140312731266022,0.7239331242373482,0.529763501859021,0.5204661854256564,0.515426688170535
1,6bba_3fda6b25,0.8154021642640212,0.874837520119475,0.059435355855453786,1311.0,105.91,0.9039750731753375,0.6478593289852143,0.9464238584041595,0.9958448052406311,0.8813586572727182,0.979443115075049,0.9804076117554329,0.14974978755547164
1,6bba_43fea39d,0.6757827341200986,0.7625699324440804,0.08678719832398185,1066.0,80.76,0.8816245666171372,0.6067929983139038,0.9009219408035278,0.9928912043571472,0.8491008294432351,0.8651864751124655,0.8704017238725565,0.26176324913323423
1,6bba_474be664,0.3600936647864655,0.36936300498356484,0.009269340197099352,346.0,430.71,0.8401012282045924,0.578429788351059,0.8039564788341522,0.951254940032959,0.7837012712074649,0.8123907942688833,0.8138162342051896,0.24436395718697035
1,6bba_48816121,0.7075040746865746,0.7196900197020718,0.01218594501549719,1101.0,272.41,0.913953232260196,0.64846750497818,0.8852656483650208,0.972641932964325,0.8469274466682324,0.9280925308762987,0.9313969120462786,0.1310524576924489
1,6bba_4aa14c89,0.7242903775822777,0.8302615696909218,0.10597119210864414,762.0,78.12,0.8484383000512032,0.5874318361282349,0.8770322501659393,0.9944441258907318,0.8310647976456023,0.8602247191011236,0.8660135882445884,0.26497695852534564
1,6bba_4f99ce20,0.7098943004316327,0.7523472531748053,0.04245295274317262,1205.0,67.55,0.9054034048852702,0.6694500744342804,0.9578662514686584,0.9955952763557434,0.8952193910035532,0.9612732095490716,0.9687323413072142,0.1952627683197632
1,6bba_4ffd3da3,0.6641084848768933,0.7489661823449709,0.08485769746807759,831.0,280.13,0.8520329846856817,0.5888002634048463,0.8328306376934052,0.9626938104629517,0.8032285851016403,0.8012417509469327,0.8047701008114089,0.2675186520544033
1,6bba_55b7eebe,0.34850675290089406,0.4446232234571592,0.09611647055626515,708.0,35.63,0.9382542801010384,0.6456077814102172,0.9430413246154785,0.997530722618103,0.8817169111965304,1.0202513966480447,1.0247689463955638,0.17990457479651978
1,6bba_55c70843,0.5649217437046307,0.5745220951574193,0.009600351452788591,591.0,530.17,0.7883886300620556,0.5629222691059113,0.7592051029205322,0.9173798382282257,0.7498725054024383,0.7969978257233651,0.7937884418943296,0.2809476205745327
1,6bba_57b7cc1e,0.46859421480983837,0.4668312290327012,-0.0017629857771371826,2185.0,1029.59,0.6825338241435911,0.5438979029655456,0.7088611721992493,0.88638254404068,0.7123921347855623,0.6911899136917835,0.6933638156489844,0.43452247982206504
1,6bba_5a4d9360,0.5527308180855449,0.6051407804286607,0.05240996234311579,919.0,61.91,0.8885478921014376,0.6195173859596252,0.9275190830230713,0.9954955577850342,0.8654022177573313,0.9353457067101775,0.9416410706450198,0.2592472944596995
1,6bba_5b28472a,0.749946416764953,0.8714169075208371,0.12147049075588412,854.0,53.78,0.9538862030494608,0.6785470545291901,0.9827269315719604,0.9978500306606293,0.9133570618680579,0.9916611806012727,1.008036739380023,0.15972480476013384
1,6bba_5c039895,0.6416313277958824,0.738684324816468,0.09705299702058556,1419.0,102.53,0.9219740563737443,0.6690062761306763,0.9296128749847412,0.991049873828888,0.8786274018608475,0.9302722904431393,0.9348189415041783,0.15029747391007509
1,6bba_5c824876,0.6288664794985327,0.6448620762453985,0.015995596746865792,1198.0,271.83,0.8625979472464408,0.6064036667346955,0.8524682521820068,0.9623958051204682,0.8173999041598513,0.8873194092317598,0.8853473684210527,0.18886804252657907
1,6bba_5dfe9ad1,0.7637696337955945,0.735086013052467,-0.02868362074312747,1555.0,320.24,0.8712840369722707,0.6020868599414826,0.8389425277709961,0.9589256644248962,0.8091367872528138,0.8999253174010455,0.8969225327201981,0.17218336247814137
1,6bba_5f89039d,0.6877914664092177,0.7992601395508091,0.11146867314159137,1085.0,43.1,0.95707656612529,0.6771112084388734,0.9844129681587219,0.9987216830253601,0.9145850101673242,0.9195902688860436,0.9355012093523246,0.1668213457076566
1,6bba_61dd1e0d,0.3340955623613416,0.43923743648862135,0.10514187412727977,554.0,91.74,0.8904512753433617,0.6101789832115173,0.8772254586219788,0.9815122246742248,0.8358161714804013,0.9224489795918367,0.9283120376597176,0.2116851972967081
1,6bba_61ecbe65,0.6044107193405931,0.6525413813942177,0.048130662053624595,766.0,75.34,0.8773559861959118,0.6032799661159516,0.9066965281963348,0.9941537857055665,0.8503714985638271,0.8853112033195021,0.8885123082411702,0.2920095566764003
1,6bba_6321a359,0.6652524755273796,0.794506059797908,0.12925358427052835,943.0,66.15,0.8817838246409675,0.6258334159851074,0.9173855185508728,0.9931507468223572,0.8619220235653078,0.9553795634537376,0.9660493827160493,0.2523053665910808
1,6bba_6479435d,0.5599092807109974,0.5245999862815363,-0.03530929442946118,699.0,315.07,0.7805567016853397,0.5757176876068115,0.8131008148193359,0.9541128039360046,0.7879625402140413,0.793549079974225,0.790301343064595,0.2964420604944933
1,6bba_67ebd073,0.6036853156760141,0.6768158045180024,0.07313048884198825,552.0,216.9,0.793222683264177,0.5730823516845703,0.8113791942596436,0.9697005271911622,0.7908299601032996,0.8022017967492341,0.7980879541108986,0.28778238819732593
1,6bba_6ca87370,0.6033298569924089,0.6553237495316449,0.05199389253923592,1358.0,89.48,0.8889137237371479,0.6058679401874543,0.8703850209712982,0.981702196598053,0.8302703687435483,0.9018186442833525,0.9024390243902439,0.20753240947697804
1,6bba_6db0e9b4,0.6640537451016695,0.7008619123559698,0.03680816725430036,529.0,373.73,0.7963235490862387,0.5684646368026733,0.7968735098838806,0.9484001398086548,0.777180711537142,0.7779620361870354,0.7781931656676759,0.29705937441468444
1,6bba_6feb10f0,0.07174021915208909,0.08426264377487563,0.012522424622786549,1383.0,139.55,0.685202436402723,0.5436451256275177,0.7095326483249664,0.9048842370510101,0.7168128950978343,0.8784033225657591,0.8776232308443143,0.45438910784665
1,6bba_6feeb0b1,0.5794294938606269,0.6532683487341224,0.07383885487349551,1765.0,87.93,0.9318776299329011,0.6544344484806061,0.920992910861969,0.9901426255702972,0.8703462603486746,0.9305758906783796,0.9350848106108914,0.13260548163311725
1,6bba_705ec2c9,0.6014955686853767,0.6629166666666666,0.06142109798128992,677.0,82.79,0.8589201594395458,0.594368040561676,0.8656104207038879,0.9789853096008301,0.82544255496379,0.809719370294319,0.8140718127634831,0.28554173209324796
1,6bba_718b21f9,0.5646914130259628,0.6401108604898889,0.07541944746392604,882.0,44.06,0.9605083976395824,0.7220850229263306,0.9812795221805573,0.9981726050376892,0.9216404389484393,0.9754950495049505,0.9873743880443184,0.10553790285973674
1,6bba_74686d6a,0.5670562688874066,0.5723313279212743,0.005275059033867713,654.0,327.96,0.8206488596170265,0.5744626820087433,0.8087804615497589,0.9591612994670868,0.7868909552298055,0.8714488378014623,0.8727771219679372,0.26951457494816444
1,6bba_767a1e17,0.5534606103599733,0.5160146753515812,-0.037445935008392106,869.0,599.95,0.6128344028669056,0.5387316346168518,0.6993775963783264,0.8921412587165832,0.7081555362596185,0.4684065934065934,0.45698395226232547,0.5737144762063505
1,6bba_76db78c1,0.6654525915583543,0.7767811205819839,0.11132852902362955,759.0,56.43,0.950026581605529,0.6815391182899475,0.9549561738967896,0.9975590705871582,0.8952070015331988,0.9347092677118476,0.9465696465696466,0.165337586390218
1,6bba_784a78c9,0.8224738535314656,0.8956126803582644,0.07313882682679873,1922.0,145.62,0.9298860046696882,0.6769827008247375,0.9185328483581543,0.9870238304138184,0.8749216779121206,0.9605568445475638,0.9652470716003413,0.1186650185414091
1,6bba_786893ac,0.5837751460307625,0.6219401960096279,0.038165049978865384,1812.0,729.57,0.7517167646695999,0.5554602026939393,0.7378416061401367,0.9048268675804139,0.7342197794540639,0.790236000381158,0.7879501683725096,0.3179818249105637
1,6bba_789f8168,0.7841434505238603,0.7926362150960234,0.008492764572163192,743.0,114.14,0.8474680217277029,0.6069065809249878,0.8761269450187683,0.9942567586898804,0.8380676512756159,0.8787522071806946,0.8759673924259622,0.21517434729279827
1,6bba_78a7bd97,0.4545395753529541,0.40974527487466694,-0.04479430047828714,1008.0,458.82,0.6631576653153742,0.5423097729682922,0.7044803500175476,0.8868198275566102,0.7100743203713688,0.6145875454913061,0.6066703783239217,0.46998823067869755
1,6bba_7af54fde,0.6911661607127066,0.7912951037639316,0.100128943051225,1316.0,140.25,0.8706595365418894,0.5935985445976257,0.8561022877693176,0.9859141111373901,0.8211449771331204,0.8403178065119178,0.8464930186984567,0.23080213903743318
1,6bba_7b5d3b2c,0.6427354863514032,0.7627037511524047,0.11996826480100153,612.0,63.19,0.9436619718309859,0.658933675289154,0.9592536687850952,0.996647584438324,0.8920201682492668,0.9458762886597938,0.9638742433118531,0.18689666086406076
1,6bba_7d3058ae,0.73140340728658,0.845241015717957,0.11383760843137691,1403.0,75.1,0.9640479360852197,0.7631004154682159,0.9768634140491486,0.9965659439563751,0.927656884952474,0.9778603056706184,0.9826923076923076,0.0884154460719041
1,6bba_7f87b3d8,0.6074425192112889,0.6349075133293146,0.02746499411802572,1207.0,124.72,0.7669980756895446,0.5796205997467041,0.8523435592651367,0.9833548069000244,0.8156489393662738,0.7629810034096445,0.7597759568509491,0.37203335471456067
1,6bba_80d12824,0.72771922984301,0.8052451482091186,0.07752591836610867,754.0,90.07,0.882424780726102,0.6366545736789704,0.9223158657550812,0.994096326828003,0.8676227014314967,0.9538580845288872,0.9549918166939444,0.1806372821139114
1,6bba_825bd1c6,0.6127254790233282,0.6927903483411035,0.08006486931777534,1209.0,82.74,0.8944887599709934,0.6116980910301208,0.8765855431556702,0.9816828966140747,0.8356224082318726,0.9114090431125131,0.9086538461538461,0.1619531061155427
1,6bba_87289e13,0.7329794369858257,0.7984745740323337,0.065495137046508,827.0,145.39,0.8570052961001444,0.6034657657146454,0.863694965839386,0.9843797206878662,0.8282487865770609,0.8952033368091762,0.8891226429795854,0.1733269138180067
1,6bba_8b7818bf,0.594352212206148,0.7280513612445665,0.1336991490384185,895.0,66.27,0.9369247019767617,0.6585018277168274,0.9542176127433777,0.9960219025611877,0.8877384837055038,0.9297223174494343,0.9439841498559077,0.1815301041195111
1,6bba_907271db,0.5854019362240119,0.6637199612386827,0.07831802501467078,1216.0,85.38,0.9147341297727805,0.6520797908306122,0.932874321937561,0.9934060394763946,0.8768263207049742,0.9285527005768223,0.9326896551724138,0.17041461700632465
1,6bba_91951b3a,0.7072686074928228,0.8234746149323927,0.11620600743956988,1338.0,130.87,0.9004355467257584,0.6554808855056763,0.9120200872421265,0.987902307510376,0.8659821381414333,0.9313458262350937,0.9350927246790299,0.1645144036066325
1,6bba_96833384,0.6877474464540707,0.8226876652368488,0.13494021878277807,846.0,55.28,0.9126266280752533,0.675878930091858,0.963562548160553,0.9970803380012512,0.9001447230075349,0.9738231412230532,0.9857142857142858,0.1991678726483358
1,6bba_969618f6,0.7002879901220624,0.7802764347299045,0.07998844460784205,763.0,213.93,0.835273220212219,0.57959885597229,0.8216328620910645,0.9637783288955688,0.7956160598632718,0.7841682443841784,0.7863528651443343,0.28364418267657643
1,6bba_971fa5e0,0.5980911617724456,0.6949007954977541,0.09680963372530849,959.0,53.13,0.9215132693393563,0.6637322306632996,0.9666756689548492,0.9975635409355164,0.8976432690214292,0.9670763827919228,0.9729414508980639,0.1707133446263881
1,6bba_9a41d029,0.6876547295900849,0.7514121772699399,0.06375744767985503,1594.0,212.27,0.8611673811654967,0.5892405450344086,0.8159860968589783,0.9571293532848358,0.7936127059601851,0.8560823264386648,0.8596098496961945,0.21227681726103542
1,6bba_9e23430b,0.3646796809019404,0.4730492664624626,0.10836958556052217,918.0,66.32,0.8855548854041013,0.6249726176261902,0.8941585421562195,0.993657648563385,0.8483328866974856,0.9472749866856027,0.94980406792312,0.19541616405307605
1,6bba_a5e926bb,0.6106473129604149,0.7282975700240012,0.11765025706358634,837.0,97.54,0.8436538855854009,0.5992858648300171,0.8733885288238525,0.9880946397781372,0.8310473728967996,0.8813580714375868,0.8795408507765023,0.2840885790444946
1,6bba_a90a0b9c,0.6006409028958898,0.5886396950300494,-0.012001207865840358,1386.0,388.41,0.843335650472439,0.5806778967380524,0.7946121692657471,0.9436624348163605,0.7780909941359192,0.8861760660247593,0.8849239362966485,0.20383100332123272
1,6bba_ab78413d,0.12752710675549273,0.14096717845237866,0.013440071696885936,1236.0,168.72,0.73441204362257,0.5472404956817627,0.7304085493087769,0.9260371923446655,0.7339368585754793,0.8211002025868787,0.8195149926265771,0.37541488857278327
1,6bba_acd782a8,0.6814563020228964,0.6559490263136466,-0.02550727570924982,404.0,211.19,0.8725791940906293,0.6123027861118316,0.8740856349468231,0.9705587446689605,0.8321290112173115,0.9090769151829237,0.9075833199162776,0.1610871726881008
1,6bba_ae82a791,0.803679848142958,0.8782001489233201,0.07452030078036209,1639.0,81.14,0.9450332758195711,0.7066961646080017,0.9608184993267059,0.994901567697525,0.9052917006492117,0.9623815967523681,0.9726861024624964,0.12349026374168104
1,6bba_aeee7805,0.7599580333122283,0.8529322336506815,0.09297420033845316,849.0,60.22,0.9377283294586516,0.6767645716667176,0.9705280661582947,0.9967963576316834,0.9021470725103587,0.9609497645211931,0.9752373091209244,0.18681501162404512
1,6bba_af149c94,0.5361655471290883,0.6046306149624948,0.06846506783340656,1809.0,120.52,0.9147859276468636,0.6226468801498414,0.9107581377029419,0.9882505774497986,0.8565223237392313,0.8766596465525135,0.8853294853294853,0.20560902754729504
1,6bba_afb141ff,0.6166348213392703,0.6925848018907321,0.07594998055146185,763.0,75.24,0.8801169590643275,0.6273462355136872,0.9125631749629974,0.9887956023216248,0.858197842181467,0.9031067363888035,0.90425877763329,0.21956406166932485
1,6bba_b1ae37b9,0.7760762202650424,0.7509188111371685,-0.025157409127873898,670.0,290.81,0.7110140641656064,0.5450354218482971,0.711256206035614,0.8784828066825867,0.7121262110057373,0.6807222242735296,0.6765796414510149,0.36604655960936694
1,6bba_b204cac7,0.7166565261813119,0.7627555896743687,0.04609906349305681,958.0,50.27,0.963397652675552,0.7343185305595398,0.9803751111030579,0.9978092312812805,0.9235621971727623,0.9791349706585525,0.987813134732566,0.10383926795305354
1,6bba_b329af44,0.6505573020171872,0.6024668926913009,-0.04809040932588626,1529.0,803.62,0.7431497473930465,0.5535447597503662,0.7273275256156921,0.8893248438835144,0.7251170216315146,0.74281534549233,0.739991194807777,0.3239217540628655
1,6bba_b693381b,0.6852116542824742,0.7635215711698422,0.07830991688736799,1004.0,58.94,0.9036308109942314,0.6903946697711945,0.9756689965724945,0.9975419342517853,0.9101047351021897,0.991442542787286,0.9956709956709957,0.174414658975229
1,6bba_bb9f20c3,0.806798521765514,0.7876640369979061,-0.01913448476760793,2070.0,235.34,0.8878218747344268,0.6151966214179992,0.859301745891571,0.9693755984306336,0.8248756787012875,0.9443519726483423,0.9423175089331292,0.10801393728222997
1,6bba_bbb708ca,0.7177349988523383,0.7940335402356545,0.07629854138331627,976.0,95.34,0.8569330816026851,0.5908241629600525,0.8905085623264313,0.990781569480896,0.8378881002873219,0.8480964467005077,0.8536585365853658,0.2990350325152087
1,6bba_c27cba08,0.7343165574501097,0.8042769031627585,0.06996034571264875,564.0,83.45,0.920311563810665,0.6473099708557128,0.9330869317054749,0.9927374362945557,0.8742747473763302,0.9034323072732225,0.9114159165595085,0.20515278609946075
1,6bba_c328f2fd,0.6425994494148485,0.61641080862668,-0.026188640788168516,569.0,344.98,0.8994144588092063,0.6244183421134949,0.8509519696235657,0.9578411817550659,0.8202597043790721,0.9352806768356697,0.9345378204720403,0.12197808568612678
1,6bba_c73a1d11,0.3742576586979748,0.3631051475285143,-0.011152511169460477,905.0,268.35,0.6774361840879448,0.5498034358024597,0.7417713403701782,0.9262470006942749,0.739257041967586,0.6435625945368805,0.6349325337331334,0.46092789267747347
1,6bba_cdcfe533,0.8952084711675504,0.9105017520436742,0.015293280876123805,1428.0,291.09,0.8772544573843142,0.6100446283817291,0.8440892994403839,0.9601465165615082,0.8139954423601914,0.9184215378941545,0.9160050627085491,0.14449139441409875
1,6bba_cf35214c,0.8976370648844049,0.8894790156819391,-0.008158049202465767,841.0,384.72,0.8880224578914535,0.6165709018707275,0.8471275269985199,0.9627257645130157,0.8170524861477337,0.9318029677563315,0.9291542919754332,0.13165419006030354
1,6bba_cff5865f,0.8833025165013803,0.8621726702732204,-0.021129846228159832,1622.0,459.17,0.8577215410414444,0.6018281519412995,0.8276139795780182,0.9508168518543244,0.8011285182820354,0.8887281888588224,0.8855633802816901,0.17028551516867396
1,6bba_d0fc38b5,0.620961644049489,0.7484365021439648,0.1274748580944759,1002.0,70.28,0.9127774615822425,0.6126872420310975,0.9010850191116333,0.9926957011222839,0.8491528256833321,0.8895091118043015,0.8988900450919182,0.22908366533864544
1,6bba_d1acb6ff,0.5919251118466874,0.6523704743517916,0.06044536250510424,818.0,226.6,0.775639894086496,0.5631081461906433,0.7987945377826691,0.9569600522518158,0.7778665643858541,0.70423840413598,0.7017082107653404,0.36279788172992056
1,6bba_d2b9fc0c,0.7055771394154862,0.7644563668521264,0.0588792274366402,1098.0,190.86,0.8979356596458137,0.6137049436569214,0.8599269986152649,0.9703820586204529,0.8254340355017038,0.9255592841163311,0.9238839025527451,0.13292465681651477
1,6bba_d3da753b,0.6990915950593294,0.7247782629150701,0.025686667855740697,1058.0,167.09,0.8786282841582381,0.6174114346504211,0.8775096535682678,0.9782534837722778,0.836719286140552,0.9157740372353992,0.9111021990508655,0.1404033754264169
1,6bba_d5eae175,0.5758437991793804,0.6397619459120696,0.06391814673268914,716.0,40.7,0.9587223587223587,0.7058708786964416,0.9808860123157501,0.9978280246257782,0.9178871572139873,0.9573434125269978,0.9663677130044843,0.12874692874692872
1,6bba_d6ecebbb,0.5191566188918235,0.5963507552675857,0.07719413637576222,998.0,57.05,0.9332164767747589,0.6627355098724366,0.9383009672164917,0.9930430889129639,0.8816957518536734,0.9365635337614322,0.9433885142039649,0.15635407537248025
1,6bba_d82a4fc6,0.8441182929966681,0.85246578867592,0.00834749567925197,575.0,334.9,0.8909226634816363,0.6100222110748291,0.8335258960723877,0.9601702213287353,0.8084219217711937,0.9447521097046413,0.945805266380894,0.14422215586742315
1,6bba_debd7bfa,0.6539497657085568,0.7021048695792285,0.04815510387067168,860.0,140.73,0.8215021672706602,0.585802435874939,0.8484594821929932,0.9791700839996338,0.813497305653642,0.8259250263136588,0.820821164748325,0.2751367867547787
1,6bba_df673a83,0.7551472151737239,0.8594051048744796,0.10425788970075578,748.0,254.56,0.9031269641734758,0.6287276029586792,0.8822121620178223,0.9734072864055634,0.8410219274665439,0.8900745257452575,0.8969957081545065,0.17426147077309873
1,6bba_e16ffc58,0.6255491654662996,0.6632759720726953,0.03772680660639571,1191.0,74.22,0.9405820533548909,0.6848095655441284,0.9513669013977051,0.9945356845855713,0.8947796395285699,0.940933863602887,0.9471820141669233,0.13931554836971172
1,6bba_e5e44988,0.5937992848901689,0.6864212633278727,0.09262197843770381,717.0,50.02,0.9124350259896041,0.6683097839355469,0.9658454358577728,0.9973220705986023,0.8984549266011124,1.0072146354032465,1.0113699389905713,0.21851259496201514
1,6bba_ebdf3b34,0.7762380188542458,0.7345527745587712,-0.0416852442954746,903.0,619.64,0.8156671615776903,0.5788945436477662,0.7827470600605011,0.9241131842136383,0.76696878091426,0.8537857650382129,0.8472321556286654,0.20492544057840034
1,6bba_ebff6e76,0.44723153917319636,0.5016447990194607,0.05441325984626433,1624.0,548.34,0.7676623992413466,0.56160688996315,0.7710193991661072,0.9423345625400543,0.7614675678340036,0.836048693423642,0.8364746610250986,0.33367983367983367
1,6bba_ed9377fd,0.5986844474454197,0.6902404203696298,0.09155597292421014,660.0,47.37,0.9351910491872493,0.6459893763065339,0.9559731483459473,0.9970249474048615,0.8859667032755255,0.9428843407901,0.955944931163955,0.16360565758919143
1,6bba_edf14583,0.8239067387432409,0.8543090274084355,0.030402288665194566,842.0,664.57,0.8221857742600478,0.5676539719104767,0.7570732235908508,0.9133816182613372,0.7490250032749655,0.8650642353916287,0.8625029968832414,0.2147554057510872
1,6bba_eebc57a5,0.6891452987463946,0.7425372344320781,0.053391935685683456,1192.0,80.62,0.9474075911684445,0.6793761730194092,0.9441406428813934,0.9929944276809692,0.8893068293277804,0.9651840084723325,0.9700978365715861,0.09563383775738032
1,6bba_ef7b4f7e,0.8212866291287796,0.8755845963435616,0.05429796721478197,1252.0,64.0,0.945625,0.742572420835495,0.9744073450565338,0.9976994752883911,0.9229369616161808,0.9787992161054695,0.9871913866716169,0.14156250000000004
1,6bba_f17befbc,0.6906791297351236,0.6074221985290367,-0.0832569312060869,1194.0,294.52,0.7067092217845987,0.5496664345264435,0.7358856499195099,0.918535339832306,0.7349855899238055,0.6709005227891908,0.664821860947769,0.38126443025940515
1,6bba_f1fde7e0,0.5648590732638089,0.5613479452545592,-0.0035111280092496866,538.0,104.06,0.733423025177782,0.5710571646690369,0.8357036709785461,0.9780611336231232,0.8020390711755997,0.6964475392422991,0.6907503479691256,0.4329233134729964
1,6bba_f20478e9,0.6220365216066098,0.6857205634482845,0.06368404184167464,1226.0,73.9,0.8710419485791611,0.6234669089317322,0.9194332361221313,0.9927921056747436,0.8621459998605931,0.9148758953856405,0.9207708779443254,0.2568335588633288
1,6bba_f4ae811c,0.721454201036147,0.8096276780176687,0.08817347698152167,1096.0,119.38,0.8793767800301558,0.6081884682178498,0.8878937661647797,0.9857500433921814,0.8411062673049373,0.8533816655537537,0.8589964521033958,0.2506282459373429
1,6bba_f8ffd5e7,0.7781399591841329,0.756258989413124,-0.02188096977100895,421.0,375.37,0.7917521378906146,0.5696143746376038,0.8021314442157745,0.9538055896759033,0.7812969928474478,0.7741822736143069,0.7717979920900517,0.29189865998881104
1,6bba_fbc898dc,0.771072051748224,0.8683840381661421,0.09731198641791805,682.0,51.53,0.9402289928197167,0.7150502681732178,0.9755144715309143,0.998010778427124,0.9174876780209773,0.9937744985012682,1.0038740920096851,0.16359402289928193
1,6bba_fc516dc6,0.5724772764056132,0.6443812513038064,0.07190397489819322,1007.0,78.46,0.8903900076472088,0.6429176032543182,0.940367728471756,0.9962680041790009,0.8774713131407424,0.9560603796144074,0.9534072900158479,0.18468009176650524
1,6bba_fc5f39dc,0.7432553104939372,0.7945451814538804,0.051289870959943196,512.0,206.2,0.860717749757517,0.599980229139328,0.853570967912674,0.9667672336101533,0.8175395530591227,0.8455874673629242,0.8478296478296479,0.21469447138700293
1,6bba_fc83837d,0.49339837679985543,0.5680054652702929,0.07460708847043751,1163.0,126.3,0.683452098178939,0.5507723331451416,0.7712985575199127,0.9801032543182373,0.7676638904976226,0.6407973679117477,0.638300061741099,0.4756927949326999
1,6bba_fe670320,0.6489001057710099,0.7323326426686458,0.08343253689763597,802.0,111.95,0.8513622152746761,0.5984529852867126,0.8664765357971191,0.9801605343818665,0.8269997834909151,0.8943372350521986,0.8935530564525108,0.2424296560964716
