n,submitted_utc,public,private,kaggle_ref,description
1,2026-07-03 07:44:12,0.815,0.705,54290725,
2,2026-07-03 15:07:28,0.741,0.670,54301967,
3,2026-07-10 17:11:57,0.889,0.882,54534923,Public LB897 calibration anchor; kernel v1; local artifact SHA256 284DECB6C3618879E06647761187FF8D97A4DF6240AA2AFA503D69BEAAD262AA
4,2026-07-11 23:53:36,0.889,0.882,54588144,Trackastra agreement fusion on 400ep learned stack; bilateral full OOF +0.035/+0.036 with pruning; artifact SHA256 170D4293288DE397BBBA64447EF9C351A4C13D7BB37084C0B823CF13D0228B3E
5,2026-07-12 08:46:48,0.865,0.859,54601594,Direct Trackastra agreement association plus incident pruning; local exact 0.90647 vs anchor 0.89378; full OOF +0.035/+0.036; SHA256 79001419498145419D716B5F225CF8230A5449CCC5F0EC805DF20EB4F9AD3813
6,2026-07-20 13:07:38,0.908,0.894,54854143,Clean v122 det09690 dis150
7,2026-07-31 12:13:25,0.913,0.897,55136759,P0A clean 0.913 reproduction; out sha256 8c1605b5944d25e4; structural audit PASS 10/10
8,2026-07-31 12:20:51,0.914,0.897,55136908,"P0B clean 0.913 base + source-locked reverse-time w=0.20; out sha256 4c285cae0c220a11; audit PASS; delta vs P0A: nodes +64 edges +103 div -9, 749 parent reassignments"
9,2026-07-31 21:23:16,0.906,0.895,55147215,"P0-CR: v122 base + source-locked reverse-time w=0.20 + line-fit volume guard; out sha256 435bf5d19d85563c; structural audit PASS 10/10 (A1-A10, outside=0); causal question: is reverse-time's effect base-dependent (clean-913 base gave +0.001, divisions -9; v122 base moves divisions +10)"
10,2026-08-02 08:41:08,0.914,0.897,55181562,Arm B solo: P0-B plus flow-compensated motion-relink gate; corrected safe-division outdegree invariant; baseline byte parity; audit PASS 10/10; sha256 83498f9e27d44532
11,2026-08-05 15:43:32,0.915,0.897,55274582,"P3 harmonic re-baseline: P0-B plus harmonic mutual-support forward/reverse association fusion (lambda=0.20, prob-space harmonic mean replacing arithmetic mean of logits); rule CC0 via yusuketogashi Biohub 145; carries safe-division out-degree and gap-close in-degree invariant fixes; audit PASS 10/10; sha256 3e98739f5c46f2dd"
12,2026-08-17 19:59:19,0.915,0.897,55585140,"P3 + arm-B motion-gate (LOEO +0.0144/+0.0090, paired deployment substrate)"
13,2026-08-19 06:33:23,0.915,0.900,55616685,"P3 + ILP division economics: division_weight 0.55 + safe-div patch OFF + L3 restore (703 ILP divisions re-admitted, 0 from patch); pre-ILP audit measured 29/125 GT divisions offered to the solver at median edge_prob 0.9188; audit PASS 10/10"
14,2026-08-21 10:59:51,0.883,0.852,55667537,"INSTRUMENT CONTROL (not a lever): det_threshold 0.96875->0.999, 28% of nodes and edges removed. Local placeholder score 0.8907->0.8816. Tests whether the public LB responds at all after three submissions returned identical 0.915."
15,2026-08-22 20:11:34,0.912,0.896,55698581,"P3 + loose-propose/strict-filter divisions, ported from public 0.923 (kimi-notebook-v17): SAFE_DIV gates 4.66/8.5/7.65 -> 12/15/10, DEEPCENTER_SAFE_DIV_VETO 0->1 (discriminator already in our wrapper, was disabled), BIDIRECTIONAL_EDGE_WEIGHT 0.20->0.30. Veto filtered 8,288 candidates -> 455 divisions. Local 0.8909 vs P3 0.8907. Audit PASS 10/10."
16,2026-08-24 21:13:47,0.925,0.904,55753516,p9 coupled division
17,2026-08-25 10:51:06,0.906,0.893,55768476,p15 fork-free diagnostic: OUTPUT_SAFE_DIVISIONS=0 on P9; returns pure adj_edge
18,2026-08-25 10:51:17,0.922,0.907,55768483,p16 detection threshold 0.96875 -> 0.90; +2.73% nodes; everything else identical to P9
19,2026-08-25 11:42:36,0.924,0.906,55769398,p17 detection threshold 0.96875 -> 0.94; +1.83% nodes; pairs with p16 for slope
20,2026-08-27 00:36:41,0.925,0.903,55806155,P22 sdw0.60 one-factor A/B on P9 (EXP-0023)
21,2026-08-27 14:20:18,0.928,0.906,55820202,p24_deepcenter_best_veto: LEVER-0024 env-only A/B on the P9 champion: the public 0.927 lineage's DeepCenter bundle - the epoch-2 best.pt checkpoint (P10's selector) PLUS the safe-divisio
22,2026-08-27 21:58:16,0.914,0.896,55827508,"p27: P24 DeepCenter best.pt+veto bundle (0.928 winner) + icom float re-localisation, stacked on P9 champion (EXP-0029, band 0.927-0.931, falsifier <=0.928). Our integer-audit false-positives on the intentional float coords (FACT-0336: floats scorer-legal); coords verified finite and in-bounds."
23,2026-08-29 16:59:07,0.931,0.906,55871868,"PKT-0028 bridge: exact public-0.931 configuration, verbatim, band 0.925-0.932"
24,2026-08-30 10:50:58,0.932,0.908,55888865,"PREREGISTERED before build (PKT-0039/LEVER-0042, EXP-0042). Treatment = released public-0.931 base, exactly ONE component exchanged: DeepCenter best.pt epoch 2 + safe-div veto ON (P24 bundle, FACT-0341). Nothing else - no threshold, candidate, rescue or stacking change. CENTRAL 0.931 (low band promoted; naive 0.934 rejected). BAND 0.927-0.935. FALSIFIER: at or below 0.931. One submission only; lane ends either way."
25,2026-08-31 12:39:40,0.932,0.908,55915569,"PREREGISTERED PKT-0045 @ git 77e41ca, before the artifact existed. P35 champion, EXACTLY ONE env change: MOTION_RELINK_LEARNED_BONUS 1.0->2.0; the rest is passive atomic-write/heartbeat instrumentation. CENTRAL 0.932, BAND 0.928-0.938. FALSIFIER: <=0.930 kills the tested global b2 amplification on the hidden substrate; >=0.935 positive transfer for THIS SETTING; 0.931-0.934 UNINFORMATIVE, declared in advance, licenses nothing. Look 1 of 2. Offline: fold0 +0.00266 ci[+0.0008,+0.0052], fold1 -0.00016 ns, fold0 divJ -0.0032 DISCLOSED."
26,2026-09-06 07:26:12,0.496,0.477,56049728,Biohub-X A0 untrained baseline; SUBMISSION-BASELINE-01
27,2026-09-13 07:33:35,0.947,0.914,56202098,"repro of sjlee101/biohub-lf-dctta v1, byte-identical, T4-pinned"
28,2026-09-13 11:14:33,0.947,0.914,56205639,EXP-19: drop 0.15*sister from the division ranker (their AUC 0.776 -> parent_dist alone 0.806)
29,2026-09-14 07:55:54,0.946,0.914,56225677,"EXP-33: extended PP_CANDIDATES; sweep selected combo(tight55+vel025+tight50relax9), proxy 0.9511 -> 0.9524"
30,2026-09-14 13:08:24,0.947,0.913,56231613,"OUTPUT_MIN_TRACK_LEN 6->9. Local score on the four REAL test movies vs released annotations 0.89638 vs baseline 0.89319 (+0.0032). Gain is pure multiplier: N_pred falls on all four (6bba_05db0fb1 70,284->68,565), edgeJ moves cancel. Their 8-train-stem proxy says -0.0021 but weights embryos evenly where the real score is 95.4% 6bba."
31,2026-09-14 17:08:20,0.946,0.913,56235959,"ppgrid extended PP grid + OUTPUT_MIN_TRACK_LEN=9. Local score on the four real test movies 0.90143 vs baseline 0.89319 (+0.0082), super-additive over minlen9 alone (+0.0032) and ppgrid alone (+0.0031). In-kernel sweep re-selected combo(tight55+vel025) because minlen9 changed its landscape. All four stems improved; 44b6_0b24845f edgeJ 0.9412->0.9800."
32,2026-09-19 12:25:22,0.945,0.913,56358699,s05: BIOHUB_OUTPUT_MOTION_RELINK=0 (one added line vs the 0.947 base). In-kernel validator on 8 held-out train films: proxy 0.9715 vs 0.9491 unmodified (+0.0224); adj_edge 0.9407 vs 0.9260; divJ 0.3077 vs 0.2308 (4/1/8 vs 3/1/9). Local harness predicted +0.0295.
33,2026-09-19 15:27:25,0.944,0.910,56363642,"s10: OUTPUT_LINEFIT_WEIGHT 0.8->0.6 on s05 (one added line). First change selected under the both-sets rule: +0.00471 on the 4 scored films, +0.00338 on the 8 validator films, +0.00136 on a 199-film rebuild tier; plateau 0.4-0.6 on all three. In-kernel validator 0.9735753 vs s05 0.9715060 (+0.00207), divJ unchanged 4/1/8, gain is 3 recovered fragmented edges. Pure edge axis, ratio identical across all weights."
34,2026-09-19 15:27:33,0.946,0.913,56363644,"s08: gap2 recovery moved AFTER safe-division repair, on s05 (pure statement permutation, AST-proven). INSTRUMENT TEST, pre-registered: predicted to score THE SAME as s05, because the 4 scored films have no recoverable division (ledger 0/6/3, divJ=0 in every arm) even though the 8 validator films gain +0.00803 in-kernel. If s08 differs materially from s05 here, the scored-film measurement now driving every decision is wrong."
